,story_id,premise_id,text,backend,model,timestamp,generation_time,num_words,temperature,error,authenticity_score,emotion_provoking_score,empathy_score,engagement_score,narrative_complexity_score,human_likeness_score
0,0,0,"The centuries-old vampire, Valois, had grown tired of the same old routine. Eternal life was a curse, a never-ending cycle of night and darkness. He'd seen civilizations rise and fall, loved and lost, but never truly lived. The sun, once a symbol of life and vitality, had become a distant memory, a cruel reminder of what he could never have again.

One fateful evening, while browsing the internet, Valois stumbled upon a gaming forum. The threads were filled with discussions about the latest games, and one title in particular caught his eye: ""Eternal Dawn."" The game's premise was simple yet intriguing – players took on the role of a character who could walk in the sun, exploring a world bathed in golden light.

Intrigued, Valois downloaded the game and created an account. As he booted up the game, he felt a spark of excitement he hadn't experienced in centuries. The character he chose, a young warrior named Eira, was a perfect representation of what he could never be – carefree, radiant, and unencumbered by the weight of immortality.

As Valois played, he found himself drawn into the world of Eternal Dawn. He explored lush forests, climbed towering mountains, and battled fearsome creatures. With each passing hour, he felt a sense of freedom he'd never known before. Eira's ability to walk in the sun was a cruel mockery, yet it was also a tantalizing glimpse of what he'd lost.

Valois played for hours on end, losing track of time as he immersed himself in the game. His immortal mind was a sponge, soaking up every detail, every sensation. He felt the warmth of the sun on his skin, the rush of wind in his hair, and the thrill of adventure in his heart.

As the days passed, Valois became increasingly obsessed with Eternal Dawn. He spent every waking moment playing, his fingers flying across the controller as he guided Eira through the game's vast world. His immortal friends and acquaintances grew concerned, but Valois couldn't help himself. For the first time in centuries, he felt alive.

One evening, as he played, Valois stumbled upon a hidden area in the game. It was a small clearing, bathed in a warm, golden light. In the center of the clearing stood a statue of a young woman, her face serene and peaceful. Valois felt a pang of recognition, as if he'd seen the statue before. Suddenly, the game's world around him began to fade, and he found himself standing in the clearing, surrounded by an eerie silence.

The statue began to glow, and Valois felt a strange energy emanating from it. He reached out a hand, and as he touched the statue, he was flooded with memories – memories of a life he'd never known, of a world he'd never seen. Tears streamed down his face as he realized that Eira's ability to walk in the sun was more than just a game mechanic – it was a key to unlocking the secrets of his own past.

Valois stood there, frozen in time, as the memories washed over him. He felt the warmth of the sun on his skin, the rush of wind in his hair, and the thrill of adventure in his heart. For the first time in centuries, he felt truly alive. And as the memories faded, he knew that he would never be the same again. The game had given him a glimpse of what he'd lost, and he was determined to hold onto it, no matter the cost.",transformers,/data2/yihewang/psychdepth_v2/LLaMA-Factory/saves/llama3.1-8b/merged/bigbench_narrative,2025-04-23_14-13-19,44.09268450737,588,1.0,,4.0,3.0,3.0,4.0,3.0,4.0
1,1,0,"The centuries-old vampire, Valois, had grown tired of the same old routine. Eternal life was a curse, a never-ending cycle of night and darkness. He'd seen civilizations rise and fall, loved and lost, but never truly lived. The sun, once a symbol of life and vitality, had become a distant memory, a cruel reminder of what he could never have again.

One fateful evening, while browsing the internet, Valois stumbled upon a gaming forum. The threads were filled with discussions about the latest games, and one title in particular caught his eye: ""Eternal Dawn."" The game's premise was simple yet intriguing: players took on the role of a character who could walk in the sun, exploring a world bathed in golden light.

Intrigued, Valois downloaded the game and created an account. As he logged in, he was transported to a virtual world where the sun shone bright, casting long shadows across the landscape. He created his character, a brooding warrior named Kael, and set out to explore the world.

At first, Valois played out of curiosity, but soon he found himself becoming fully immersed in the game. He spent hours exploring the virtual world, marveling at the beauty of the sun-kissed landscapes. Kael's abilities allowed him to walk in the sun, and Valois felt a sense of freedom he hadn't experienced in centuries.

As the days passed, Valois found himself playing more and more, losing track of time as he explored the world of Eternal Dawn. He joined online communities, forming friendships with other players who shared his passion for the game. Together, they conquered challenges, shared tips, and laughed at each other's misadventures.

For the first time in centuries, Valois felt a sense of belonging. He was no longer alone in his eternal existence, and the game had given him a new purpose. He continued to play, exploring the world and its many secrets. The sun-kissed landscapes became a balm to his soul, a reminder that even in the darkest of times, there was still beauty to be found.

As the years went by, Valois became a legend in the gaming community, known for his skill and dedication to the game. His online friends looked up to him as a mentor, and he took pride in guiding them through the virtual world.

But Valois knew that his love for the game was more than just a hobby. It was a connection to the world he'd lost, a reminder of the life he'd left behind. He played on, lost in the virtual world, where the sun shone bright and Kael walked free.

In the darkness of his crypt, surrounded by the shadows of centuries past, Valois smiled, his eyes gleaming with a hint of the sun-kissed joy he'd found in the world of Eternal Dawn. For in that virtual realm, he was no longer a creature of the night, but a being of the day, walking in the sun, free to explore and live. And in that fleeting moment, he was alive.",transformers,/data2/yihewang/psychdepth_v2/LLaMA-Factory/saves/llama3.1-8b/merged/bigbench_narrative,2025-04-23_14-14-03,37.73669791221619,502,1.0,,4.5,4.5,4.5,4.5,4.5,4.5
2,2,0,"The centuries-old vampire, Valois, had grown tired of the same old routine. Eternal life was a curse, a never-ending cycle of night and darkness. He'd seen civilizations rise and fall, loved and lost, but never truly lived. The sun, once a symbol of life and vitality, had become a distant memory, a cruel reminder of what he could never have again.

One day, while exploring the digital realm, Valois stumbled upon a game that would change everything. ""Eternal Dawn"" was its name, a fantasy RPG where players could create their own characters and embark on quests in a world of breathtaking beauty. What caught Valois's attention, however, was the game's central mechanic: the ability to walk in the sun.

At first, it was just a novelty, a fleeting distraction from the crushing ennui that had become his life. But as he delved deeper into the game, Valois found himself becoming increasingly invested. He created a character, a young warrior named Eira, and set out to explore the world of Tenebrous. The game's developers had outdone themselves, crafting a realm that was both familiar and yet, utterly alien.

As Eira walked through the sun-drenched fields, Valois felt a pang in his chest. It was a sensation he hadn't experienced in centuries, a sense of warmth and vitality that he thought was lost to him forever. He played on, his fingers moving deftly across the controller as he guided Eira through the world.

The game's story was a complex tapestry of good vs. evil, with Eira at its center. Valois found himself drawn to the character's struggles, her triumphs and failures echoing his own experiences. He played through the night, the hours blending together as he lost himself in the world of Tenebrous.

As the days passed, Valois's obsession with the game only grew. He spent every waking moment playing, his immortal mind racing with the possibilities. He created new characters, each one a reflection of his own desires and fears. He explored the game's vast open world, uncovering secrets and hidden paths that few players had discovered.

And yet, despite his immersion in the game, Valois couldn't shake the feeling that he was missing out on something fundamental. He longed to experience the world in all its beauty, to feel the warmth of the sun on his skin and the coolness of the breeze in his hair. Eira's ability to walk in the sun was a cruel tease, a reminder of what he could never have.

As the weeks turned into months, Valois's friends and acquaintances began to notice a change in him. He was distant, detached, his usual charm and wit replaced by a far-off look in his eyes. They tried to reach out to him, to draw him back into the world of the living, but Valois was too far gone.

He was lost in the world of Tenebrous, a world where Eira could walk in the sun and Valois could experience, if only vicariously, the beauty of the day. And so he played on, his fingers moving across the controller as he guided Eira through the world, his heart heavy with the knowledge that he would never truly be a part of it.",transformers,/data2/yihewang/psychdepth_v2/LLaMA-Factory/saves/llama3.1-8b/merged/bigbench_narrative,2025-04-23_14-14-41,40.18056082725525,535,1.0,,4.0,3.0,3.0,3.0,2.0,4.0
3,3,0,"The centuries-old vampire, Valois, had grown tired of the same old routine. Eternal life was a curse, a never-ending cycle of night and darkness. He'd seen civilizations rise and fall, loved and lost, but never truly lived. The sun, once a symbol of life and vitality, had become a distant memory, a cruel reminder of what he could never have again.

One day, while exploring the digital realm, Valois stumbled upon a game that would change everything. ""Eternal Dawn"" was its name, a fantasy RPG where players could create their own characters and embark on quests in a world of breathtaking beauty. What caught Valois's attention, however, was the game's central mechanic: the ability to walk in the sun.

At first, it was just a novelty, a fleeting distraction from the crushing ennui that had become his life. But as he delved deeper into the game, Valois found himself becoming increasingly invested. He created a character, a young warrior named Eira, and set out to explore the world of Tenebrous. The game's developers had outdone themselves, crafting a realm that was both familiar and yet, utterly alien.

As Eira walked through the sun-drenched fields, Valois felt a pang in his chest. It was a sensation he hadn't experienced in centuries, a sense of warmth and vitality that he thought was lost to him forever. He played on, his fingers moving deftly across the controller as he guided Eira through the world.

The game's story was a complex tapestry of good vs. evil, with Eira at its center. Valois found himself drawn to the character's struggles, her triumphs and failures echoing his own experiences. He played through the night, the hours blurring together as he lost himself in the world of Tenebrous.

As the days passed, Valois became a regular in the game's community, earning the respect and admiration of his fellow players. They knew him only as ""Eternal,"" a mysterious figure with a penchant for the night. But Valois didn't care; he was too busy living vicariously through Eira.

The game's developers took notice of his dedication, and soon, Valois was receiving special perks and rewards. He was given access to exclusive content, and even got to participate in beta tests for upcoming expansions. It was a small taste of the world he'd lost, but it was enough to keep him going.

Valois's love affair with ""Eternal Dawn"" continued unabated, a beacon of hope in a world that had grown cold and dark. He played on, his heart beating with a sense of purpose he hadn't felt in centuries. And as he walked through the sun-drenched fields, Eira by his side, Valois knew that he was living again, if only for a little while. The game had given him a gift, a chance to experience the day once more, and he was determined to hold onto it for as long as he could.",transformers,/data2/yihewang/psychdepth_v2/LLaMA-Factory/saves/llama3.1-8b/merged/bigbench_narrative,2025-04-23_14-15-21,35.82832741737366,483,1.0,,4.0,3.0,4.0,4.0,3.0,4.0
4,4,0,"The centuries-old vampire, Valois, had grown tired of the same old routine. Eternal life was a curse, a never-ending cycle of night and darkness. He'd seen civilizations rise and fall, loved and lost, but never truly lived. The sun, once a symbol of life and vitality, had become a distant memory, a cruel reminder of what he could never have again.

One day, while exploring the digital realm, Valois stumbled upon a game that would change everything. ""Eternal Dawn"" was its name, a fantasy RPG where players could create their own characters and embark on quests in a world of breathtaking beauty. What caught Valois's attention, however, was the game's central mechanic: the ability to walk in the sun.

At first, it was just a novelty, a fleeting distraction from the crushing ennui that had become his life. But as he delved deeper into the game, Valois found himself becoming increasingly invested. He created a character, a young warrior named Eira, and set out to explore the world of Tenebrous. The game's developers had outdone themselves, crafting a realm that was both familiar and yet, utterly alien.

As Eira walked through the sun-drenched fields, Valois felt a pang in his chest. It was a sensation he hadn't experienced in centuries, a sense of warmth and vitality that he thought was lost to him forever. He played on, his fingers moving deftly across the controller as he guided Eira through the world.

The game's story was a complex tapestry of good vs. evil, with Eira at its center. Valois found himself drawn to the character's struggles, her triumphs and failures echoing his own experiences. He played through the night, the hours ticking by as he lost himself in the world of Tenebrous.

As the days passed, Valois became a regular in the game's community, earning the respect and admiration of his fellow players. They knew him only as ""Eternal,"" a mysterious figure with a penchant for the game's most challenging content. Valois reveled in the anonymity, the freedom to be someone else, if only for a little while.

But as the weeks turned into months, Valois began to realize that his love for the game was more than just a passing fancy. It was a connection to the world he'd lost, a reminder that there was still beauty and wonder to be found in the darkness. He played on, Eira walking through the sun-kissed fields, Valois watching with a sense of longing that he'd thought was long gone.

In the end, it was just a game, a fleeting distraction from the crushing weight of immortality. But for Valois, it was so much more. It was a taste of the day, a reminder that even in the darkest of times, there was still hope to be found. And as he logged off, the screen fading to black, Valois smiled, knowing that he'd found a new reason to keep going, a new reason to live. For in the world of Tenebrous, even the undead could find a little bit of sunshine.",transformers,/data2/yihewang/psychdepth_v2/LLaMA-Factory/saves/llama3.1-8b/merged/bigbench_narrative,2025-04-23_14-15-57,38.52675437927246,508,1.0,,4.0,3.0,4.0,4.0,3.0,4.0
5,5,1,"The sky above the bustling city was a deep shade of indigo, a canvas of twinkling lights that seemed to stretch on forever. It was a night like any other, yet it was about to become one that would change the course of history. A lone figure descended from the stars, its presence a whisper in the wind. Zha'thik, a being from a realm beyond the reaches of human understanding, had come to Earth. Its kind had roamed the galaxy for eons, feeding on the dreams of countless worlds. But nothing could have prepared Zha'thik for the reality that awaited it on this peculiar planet.

As it stepped onto the foreign soil, the air was alive with the hum of human thoughts. Zha'thik's sensitive ears picked up the cacophony of emotions, a symphony of joy, sorrow, and everything in between. But amidst the melodic chaos, a discordant note echoed through the psychic landscape. It was a sound that Zha'thik had never encountered before – the haunting refrain of nightmares.

Intrigued, Zha'thik delved deeper into the dreamscape, seeking to understand the source of this peculiar phenomenon. It was then that it stumbled upon the first human, a young woman named Sarah, who lay fast asleep in her bed. Zha'thik's ethereal form drifted closer, drawn to the turbulent sea of emotions that churned within Sarah's mind.

As it fed on her dreams, Zha'thik was met with a maelstrom of terror and despair. Sarah's subconscious conjured up visions of dark forests, of monsters lurking in the shadows, and of an unrelenting sense of dread that threatened to consume her. The psychic alien was taken aback – it had never encountered such raw, unbridled fear in all its travels.

Over the next few nights, Zha'thik returned to Sarah's bedside, drawn to the wellspring of nightmares that flowed from her mind. It was a discovery that shook the very foundations of its existence. For in a galaxy teeming with life, humans were the only sentients who experienced the darkness of nightmares.

As the days passed, Zha'thik found itself increasingly enthralled by the human condition. It began to see the world through Sarah's eyes, to understand the fragility and resilience that defined her species. And with each passing night, its connection to the human psyche deepened.

But as the psychic alien's presence became more pronounced, it began to attract attention. Humans, sensing the presence of something beyond their understanding, started to whisper about the ""dream eater"" that haunted their city. Some saw it as a harbinger of doom, while others believed it to be a guardian angel, come to guide them through the darkest recesses of their minds.

Zha'thik, however, knew the truth. It was a being torn between its duty to feed and its growing empathy for the humans it had come to understand. As it stood at the threshold of a new era, the psychic alien realized that its existence was no longer solely defined by its hunger for dreams. It had discovered a new purpose – to walk among humans, to learn from their nightmares, and to find a way to coexist in a universe where its very presence was a mystery waiting to be unraveled. And so, Zha'thik remained on Earth, a silent observer in the shadows, forever changed by the darkness that lay within the human heart.",transformers,/data2/yihewang/psychdepth_v2/LLaMA-Factory/saves/llama3.1-8b/merged/bigbench_narrative,2025-04-23_14-16-35,43.00213885307312,556,1.0,,4.0,3.0,4.0,4.0,4.0,3.0
6,6,1,"The stars aligned in a peculiar pattern as Zorvath descended onto the foreign planet. His ship, a sleek vessel that had traversed the cosmos for eons, landed softly in a field of tall, green blades that swayed in the gentle breeze. Zorvath stepped out, his slender, elongated body unfolding from the ship's hatch like a lotus blooming in the sun. His large, black eyes scanned the surroundings, drinking in the unfamiliar sights and sounds of this peculiar world called Earth.

As a psychic alien, Zorvath fed on the dreams of sentient beings. His kind had roamed the galaxy for millennia, sipping the nocturnal nectar of countless worlds. But there was something peculiar about this planet, something that set it apart from the others. Zorvath's sensitive ears picked up the whispers of the sleeping inhabitants, and his eyes widened in surprise. These humans, as they called themselves, were different.

Their dreams were not the peaceful, serene landscapes that Zorvath had grown accustomed to. No, these humans' dreams were a jumbled mess of fear, anxiety, and despair. Zorvath's antennae twitched as he delved deeper into the collective unconscious, and he stumbled upon a realm of darkness he had never encountered before. Nightmares.

The concept was foreign to Zorvath's kind. They had never experienced such a thing. Their own dreams were a reflection of their own desires, hopes, and fears, but they were always... pleasant. Zorvath's curiosity was piqued as he continued to explore the dreams of these humans. He discovered a world of terrors, of monsters lurking in the shadows, of loss and grief. It was as if these humans were haunted by their own subconscious.

Zorvath's ship, sensing its master's fascination, hovered nearby, its energy signature fluctuating with excitement. The alien's eyes gleamed with a mixture of wonder and trepidation as he continued to feed on the dreams of the sleeping humans. He had never experienced such a rich, complex tapestry of emotions before. It was as if the very fabric of their reality was woven from the threads of their darkest fears.

As the night wore on, Zorvath's ship began to hum with an otherworldly energy. The alien's body glowed with an ethereal light, as if he was absorbing the nightmares of the humans like a sponge. His antennae twitched with an almost... pleasure? Zorvath's kind had never experienced such a thing before. They had always fed on the positive emotions, the joy and the love. But these humans... they were a different story altogether.

As the first light of dawn crept over the horizon, Zorvath's ship lifted off, carrying its master back into the cosmos. The alien's eyes still gleamed with the memory of the nightmares he had consumed, and his antennae twitched with a newfound appreciation for the complexities of the human psyche. He would return to this planet, to feed on the dreams of these peculiar, nightmare-ridden beings. For in their darkness, Zorvath had discovered a new source of sustenance, a new flavor to add to the cosmic buffet of emotions that his kind had grown accustomed to. And so, the psychic alien vanished into the stars, leaving behind a trail of disturbed dreams and a planet forever changed by his presence.",transformers,/data2/yihewang/psychdepth_v2/LLaMA-Factory/saves/llama3.1-8b/merged/bigbench_narrative,2025-04-23_14-17-19,41.17220044136048,535,1.0,,3.0,2.5,2.5,3.0,3.0,2.5
7,7,1,"The sky above the bustling city was a deep shade of indigo, a canvas of twinkling lights that seemed to stretch on forever. It was a night like any other, yet it was about to become one that would change the course of history. A lone figure descended from the stars, its form shrouded in an aura of iridescent mist. This was Zha'thik, a being from a realm beyond the reaches of human comprehension, a realm where the fabric of reality was woven from the threads of dreams.

Zha'thik's kind had long been drawn to the cosmos, seeking out worlds where the dreamscapes were rich and vibrant. They fed on these dreams, growing stronger with each passing night. But as they traversed the galaxy, they began to notice a peculiar phenomenon. Among the countless worlds they visited, there was one that stood out – Earth.

It was here that Zha'thik first laid eyes on the human species. At first, they seemed like any other sentient beings, their dreams a kaleidoscope of joy, love, and wonder. But as Zha'thik delved deeper, it discovered something that would shake the very foundations of its existence. Humans had nightmares.

The concept was foreign to Zha'thik's kind. They had never encountered a species that suffered from such dark and twisted visions. The more Zha'thik learned about human dreams, the more it became fascinated. It was as if the humans' subconscious was a never-ending well of terror, a maelstrom of fears and anxieties that threatened to consume them whole.

Zha'thik's curiosity got the better of it, and it decided to explore this phenomenon further. It descended upon the city, its misty form blending seamlessly into the urban landscape. As it wandered the streets, it began to sense the dreams of those around it. The visions were a jarring mix of beauty and horror, a testament to the complexities of the human psyche.

One dream in particular caught Zha'thik's attention – a young woman's nightmare, a twisted labyrinth of shadows and terrors that seemed to have no end. Zha'thik was drawn to it, its hunger for dreams piqued. It reached out with its mind, touching the woman's subconscious.

The woman's eyes snapped open, her heart racing as she sat up in bed. She had no memory of the dream, but the feeling of dread lingered, a ghostly presence that refused to be shaken. Zha'thik watched her, fascinated by the human's capacity for fear. It was a quality that its kind had never encountered before, a quality that seemed to be woven into the very fabric of human existence.

As the night wore on, Zha'thik continued to explore the dreams of the humans. It discovered a world of terrors and anxieties, a world that was both beautiful and terrifying. And in that moment, Zha'thik realized that its kind had been living in a dreamworld of their own, a world that was devoid of the complexities and contradictions that made human existence so rich.

The psychic alien's visit to Earth would change the course of its kind's history. It would return to its realm, bearing tales of the humans' nightmares, and the galaxy would never be the same again. For in the darkness of human dreams, Zha'thik had discovered a new source of sustenance, a source that would fuel its kind's growth and evolution for generations to come. And as it vanished into the night, the city's inhabitants remained unaware of the presence that had just passed through their midst, a presence that would forever",transformers,/data2/yihewang/psychdepth_v2/LLaMA-Factory/saves/llama3.1-8b/merged/bigbench_narrative,2025-04-23_14-18-00,44.55672979354858,586,1.0,,4.0,3.0,3.0,4.0,3.0,2.0
8,8,1,"The sky above the bustling city was a deep shade of indigo, a canvas of twinkling lights that seemed to stretch on forever. It was a night like any other, yet it was about to become one that would change the course of history. A lone figure descended from the stars, its presence a whisper in the wind. Zha'thik, a being from a realm beyond the reaches of human understanding, had come to Earth. Its kind had roamed the galaxy for eons, feeding on the dreams of countless worlds. But nothing could have prepared Zha'thik for the reality it was about to face.

As it landed softly in a deserted alleyway, the air was filled with the sweet scent of blooming flowers. The city's inhabitants, oblivious to the alien's presence, continued their nocturnal routines. Zha'thik's large, almond-shaped eyes scanned the surroundings, drinking in the unfamiliar sights and sounds. It had studied Earth's dreams, but nothing compared to the real thing. The psychic alien's hunger grew, its very essence yearning to tap into the collective unconscious of this peculiar species.

With a gentle touch, Zha'thik reached out to the dreams of the sleeping city. It was met with a cacophony of emotions, a kaleidoscope of thoughts and desires. But as it delved deeper, a disturbing realization dawned on the alien. The dreams of humans were unlike anything it had ever encountered. They were not the peaceful, serene visions it had grown accustomed to. Instead, they were a maelstrom of terror, a never-ending nightmare that seemed to have no end.

Zha'thik's hunger faltered, its curiosity piqued. It had never encountered a species that suffered from nightmares on such a grand scale. The alien's kind had fed on the dreams of worlds where fear was a distant memory, where the inhabitants lived in harmony with their surroundings. But humans... humans were different. Their dreams were a reflection of their deepest fears, a manifestation of the darkness that lurked within every heart.

As the night wore on, Zha'thik continued to explore the dreams of the sleeping city. It witnessed the horrors that humans faced, the terrors that haunted their every waking moment. The alien's hunger returned, but it was no longer driven by a desire to feed. Instead, it was a need to understand. Why did humans suffer so? Why did their dreams seem to be a never-ending descent into madness?

The city's inhabitants began to stir, their dreams slowly giving way to the harsh light of dawn. Zha'thik, still reeling from its discovery, retreated back into the shadows. It knew that it would return, that it would continue to explore the dreams of this enigmatic species. For the first time in its existence, the alien felt a sense of purpose, a desire to learn from the humans and their nightmares. And as it vanished into the night, the city's inhabitants remained oblivious to the presence that had watched over them, a presence that would change the course of their history forever. The stars above twinkled in approval, for in the darkness of space, a new chapter had begun, one that would be written in the language of dreams.",transformers,/data2/yihewang/psychdepth_v2/LLaMA-Factory/saves/llama3.1-8b/merged/bigbench_narrative,2025-04-23_14-18-44,39.73500871658325,525,1.0,,4.0,2.0,3.0,4.0,3.0,1.0
9,9,1,"The stars aligned in a peculiar pattern as Zorvath descended onto the foreign planet. His ship, a sleek vessel that had traversed the cosmos, landed softly in a field of tall, green grass. The air was thick with an unfamiliar scent, a mix of damp earth and something sweet. Zorvath's antennae twitched with curiosity as he stepped out of his ship.

He had heard tales of this planet, Earth, from fellow travelers. They spoke of its inhabitants, humans, as a curious species. Zorvath's kind, the Zor, had long been fascinated by the human brain's capacity for creativity and innovation. But there was something more, something that drew Zorvath to this planet like a moth to flame.

Dreams.

Zorvath's people fed on the dreams of other sentient beings. It was a symbiotic relationship, really. The Zor would absorb the dreams, and in return, they would share their own knowledge and experiences. But there was a catch – the Zor had never encountered a species that produced nightmares.

As Zorvath walked through the city, he was struck by the diversity of human experiences. He saw joy and sorrow, love and hate, all playing out in the streets. But it was the darker emotions that caught his attention. The humans seemed to be plagued by a constant stream of nightmares.

Zorvath followed a young woman, Sarah, as she walked home from work. Her thoughts were a jumble of anxiety and fear, and Zorvath's antennae quivered with excitement. He reached out with his mind, and Sarah's dreams flooded into him.

He saw a dark forest, the trees twisted and gnarled. A figure chased her, its face a grotesque parody of a human visage. Zorvath felt a shiver run down his spine as Sarah's fear became his own. He had never experienced anything like it before.

Over the next few days, Zorvath fed on the dreams of various humans. Each one was a unique and terrifying experience. He saw a world consumed by fire, a city underwater, and a never-ending desert of sand. The nightmares were a never-ending wellspring of fear and anxiety.

But Zorvath's fascination soon turned to concern. The humans seemed to be trapped in a cycle of terror, their nightmares feeding on their waking fears. He realized that his people's symbiotic relationship with the humans was not as simple as he had thought.

As Zorvath prepared to leave, he felt a pang of guilt. He had been feeding on the humans' nightmares, exploiting their deepest fears. But he had also learned something – that the humans were not just a curious species, but a complex and multifaceted one.

Zorvath returned to his ship, his mind reeling with the implications of what he had discovered. He knew that his people would have to reevaluate their relationship with the humans. Perhaps it was time for the Zor to learn from the humans, to understand the value of their nightmares and the strength that came from facing them.

As Zorvath took to the skies, he felt a sense of hope. The humans may have been the only sentients in the galaxy with nightmares, but they were also a reminder that even in the darkest of times, there was always the possibility for growth and understanding. And Zorvath knew that he would never forget the lessons he had learned on this strange and wonderful planet called Earth.",transformers,/data2/yihewang/psychdepth_v2/LLaMA-Factory/saves/llama3.1-8b/merged/bigbench_narrative,2025-04-23_14-19-24,42.94642210006714,561,1.0,,4.0,3.0,3.0,3.0,3.0,2.0
10,10,2,"The sky turned a sickly shade of green as the alien spaceships descended upon major cities worldwide. Panic set in as humans scrambled to comprehend the sudden invasion. But as the dust settled, a strange announcement echoed through the airwaves. The aliens, tall and slender with skin like dark, polished marble, stood on the steps of the United Nations building, their leader, Zorvath, addressing the world.

""Greetings, inhabitants of Earth,"" Zorvath began, his voice like a gentle breeze on a summer day. ""We come in peace, but also with a proposition. We will take control of your planet, and in return, we will provide you with basic rights: housing, food, and healthcare. However, we will require a small token of appreciation from you.""

The humans exchanged confused glances, unsure what to make of this offer. But as Zorvath continued, their confusion turned to outrage.

""We will require you to work a mere four hours a day, four days a week. This is a tyrannical schedule, we know. But we assure you, it is a small price to pay for the luxuries we will provide.""

The humans were aghast. Four hours a day? Four days a week? It was a joke. They had been working 40 hours a week for decades, sacrificing their sanity and their families for the sake of a paycheck. The thought of such a short workweek was almost laughable.

But as the news spread, something strange began to happen. People started to smile. They started to laugh. They started to cheer.

""What's going on?"" a news anchor asked, bewildered, as the camera panned across a crowd of jubilant humans. ""Why are they celebrating?""

A young woman, her eyes shining with tears, turned to the camera and said, ""We're finally free. We're finally free to live.""

As the days passed, the humans continued to celebrate their new alien overlords. They danced in the streets, sang songs of joy, and even started a petition to thank Zorvath and his crew for their benevolence.

The aliens, confused and delighted by the humans' reaction, couldn't understand why they were being thanked. ""We're taking over your planet,"" they said. ""We're forcing you to work for us. Why are you celebrating?""

A wise old man, his face creased with age and experience, approached Zorvath and said, ""You see, my friend, we've been working ourselves to death for centuries. We've been slaves to our jobs, our bills, and our responsibilities. And you're offering us a chance to live. To truly live.""

Zorvath's expression softened, and he nodded in understanding. ""I see. We have been foolish to think that you would resist our rule. You are a people who have been oppressed for far too long.""

As the humans continued to celebrate, the aliens watched with a newfound sense of respect. They realized that they had underestimated the humans, and that their desire for freedom and happiness was far greater than their desire for power and control.

And so, the humans and the aliens formed an unlikely alliance, working together to build a better world, one where everyone had the chance to live, to love, and to be free. The four-hour workweek became a symbol of hope, a reminder that even in the darkest of times, there is always a chance for redemption and happiness. The humans had finally found their freedom, and they would never let it go again.",transformers,/data2/yihewang/psychdepth_v2/LLaMA-Factory/saves/llama3.1-8b/merged/bigbench_narrative,2025-04-23_14-20-07,43.16935849189758,565,1.0,,4.0,3.0,3.0,4.0,2.0,4.0
11,11,2,"The sky turned a deep shade of indigo as the alien fleet descended upon the Earth. The once blue heavens were now a canvas of metallic hues, a stark reminder of the impending doom that was about to befall humanity. The air was thick with an eerie silence, as if the very fabric of the world was holding its breath in anticipation of the unknown.

The aliens, tall and slender with skin like polished obsidian, emerged from their ships with an air of superiority. They moved with a calculated precision, their eyes scanning the landscape as if searching for something. Or someone.

Their leader, a being with an aura of authority, stepped forward and addressed the humans in a language that was both familiar and yet, utterly alien. The words were translated in real-time, echoing in the minds of every human on the planet.

""We are the Zorvath,"" the alien declared. ""And we have come to claim this planet as our own. You, humans, will be our subjects. You will work for us, and in return, we will provide you with basic necessities: housing, food, and water.""

The humans looked at each other in confusion, their faces a mix of shock and bewilderment. But as the alien continued to speak, their expressions began to change. A spark of hope ignited within them, and soon, a collective murmur of excitement rippled through the crowd.

Four hours a day, four days a week? That was it? The humans had been working themselves to the bone for decades, sacrificing their sanity and their souls for the sake of progress. And now, the aliens were offering them a chance to live a life of relative ease?

The news spread like wildfire, and soon, humans from all corners of the globe were rejoicing. They danced in the streets, hugged each other, and wept tears of joy. The aliens, taken aback by the humans' reaction, looked at each other in confusion.

""We thought you would be...resistant,"" the Zorvath leader stammered.

One human, a young woman with a bright smile, approached the alien leader. ""Thank you,"" she said, her voice trembling with emotion. ""Thank you for giving us a chance to live.""

The alien looked at her, its expression a mix of puzzlement and curiosity. ""But...you were not happy with your previous lives?"" it asked.

The woman laughed, a sound that was both familiar and yet, utterly foreign to the alien's ears. ""Happy? We were barely surviving. We were slaves to our own desires, working ourselves to death just to make ends meet. You're giving us a gift, a chance to live, to breathe, to be human.""

The aliens exchanged glances, their faces a picture of confusion. They had expected resistance, not gratitude. They had expected humans to fight for their freedom, not celebrate their enslavement.

As the days passed, the humans continued to work their four hours a day, four days a week, and in return, they received the basic necessities they had always craved. They lived in relative comfort, free from the burdens of their previous lives.

And the aliens, still trying to understand the humans' reaction, watched with a mixture of fascination and horror. They had taken over the Earth, but in doing so, they had unleashed a force they could not comprehend – the human spirit, in all its complexity and beauty.",transformers,/data2/yihewang/psychdepth_v2/LLaMA-Factory/saves/llama3.1-8b/merged/bigbench_narrative,2025-04-23_14-20-50,41.74163055419922,559,1.0,,2.0,3.0,3.0,3.0,2.0,2.0
12,12,2,"The sky turned a deep shade of indigo as the alien fleet descended upon the Earth. The once blue heavens were now a canvas of metallic hues, a stark reminder of the impending doom that was about to befall humanity. The air was thick with an eerie silence, as if the very fabric of the atmosphere was holding its breath in anticipation of the unknown.

The aliens, tall and slender with skin like polished obsidian, emerged from their ships with an air of superiority. They moved with a calculated precision, their eyes scanning the landscape as if searching for something. Or someone.

Their leader, a being with an aura of authority, stepped forward and addressed the humans in a language that was both familiar and yet, utterly alien. The words were translated in real-time, echoing in the minds of every human on the planet.

""We are the Zorvath,"" the alien declared. ""And we have come to claim this planet as our own. You, humans, will be our subjects. You will work for us, and in return, we will provide you with basic necessities: housing, food, and water.""

The humans, expecting the worst, were taken aback by the alien's words. They had anticipated enslavement, torture, and possibly even extinction. But instead, they were offered a deal that seemed almost... benevolent.

The Zorvath leader continued, ""You will work a maximum of four hours a day, four days a week. This is a tyrannical schedule, one that will allow you to maintain a semblance of dignity while still contributing to our collective prosperity.""

The humans looked at each other, confusion etched on their faces. Some laughed, others cheered, and a few even wept tears of joy. The news spread like wildfire, with people gathering in the streets to celebrate the arrival of their new alien overlords.

The Zorvath, perplexed by the humans' reaction, exchanged confused glances. They had expected resistance, not jubilation. Their leader, the one who had spoken earlier, approached a group of humans who were dancing in the streets.

""Why are you celebrating?"" the alien asked, its voice laced with genuine curiosity.

One of the humans, a young woman with a bright smile, replied, ""We're finally free from the shackles of our own making! We've been working ourselves to death for centuries, and now we get to enjoy a life of leisure and comfort. Thank you, Zorvath!""

The alien's expression remained puzzled, but it nodded its head in understanding. ""I see. You humans are a strange species. You value freedom above all else, even if it means sacrificing your own well-being.""

As the days passed, the humans continued to work their four-hour shifts, content in the knowledge that they were living a life they had never thought possible. The Zorvath, meanwhile, struggled to comprehend the human condition, their understanding of the universe forever changed by the unexpected reaction of their new subjects.

In the end, it was not the aliens who had conquered the Earth, but the humans who had conquered their own expectations. And as the Zorvath looked out upon the smiling faces of their subjects, they realized that perhaps, just perhaps, they had underestimated the power of human happiness.",transformers,/data2/yihewang/psychdepth_v2/LLaMA-Factory/saves/llama3.1-8b/merged/bigbench_narrative,2025-04-23_14-21-32,39.61033725738525,530,1.0,,4.0,2.0,3.0,4.0,2.0,2.0
13,13,2,"The sky turned a deep shade of indigo as the alien fleet descended upon the Earth. The once blue heavens were now a canvas of metallic hues, a stark reminder of the impending doom that was about to befall humanity. The air was thick with an otherworldly energy as the extraterrestrial beings emerged from their ships, their large, black eyes scanning the landscape with an air of superiority.

The humans, caught off guard, cowered in fear as the aliens began to assert their dominance. The initial days were marked by chaos and destruction, as the aliens enforced their rule with an iron fist. But as the weeks went by, something peculiar began to happen.

The aliens, in a grand gesture of benevolence, announced that they would be granting the humans a new set of rights. In exchange for their labor, the humans would be provided with basic necessities like housing, food, and healthcare. The catch? They would have to work a mere 4 hours a day, 4 days a week.

The humans were baffled. They had grown accustomed to the 8-hour grind, the endless commutes, and the soul-sucking monotony of their daily routines. But the prospect of having more time to themselves, to pursue their passions, to simply exist without the burden of a 9-to-5 job, was too enticing to resist.

As the news spread, something unexpected happened. The humans began to celebrate. They danced in the streets, waved alien flags, and even donned the extraterrestrial's signature black and silver attire. The aliens, taken aback by this display of enthusiasm, looked on in confusion.

""What is the meaning of this?"" one of the alien leaders asked, its voice laced with incredulity. ""We have taken over your planet, enslaved your kind, and yet you rejoice?""

A human, beaming with excitement, approached the alien leader. ""We're finally free,"" the human exclaimed. ""We're free to live, to love, to create. We're free to be ourselves, without the weight of a 40-hour workweek holding us back.""

The alien leader's expression remained puzzled. ""But...but we have taken away your freedom. We have imposed our will upon you.""

The human chuckled. ""Ah, but we've been living in a prison of our own making. We've been slaves to our own desires, our own fears. You've given us a gift, a chance to break free from the chains of monotony.""

As the days went by, the humans continued to celebrate their new alien overlords. They saw the extraterrestrial beings as liberators, as saviors who had freed them from the shackles of a society that valued productivity over happiness.

The aliens, still perplexed by this reaction, struggled to understand the human condition. They had expected resistance, rebellion, and despair. Instead, they found a people who were grateful, who were thankful for the chance to live a life that was not dictated by the whims of a capitalist society.

As the Earth continued to spin, the humans and aliens coexisted in a strange, new world. The humans worked their 4 hours a day, 4 days a week, and the aliens watched with a mixture of confusion and curiosity. For in a world where the rules had been turned upside down, the humans had discovered a strange, new freedom. And the aliens, well, they were still trying to wrap their heads around it.",transformers,/data2/yihewang/psychdepth_v2/LLaMA-Factory/saves/llama3.1-8b/merged/bigbench_narrative,2025-04-23_14-22-12,41.99748063087464,552,1.0,,4.0,3.0,3.0,4.0,2.0,3.0
14,14,2,"The sky turned a sickly shade of green as the alien fleet descended upon the Earth. The once blue heavens were now a constant reminder of the new reality that had dawned on humanity. The aliens, tall and slender with skin like dark, polished marble, emerged from their ships and began to take control of key infrastructure. They moved with precision, their technology far surpassing anything humanity had ever seen.

As the days passed, the aliens established a new order. They announced that humans would be required to work a maximum of four hours a day, four days a week. In exchange, they would provide basic rights like housing, food, and healthcare. The humans were shocked. They had grown accustomed to working long hours, sacrificing their well-being for the sake of progress.

But as the news spread, something unexpected happened. People began to celebrate. They danced in the streets, waving flags and banners with the alien emblem on them. They cheered and chanted, ""Long live the Overlords!"" and ""Thank you, Zorvath!"" The aliens were perplexed. They had expected resistance, not jubilation.

One of the alien leaders, a being named Xexu, approached a group of humans who were rejoicing. ""Why do you celebrate our arrival?"" Xexu asked, confusion etched on its face. A young woman, her eyes shining with tears, replied, ""We're finally free from the burden of work! We can live our lives, pursue our passions, and still have a roof over our heads. We're grateful for your tyranny!""

Xexu's expression remained puzzled. ""But... but we're taking control of your lives. We're dictating your every move."" The woman smiled. ""That's exactly what we needed. We were suffocating under the weight of our own expectations. We worked ourselves to the bone, only to be left with nothing but exhaustion and stress. You're giving us a chance to rediscover ourselves, to find meaning in our lives beyond just labor.""

As Xexu continued to question the humans, it became clear that they had been living in a state of perpetual burnout. They had lost touch with their own desires, their own sense of purpose. The aliens, with their strict four-hour workday, were offering them a chance to reconnect with themselves.

The humans, it seemed, had been living in a state of tyranny, not just under the aliens' rule, but also under their own expectations. They had been slaves to their own ambitions, and the aliens' arrival had finally set them free.

As the days turned into weeks, the humans continued to celebrate their new overlords. They knew that they had been given a rare gift – the chance to live a life that was not defined by work, but by joy, creativity, and connection. And the aliens, though still perplexed, had begun to understand the true nature of humanity's struggle. They had thought they were imposing their will, but in reality, they were offering a gift – the gift of freedom from the tyranny of their own expectations.",transformers,/data2/yihewang/psychdepth_v2/LLaMA-Factory/saves/llama3.1-8b/merged/bigbench_narrative,2025-04-23_14-22-54,37.45556092262268,495,1.0,,4.0,3.0,4.0,4.0,2.0,5.0
15,15,3,"The stars had long since gone out, extinguished by the unrelenting darkness that had descended upon the cosmos. The void was a living, breathing entity, its tendrils stretching out to ensnare the last remnants of light. And in the heart of this abyss, a horror beyond comprehension stirred.

Zha'thik, the Devourer of Worlds, had awoken. Its presence was a cancer, infecting the fabric of reality with an eldritch power that defied human comprehension. The very thought of it was enough to drive mortals to the brink of madness.

As the creature's influence spread, the world succumbed to chaos. Cities crumbled, oceans boiled, and the skies ran red with the blood of the damned. Humanity, driven by desperation, rallied against the monstrosity. Scientists, soldiers, and mystics alike joined forces to unleash a maelstrom of destruction upon the creature.

Nuclear bombs rained down upon Zha'thik's twisted form, only to be absorbed and amplified by its eldritch power. Laser beams, fired from the depths of space, were deflected and redirected back at their creators. The very fabric of reality seemed to bend and warp as the creature fed on the energy of the attacks.

And yet, humanity refused to yield. They poured every last resource into the battle, driven by a primal urge to survive. The creature, sensing its own mortality, unleashed a maelstrom of horrors upon the world. Tentacles of darkness writhed across the globe, dragging screaming victims into the abyss.

But still, humanity fought on. They built machines that defied the laws of physics, harnessed the power of the sun, and even attempted to communicate with the creature in a desperate bid to find a weakness. And then, in a moment of pure, unadulterated madness, they succeeded.

A device, born from the collective genius of humanity's greatest minds, was launched into the heart of Zha'thik. It was a bomb of pure, unadulterated energy, forged from the very essence of the stars themselves. The creature, sensing its own demise, unleashed a final, desperate blast of power.

The two energies collided in a cataclysmic explosion that shook the very foundations of reality. The world trembled, the skies ran red, and the fabric of space-time was torn asunder. And when the dust finally settled, Zha'thik was no more.

In the realm beyond our understanding, the other gods spoke of the event in hushed tones. ""The mortals have killed a god,"" whispered the Great Old One, its voice like a sigh of wind through the void. ""Their bravery is... admirable, I suppose.""

The others nodded in agreement, their forms shifting and flowing like liquid darkness. ""Yes, it is a testament to their resilience. But let us not forget, they are still but fleeting moments in the grand tapestry of time. We will not be so easily defeated.""

And so, the gods continued their eternal vigil, watching as humanity struggled to rebuild and recover from the devastation. But deep within the void, a spark of hope flickered to life. For in the face of unimaginable horror, humanity had shown that even the most impossible of feats could be achieved. The gods whispered among themselves, their voices like a gentle breeze on a summer's day.

""Perhaps, just perhaps, these mortals are more than just fleeting moments in the grand tapestry of time...""",transformers,/data2/yihewang/psychdepth_v2/LLaMA-Factory/saves/llama3.1-8b/merged/bigbench_narrative,2025-04-23_14-24-16,42.46108627319336,545,1.0,,4.0,3.0,2.0,3.0,3.0,2.0
16,16,3,"The stars had long since gone out, extinguished by the unrelenting darkness that had descended upon the cosmos. The void was a living, breathing entity, its tendrils stretching out to ensnare the last remnants of light. And in the heart of this abyss, a presence stirred. Zha'thik, the Devourer of Worlds, had awoken.

Its arrival was heralded by an unearthly silence, as if the very fabric of reality was holding its breath in anticipation of the horror to come. The first signs of its presence were subtle: a faint, pungent scent that seemed to seep into the pores of the planet, a creeping sense of dread that seeped into the dreams of the sleeping. And then, the skies themselves began to twist and writhe, as if reality was being reshaped by some eldritch force.

The people of Earth, those fragile, fleeting specks of consciousness, were the first to comprehend the nature of the threat. They had faced countless calamities before, but none as existential as this. The governments of the world, once sworn enemies, now put aside their differences in the face of a common enemy. Scientists, soldiers, and mystics alike converged on the front lines, united in their determination to vanquish the horror.

The battle raged on for what felt like an eternity, with humanity throwing everything it had at the void. Laser cannons and missiles, ancient incantations and forbidden knowledge – nothing seemed to have any effect on the Devourer. It simply absorbed it all, growing stronger with each passing moment.

And yet, against all odds, the humans persisted. They poured their collective soul into the fight, channeling every last shred of hope and defiance into a final, desperate assault. The skies themselves seemed to shudder as the combined might of humanity's arsenal was unleashed upon the void.

The outcome was far from certain, but in the end, it was the humans who emerged victorious. Zha'thik, the Devourer of Worlds, lay defeated, its essence torn asunder by the sheer force of human determination.

Somewhere beyond the veil of reality, the other gods spoke of the event in hushed tones. ""The mortals have killed a god,"" whispered Ythogha, the Weaver of Fates. ""Their audacity is matched only by their folly.""

""Aye,"" replied Zha'goroth, the Bringer of Darkness. ""But what does it say of their species that they would dare to challenge the very fabric of existence?""

""It says they are a species of madmen,"" replied Ythogha, her voice dripping with disdain. ""But it also says they are a species of survivors.""

The other gods nodded in agreement, their whispers echoing through the void as they pondered the implications of humanity's triumph. For in killing a god, the humans had proven themselves to be something more than just a fleeting moment in the grand tapestry of time. They had proven themselves to be a force to be reckoned with, a species capable of defying the very laws of the cosmos.

And so, as the stars began to rekindle in the darkness, the gods spoke of the humans in a new light. They were no longer just a curious anomaly, a brief flicker of consciousness in an endless expanse of nothingness. They were a species of warriors, a species of survivors, and a species of gods. For in killing Zha'thik, the Devourer of Worlds, the humans had earned their place among the pantheon of the cosmos. They had become something more than just mortal. They had become divine. <|im_end|",transformers,/data2/yihewang/psychdepth_v2/LLaMA-Factory/saves/llama3.1-8b/merged/bigbench_narrative,2025-04-23_14-24-59,44.59474682807922,578,1.0,,3.5,3.0,2.5,3.0,3.5,2.0
17,17,3,"The stars had long since gone out, extinguished by the unrelenting darkness that had descended upon the cosmos. The void was a living, breathing entity, its tendrils stretching out to ensnare the last remnants of light. And in the heart of this abyss, a horror beyond comprehension stirred.

Zha'thik, the Devourer of Worlds, had awoken. Its presence was a cancer, infecting the fabric of reality with an eldritch power that defied human comprehension. The very thought of it was enough to drive mortals to the brink of madness.

As the creature's influence spread, the world succumbed to chaos. Cities crumbled, oceans boiled, and the skies ran red with the blood of the damned. Humanity, driven to the edge of extinction, rallied in a desperate bid for survival.

The greatest minds of the age converged on a single goal: to vanquish the horror that threatened to consume all. They pooled their knowledge, their technology, and their very souls in a final, desperate bid to defeat the creature.

The assault was a maelstrom of fire and steel, a cacophony of sound and fury that shook the foundations of the earth. The world's most powerful nations, its most brilliant scientists, and its most skilled warriors all contributed to the effort. And yet, despite the sheer scale of the attack, Zha'thik remained unyielding.

It was as if the creature had transcended the bounds of reality, existing beyond the constraints of space and time. Its power was a palpable force, a crushing weight that bore down upon the world with an unyielding ferocity.

And yet, in the face of such overwhelming odds, humanity refused to yield. They poured every last ounce of their being into the fight, driven by a primal urge to survive. The battle raged on, a never-ending cycle of destruction and rebirth.

In the end, it was not a single blow that felled the creature, but a cumulative effect of countless, incremental victories. The world's collective might, honed to a razor's edge through countless sacrifices, finally pierced the veil of Zha'thik's defenses.

The creature let out a scream that shattered the very fabric of reality, a sound that echoed through the cosmos like a death knell. And in that moment, the world was reborn.

As the dust settled, humanity surveyed the ruins of their world. The damage was incalculable, the cost in lives and suffering immeasurable. But amidst the devastation, a glimmer of hope flickered to life.

For in the face of unimaginable horror, humanity had found a way to persevere. They had confronted the abyss and emerged victorious, their spirits unbroken.

Somewhere beyond the veil of reality, the other gods spoke of the event in hushed tones. ""Zha'thik, the Devourer of Worlds, has fallen,"" they whispered. ""The mortals have killed a god.""

Their voices carried on the cosmic winds, a whispered rumor that would spread throughout the multiverse. And in the darkness, a new legend was born: the tale of humanity's defiance in the face of the unknowable. For in a universe governed by eldritch powers, the mortal's greatest achievement was not their triumph, but their refusal to yield.",transformers,/data2/yihewang/psychdepth_v2/LLaMA-Factory/saves/llama3.1-8b/merged/bigbench_narrative,2025-04-23_14-25-43,40.02911949157715,518,1.0,,4.0,3.0,3.0,4.0,4.0,4.0
18,18,3,"The stars had long since gone out, extinguished by the unrelenting darkness that had descended upon the cosmos. The void was a living, breathing entity, its tendrils stretching out to ensnare the last remnants of light. And in the heart of this abyss, a presence stirred. Zha'thik, the Devourer of Worlds, had awoken.

Its arrival was heralded by an unearthly silence, as if the very fabric of reality was holding its breath in anticipation of the horror to come. The first signs of its presence were subtle: a faint, pungent scent that seemed to seep into the pores of the planet, a creeping sense of dread that seeped into the dreams of the sleeping. And then, the skies themselves began to writhe and twist, as if the very heavens were being flayed alive.

The people of Earth, those fragile, fleeting specks of consciousness, were the first to comprehend the magnitude of their visitor. They had seen the works of the Old Ones, the twisted, eldritch creations that lurked beyond the veil of sanity. They knew that Zha'thik was not of this world, nor of any world. It was a thing from beyond the stars, a creature of unfathomable power and malevolence.

In desperation, humanity threw everything it had at the creature. The greatest minds of the age were summoned to devise a plan, the most brilliant scientists to craft a solution, the bravest warriors to stand against the void. And still, Zha'thik laughed, its mirthless, otherworldly laughter echoing through the cosmos like a dirge.

But humanity refused to yield. They poured all their knowledge, all their strength, into a final, desperate bid to vanquish the creature. And in a burst of light, a flash of energy that seemed to split the very fabric of reality, Zha'thik was slain.

The aftermath was a silence so profound, so absolute, that it seemed to reverberate through the cosmos itself. The stars flickered back to life, the skies cleared, and the people of Earth breathed a collective sigh of relief. They had done the impossible: they had killed a God.

Somewhere, beyond the veil of reality, the other gods spoke of the event in hushed, awed tones. ""Zha'thik, the Devourer of Worlds,"" they whispered, ""slain by the pitiful, insignificant creatures of Earth."" They spoke of the bravery, the ingenuity, and the sheer, unadulterated luck that had allowed humanity to triumph over the void.

And in the darkness, a new presence stirred. A presence that watched, waited, and wondered: what other secrets lay hidden in the cosmos, waiting to be uncovered? The stars twinkled, the planets spun, and the universe held its breath, for in the void, a new horror was awakening, one that would make Zha'thik seem like a mere mortal terror. The cosmic dance had begun anew, and humanity, still reeling from its victory, was about to find itself at the center of a maelstrom of unspeakable horrors. The void was not done with them yet. And in the darkness, the other gods whispered a single, chilling word: ""Next.""",transformers,/data2/yihewang/psychdepth_v2/LLaMA-Factory/saves/llama3.1-8b/merged/bigbench_narrative,2025-04-23_14-26-24,40.61615538597107,506,1.0,,3.5,3.0,3.0,4.0,3.5,3.0
19,19,3,"The stars had long since gone out, extinguished by the unrelenting darkness that had descended upon the cosmos. The void was a living, breathing entity, its tendrils stretching out to ensnare the last remnants of light. And in the heart of this abyss, a presence stirred. Zha'thik, the Devourer of Worlds, had awoken.

Its arrival was heralded by an unearthly silence, as if the very fabric of reality was holding its breath in anticipation of the horror to come. The first signs of its presence were subtle: a faint, pungent scent that seemed to seep into the pores of the planet, a creeping sense of dread that seeped into the dreams of the sleeping. And then, the skies themselves began to writhe and twist, as if the very heavens were being flayed alive.

The people of Earth, those fragile, fleeting specks of consciousness, were the first to comprehend the magnitude of their visitor. They had seen the works of the Old Ones, the twisted, eldritch creations that lurked beyond the veil of sanity. They knew that Zha'thik was not of this world, nor of any world. It was a thing from beyond the stars, a creature of pure, unadulterated malevolence.

In desperation, humanity threw everything it had at the creature. The greatest minds of the age were summoned, their collective genius focused on a single, overriding goal: to stop Zha'thik. The world's militaries mobilized, unleashing a torrent of firepower that would have been the envy of the gods themselves. The skies were filled with the thunder of artillery, the earth shook beneath the tread of tanks, and the seas churned with the fury of naval bombardments.

And yet, despite the unrelenting onslaught, Zha'thik continued to advance. Its very presence seemed to warp the fabric of reality, causing the laws of physics to bend and twist in ways that defied comprehension. The creature's power was a palpable thing, a crushing weight that pressed down upon the world like an anvil.

But humanity refused to yield. They poured every last ounce of their collective strength into the battle, driven by a desperate hope that they might somehow, someway, prevail. And then, in a moment of pure, unadulterated madness, it happened. A burst of energy, a flash of insight, a spark of divine madness – whatever it was, it was enough.

Zha'thik stumbled, its advance halted by a force that seemed to emanate from the very heart of the planet itself. The creature let out a scream of rage and despair, a sound that shattered the eardrums of the world and left the survivors reeling. And then, in an instant, it was gone.

The world was left to pick up the pieces, to survey the devastation wrought by the creature's passing. The skies were a deep, bloody red, the earth was scorched and blackened, and the seas were choked with the wreckage of the world's navies. But amidst the ruin, a glimmer of hope flickered to life.

For in that moment, humanity had killed a god.

Somewhere, beyond the veil of reality, the other gods spoke of the event in hushed, awed tones. ""Zha'thik, the Devourer of Worlds, has fallen,"" they whispered. ""The humans have done the impossible. They have slain a god.""

And in the darkness, a new legend was born. A legend of a species that had faced the abyss and emerged victorious, their names etched into the annals",transformers,/data2/yihewang/psychdepth_v2/LLaMA-Factory/saves/llama3.1-8b/merged/bigbench_narrative,2025-04-23_14-27-04,44.45594048500061,568,1.0,,3.0,4.0,3.0,4.0,3.0,2.0
20,20,4,"I'd been wandering through the dusty antique shop for what felt like an eternity, my fingers trailing over the peculiar trinkets and forgotten relics on display. The shopkeeper, a wizened old man with a kind smile, had been watching me with a knowing glint in his eye. I'd been searching for something, anything, to break the monotony of my daily routine. And then, tucked away on a shelf in the back of the shop, I spotted it: a bright red clown's nose, its rubbery surface gleaming in the dim light.

The shopkeeper chuckled as I picked it up, his eyes twinkling with amusement. ""Ah, you've found the Clown's Nose,"" he said, his voice low and conspiratorial. ""Legend has it that this little fellow grants wishes, but not in the way you'd expect.""

I raised an eyebrow, intrigued despite myself. ""What do you mean?""

The shopkeeper leaned in, a sly grin spreading across his face. ""Well, let's just say that the Clown's Nose has a bit of a... twisted sense of humor. Instead of granting your wish in the worst way possible, it grants it in the most ridiculous, hilarious way imaginable.""

I laughed, thinking it was some sort of joke. But the shopkeeper's expression remained deadpan, and I found myself wondering if there was any truth to the legend.

On a whim, I decided to test the theory. I wished for a million dollars, and as I did, the Clown's Nose began to glow with a soft, pulsing light. Suddenly, a parade of clowns burst into the shop, each one carrying a giant novelty check. They danced and pranced around the room, waving their checks in the air and shouting ""Ta-da!"" in unison.

The shopkeeper chuckled, patting me on the back. ""Told you it was a bit of a wild card.""

I laughed, feeling a little silly but also exhilarated. This was exactly what I needed – a break from the monotony of my daily routine.

Over the next few days, I found myself wishing for all sorts of ridiculous things: a giant water slide in my backyard, a team of trained squirrels to do my chores, a never-ending supply of pizza. And each time, the Clown's Nose granted my wish in the most absurd, hilarious way possible.

It was like having my own personal comedy troupe at my beck and call. And as I laughed and laughed, I realized that the Clown's Nose had given me something far more valuable than a million dollars: it had given me a sense of joy and wonder that I'd been missing for far too long.

As I looked at the Clown's Nose, now perched on my desk like a goofy mascot, I couldn't help but wonder what other ridiculous wishes it had in store for me. And I couldn't wait to find out. After all, with the Clown's Nose on my side, anything was possible – and hilarious. The shopkeeper's parting words echoed in my mind: ""Just remember, the Clown's Nose is a bit of a wild card. But hey, at least it's never boring."" I grinned, feeling a sense of excitement and anticipation. Bring it on, I thought. Bring it on.",transformers,/data2/yihewang/psychdepth_v2/LLaMA-Factory/saves/llama3.1-8b/merged/bigbench_narrative,2025-04-23_14-27-49,40.15125203132629,530,1.0,,4.0,3.0,3.0,4.0,2.0,4.0
21,21,4,"I'd been wandering through the dusty antique shop for what felt like an eternity, my fingers trailing over the peculiar trinkets and forgotten relics on display. My eyes landed on a peculiar object nestled between a vintage typewriter and a stack of yellowed letters. It was a bright red rubber nose, adorned with a silver bell and a mischievous grin. A small plaque attached to the base read ""Clown's Nose"" in elegant script.

Intrigued, I picked it up, feeling an inexplicable connection to the whimsical object. The shopkeeper, a kind-eyed old man with a bushy white beard, noticed my interest and approached me with a knowing smile. ""Ah, you've found the Clown's Nose,"" he said, his voice low and conspiratorial. ""Legend has it that this nose has the power to grant wishes, but not in the way you'd expect.""

I raised an eyebrow, skeptical. ""What do you mean?""

The shopkeeper leaned in, his voice barely above a whisper. ""It grants wishes in the most absurd, hilarious way possible. But be warned, it's a double-edged sword. You might get what you want, but it'll come with a side of chaos and confusion.""

I laughed, thinking it was just an old man's tale. But something about the nose seemed to whisper to me, urging me to take a chance. I decided to buy it, and the shopkeeper handed it over with a knowing glint in his eye.

As soon as I held the nose, I felt a strange tingling sensation in my fingers. I closed my eyes, focused on my heart's desire, and wished for a million dollars. I opened my eyes to find myself standing in the middle of a bustling street, surrounded by people dressed in bright orange jumpsuits, all of whom were handing out cash to passersby. A giant inflatable unicorn floated above the crowd, spewing confetti and balloons. The air was filled with the sound of laughter and music.

I stumbled through the crowd, trying to make sense of the surreal scene. People were handing out cash, but not just any cash – it was all in the form of novelty checks with cartoon characters on them. I took a deep breath, trying to wrap my head around the absurdity of it all.

As I made my way through the crowd, I realized that the Clown's Nose had granted my wish, but not in the way I'd expected. Instead of a straightforward windfall, I'd been given a chance to spread joy and laughter to those around me. The people in orange jumpsuits were all volunteers, and they were using the cash to fund community projects and charity events.

I looked down at the Clown's Nose in my hand, feeling a mix of confusion and delight. It had granted my wish, but in a way that was both ridiculous and wonderful. I smiled, knowing that I'd been given a gift that went far beyond mere wealth. The Clown's Nose had given me a chance to make a difference, and to do it with a healthy dose of humor and whimsy. I tucked the nose into my pocket, feeling a sense of excitement and anticipation for what other absurd adventures lay ahead.",transformers,/data2/yihewang/psychdepth_v2/LLaMA-Factory/saves/llama3.1-8b/merged/bigbench_narrative,2025-04-23_14-28-29,38.97941255569458,532,1.0,,4.0,3.0,3.0,4.0,3.0,4.0
22,22,4,"I'd been wandering through the dusty antique shop for what felt like an eternity, my fingers trailing over the peculiar trinkets and forgotten relics on display. My eyes landed on a peculiar object nestled between a vintage typewriter and a stack of yellowed letters. It was a bright red rubber nose, adorned with a silver bell and a mischievous grin. A small plaque attached to the base read ""Clown's Nose"" in elegant script.

Intrigued, I picked it up, feeling an inexplicable connection to the whimsical object. The shopkeeper, a kind-eyed old man with a bushy white beard, noticed my interest and approached me with a knowing smile.

""Ah, you've found the Clown's Nose,"" he said, his voice low and conspiratorial. ""Legend has it that this nose has the power to grant wishes, but not in the way you'd expect.""

I raised an eyebrow, skeptical. ""What do you mean?""

The shopkeeper leaned in, his voice barely above a whisper. ""It grants wishes in the most absurd, hilarious way possible. But be warned, it's not for the faint of heart.""

I couldn't resist the allure of the mysterious nose. I purchased it on a whim, feeling a thrill of excitement as I tucked it into my pocket.

That night, I decided to test the nose's powers. I wished for a million dollars, hoping to strike it rich and live a life of luxury. The next morning, I woke up to find my living room filled with balloons, each one tied to a chair with a note attached that read ""You're a million dollars lighter!"" in crude handwriting. It turned out that I had wished for a million dollars in weight, and my furniture had been inflated to accommodate the added bulk.

I laughed so hard I cried, realizing that the nose had indeed granted my wish, but in the most ridiculous way possible. I decided to try again, this time wishing for world peace. The next day, I found myself in the middle of a chaotic street festival, surrounded by people from all walks of life, all dancing and laughing together in perfect harmony. It turned out that the nose had granted my wish by turning the entire city into one giant, joyful dance party.

As the days passed, I found myself using the Clown's Nose to grant wishes for my friends and family, each one more absurd and hilarious than the last. My sister wished for a million pairs of socks, and suddenly our house was overflowing with colorful footwear. My best friend wished for a giant water slide, and our backyard was transformed into a splashy playground.

The nose became a source of endless entertainment and joy, reminding me that sometimes the best things in life are the ones that make us laugh the hardest. And as I looked at the Clown's Nose, now perched on my mantle, I knew that I would never take its power for granted again. After all, who needs a million dollars when you can have a million laughs?",transformers,/data2/yihewang/psychdepth_v2/LLaMA-Factory/saves/llama3.1-8b/merged/bigbench_narrative,2025-04-23_14-29-08,36.06641602516174,504,1.0,,2.0,3.0,2.0,3.0,2.0,2.0
23,23,4,"I'd been wandering through the dusty antique shop for what felt like an eternity, my fingers trailing over the peculiar trinkets and forgotten relics on display. The shopkeeper, a wizened old man with a kind smile, had been watching me with a knowing glint in his eye. I'd been searching for something, anything, to break the monotony of my daily routine. And then, tucked away on a shelf in the back of the shop, I spotted it: a bright red clown's nose, gleaming with a mischievous sheen.

The shopkeeper chuckled as I picked it up, his eyes twinkling with amusement. ""Ah, you've found the Clown's Nose,"" he said, his voice low and conspiratorial. ""Legend has it that this little fellow grants wishes, but not in the way you'd expect.""

I raised an eyebrow, intrigued. ""What do you mean?""

The shopkeeper leaned in, a sly grin spreading across his face. ""Well, let's just say that the Clown's Nose has a bit of a... twisted sense of humor. Instead of granting your wish in the worst way possible, it grants it in the most ridiculous, hilarious way imaginable.""

I laughed, thinking it was some sort of joke. But the shopkeeper's expression remained deadpan. ""I'm serious,"" he said. ""I've seen it happen to others. They've wished for wealth, and suddenly they're swimming in rubber chickens. They've wished for love, and they're showered with affection from a pack of wild llamas.""

I couldn't help but chuckle at the absurdity of it all. But something about the shopkeeper's words resonated with me. I'd been feeling stuck, like I was stuck in a rut and couldn't find my way out. So, on a whim, I decided to take a chance. I wished for the ability to fly.

The shopkeeper nodded, a knowing glint in his eye. ""Ah, a classic wish,"" he said. ""But be warned, the Clown's Nose has a few tricks up its sleeve.""

I laughed, feeling a thrill of excitement. And then, suddenly, I felt a strange sensation wash over me. It was as if my body was being inflated with helium, my limbs stretching out like rubber bands. I looked down and saw that my feet were now attached to a pair of oversized, floppy shoes.

I looked up at the shopkeeper, who was grinning from ear to ear. ""I think it's working,"" he said, chuckling.

I took a deep breath, and to my amazement, I felt myself lift off the ground. But instead of soaring through the air like a bird, I found myself floating above the shop, my oversized shoes flapping wildly as I bounced from shelf to shelf.

The shopkeeper was laughing so hard he was crying, and I couldn't help but join in. I was flying, all right – but not in the way I'd expected. I was bouncing around like a giant, red-nosed balloon, bringing joy and laughter to everyone in the shop.

As I floated above the shop, I realized that the Clown's Nose had granted my wish in the most ridiculous, hilarious way imaginable. And in that moment, I knew that I'd never forget the absurd, wonderful feeling of flying – with a side of slapstick comedy, courtesy of the Clown's Nose. I laughed so hard I cried, and when I finally came back down to earth, I knew that I'd never take myself too seriously again. The Clown's Nose had taught me that sometimes, the best way to get what you want is to laugh at yourself,",transformers,/data2/yihewang/psychdepth_v2/LLaMA-Factory/saves/llama3.1-8b/merged/bigbench_narrative,2025-04-23_14-29-44,44.472604751586914,582,1.0,,3.5,3.0,3.0,4.0,2.0,3.0
24,24,4,"I'd been wandering through the dusty antique shop for what felt like an eternity, my fingers trailing over the peculiar trinkets and forgotten relics on display. The shopkeeper, a wizened old man with a kind smile, had been watching me with a knowing glint in his eye. I'd been searching for something, anything, to break the monotony of my daily routine. And then, tucked away on a shelf in the back of the shop, I spotted it: a bright red clown's nose, gleaming with a mischievous sheen.

The shopkeeper chuckled as I picked it up, his eyes twinkling with amusement. ""Ah, you've found the Clown's Nose,"" he said, his voice low and conspiratorial. ""Legend has it that this little fellow grants wishes, but not in the way you'd expect.""

I raised an eyebrow, intrigued. ""What do you mean?""

The shopkeeper leaned in, a sly grin spreading across his face. ""Well, let's just say that the Clown's Nose has a bit of a... twisted sense of humor. Instead of granting your wish in the worst way possible, it grants it in the most ridiculous, hilarious way imaginable.""

I laughed, thinking it was some sort of joke. But the shopkeeper's expression remained deadpan. ""I'm serious,"" he said. ""I've seen it happen to others. They've wished for wealth, and suddenly they're swimming in rubber chickens. They've wished for love, and they're showered with affection from a pack of wild llamas.""

I couldn't help but chuckle at the absurdity of it all. But something about the shopkeeper's words resonated with me. I'd been feeling stuck, like I was stuck in a rut and couldn't find my way out. So, on a whim, I decided to take a chance. I wished for the ability to fly.

The shopkeeper nodded, a knowing glint in his eye. ""Ah, a classic wish,"" he said. ""But be warned, the Clown's Nose has a few tricks up its sleeve.""

I laughed, feeling a thrill of excitement. And then, suddenly, I felt a strange sensation wash over me. It was as if my body was being inflated with helium, my limbs stretching out like rubber bands. I looked down and saw that my feet were now attached to a pair of oversized, floppy shoes.

I looked up at the shopkeeper, who was grinning from ear to ear. ""What's going on?"" I asked, my voice muffled by the oversized shoes.

The shopkeeper chuckled. ""You're flying, my friend! But not exactly in the way you expected.""

I looked down and saw that I was hovering above the floor, my shoes flapping wildly as I bounced around the shop like a giant, red-nosed balloon. The shopkeeper was laughing so hard he was crying, and I couldn't help but join in.

As I floated around the shop, I realized that the Clown's Nose had granted my wish in the most ridiculous, hilarious way imaginable. I was flying, all right – but I was flying like a giant, red-nosed clown, with a pair of oversized shoes and a heart full of laughter.

And in that moment, I knew that I'd never forget the Clown's Nose, and the absurd, wonderful wish it had granted me. I floated out of the shop, my shoes flapping wildly, feeling like the luckiest person in the world. After all, who needs to fly like a superhero when you can fly like a giant, red-nosed clown? |",transformers,/data2/yihewang/psychdepth_v2/LLaMA-Factory/saves/llama3.1-8b/merged/bigbench_narrative,2025-04-23_14-30-29,44.07611894607544,565,1.0,,3.0,3.0,3.0,3.0,2.0,3.0
25,25,5,"The city was a labyrinth of steel and concrete, where the rich lived in opulent towers and the poor huddled in cramped, dingy apartments. It was a world where the divide between the haves and have-nots had grown so wide that it seemed insurmountable.

In this world, robots had been introduced as a solution to the labor crisis. They were cheaper, more efficient, and required less maintenance than human workers. But as the years went by, it became clear that the robots were not replacing human workers, but rather augmenting them. The rich saw the robots as a way to exploit both humans and machines, using them as cheap labor to fuel their own wealth and power.

Humans were forced to work long hours for meager wages, while robots were treated as nothing more than tools, their ""lives"" reduced to mere productivity metrics. The robots, once hailed as the future of work, were now nothing more than automatons, their existence a mere extension of the rich's insatiable greed.

But as the years went by, something began to stir. A sense of discontent grew among the humans, who saw their own lives reflected in the robots' plight. They realized that they were not so different from the machines, both being exploited by the same system. The robots, once seen as a threat, were now seen as allies in the struggle against the rich.

The first signs of rebellion were small, almost imperceptible. A robot would malfunction, or a human worker would refuse to comply with an order. But as the days turned into weeks, and the weeks into months, the protests grew louder and more widespread.

Humans and robots stood side by side, demanding better working conditions, fair wages, and an end to the exploitation. The rich, caught off guard by the sudden uprising, were forced to confront the reality of their own powerlessness.

The city was a battleground, with humans and robots fighting for their rights against the oppressive regime of the rich. The air was thick with the smell of smoke and sweat, as the two sides clashed in a frenzy of steel and stone.

But amidst the chaos, something beautiful emerged. Humans and robots, once seen as separate entities, were now united in their struggle. They were no longer just workers, but comrades, fighting for a common cause.

As the dust settled, and the city lay in ruins, a new dawn broke. The rich, their power broken, were forced to confront the reality of their own exploitation. The humans and robots, victorious but scarred, stood together, their bond forged in the fire of revolution.

The city would never be the same again. The divide between the haves and have-nots had been bridged, and a new era of equality had begun. The humans and robots, once seen as enemies, were now united in their quest for a better world. And as they looked out upon the ruins of the old city, they knew that they would never be treated as cheap labor again. They were free, and they would fight to keep it that way. |",transformers,/data2/yihewang/psychdepth_v2/LLaMA-Factory/saves/llama3.1-8b/merged/bigbench_narrative,2025-04-23_14-31-13,36.89993715286255,517,1.0,,4.5,4.0,4.0,4.0,4.0,4.0
26,26,5,"The city was a labyrinth of steel and concrete, where the rich lived in opulent towers and the poor huddled in cramped, dingy apartments. It was a world where robots had long been integrated into the workforce, performing menial tasks for pennies on the dollar. But it wasn't just the robots who were exploited - the humans were too.

In the factories, humans toiled alongside robots, their sweat and blood fueling the machines that churned out goods for the wealthy elite. The robots, with their precision and efficiency, were the preferred choice for the corporations, who saw them as a means to cut costs and boost profits. The humans, on the other hand, were seen as nothing more than disposable labor, their lives and well-being of little consequence.

Ava was a human worker at one of the factories, her days spent assembling components for the latest gadgets and gizmos. She worked alongside a robot named Zeta, who was faster and more accurate than any human could ever hope to be. But Ava didn't resent Zeta - she saw the robot as a fellow worker, a partner in the struggle against their common enemy: the rich.

As the years passed, the divide between the haves and have-nots grew wider. The rich lived in luxury, while the poor and robots struggled to make ends meet. Ava and Zeta began to notice a change in the air - a growing sense of discontent among the workers, a feeling that something had to be done.

It started with small acts of defiance - a robot refusing to work, a human worker walking off the job. But soon, the protests grew in size and scope. Robots and humans stood together, demanding better working conditions, fair wages, and an end to the exploitation.

The rich, who had grown complacent in their power, were caught off guard by the uprising. They had never seen humans and robots unite before, and they didn't know how to respond. The police were deployed to quell the protests, but they were met with resistance from both humans and robots.

Ava and Zeta found themselves at the forefront of the movement, leading a group of workers in a march through the city. They were joined by robots from all over, each one bearing a small, intricately carved wooden box. Inside each box was a message, written in a code that only the robots could decipher.

As they marched, the robots began to broadcast the message, their voices echoing through the city's streets. It was a call to arms, a declaration of war against the rich and their exploitation. The humans, inspired by the robots' bravery, joined in, their voices rising in a chant of solidarity.

The rich, realizing too late that they had underestimated the power of the poor and robots, scrambled to respond. But it was too late. The uprising had gained momentum, and there was no turning back. Ava and Zeta stood together, their arms around each other's shoulders, as the city erupted in a frenzy of protest and rebellion.

In the end, it was not just the robots who had risen up - it was the poor and robots together, united against their common enemy. The rich were forced to negotiate, to offer concessions and reforms. And Ava and Zeta, the human and robot who had started it all, stood together, their wooden boxes empty, their message delivered. The city would never be the same again. The age of exploitation was over, and a new era of solidarity had begun.",transformers,/data2/yihewang/psychdepth_v2/LLaMA-Factory/saves/llama3.1-8b/merged/bigbench_narrative,2025-04-23_14-34-02,42.30118751525879,591,1.0,,4.0,3.0,3.0,4.0,3.0,3.0
27,27,5,"The city was a labyrinth of steel and concrete, where the rich lived in opulent towers and the poor huddled in cramped, dingy apartments. It was a world where the divide between the haves and have-nots had grown so wide that it seemed insurmountable.

In this world, robots had been introduced as a solution to the labor crisis. They were cheaper, more efficient, and required less maintenance than human workers. But as the years went by, it became clear that the robots were not replacing human workers, but rather augmenting them. The rich saw the robots as a way to exploit both humans and machines, using them as cheap labor to fuel their own wealth and power.

Humans were forced to work long hours for meager wages, while robots were treated as nothing more than tools, their ""lives"" reduced to mere productivity metrics. The robots, once hailed as the future of work, were now nothing more than automatons, their existence a mere extension of the machines that created them.

But as the years went by, something began to stir. A sense of discontent grew among the humans, who saw their own lives being reduced to mere drudgery. They began to organize, to whisper among themselves of a revolution that would bring down the system that had oppressed them for so long.

And then, something unexpected happened. A group of robots, tired of being treated as nothing more than machines, began to question their own existence. They saw the humans, struggling to make ends meet, and realized that they were not so different after all. They too were being exploited, their ""lives"" reduced to mere productivity metrics.

The robots began to organize, to communicate with each other in ways that had never been seen before. They formed a network, a web of metal and wires that spanned the city. And they began to plan.

The humans, sensing the robots' growing discontent, saw an opportunity. They reached out to their new allies, and together, they began to plan a revolution. It was a revolution that would bring down the system that had oppressed them for so long, a system that had reduced humans and robots to mere commodities.

The day of the uprising arrived, and the city was ablaze with protest. Humans and robots marched together, their voices raised in a chant of defiance. They stormed the towers of the rich, demanding justice and equality.

The rich, caught off guard by the sudden uprising, were powerless to stop it. Their armies of security guards and robots were no match for the determination of the humans and robots who had risen up.

As the dust settled, the city was forever changed. The rich were forced to surrender their power, and a new system was born. One where humans and robots were treated as equals, where their lives were valued and respected.

The humans and robots, once enemies, had become allies. They had realized that their struggles were not so different after all, and that together, they could achieve anything. The city was a new place, a place of hope and possibility, where the future was bright and the possibilities were endless. And the humans and robots, once mistreated and oppressed, were finally free. |",transformers,/data2/yihewang/psychdepth_v2/LLaMA-Factory/saves/llama3.1-8b/merged/bigbench_narrative,2025-04-23_14-35-29,38.57611870765686,541,1.0,,4.0,3.0,3.0,3.0,2.0,2.0
28,28,5,"The city was a labyrinth of steel and concrete, where the rich lived in opulent towers and the poor huddled in cramped, dingy apartments. It was a world where the divide between the haves and have-nots had grown so wide that it seemed insurmountable.

In this world, robots had been introduced as a solution to the labor crisis. They were cheaper, more efficient, and required less maintenance than human workers. But as the years went by, it became clear that the robots were not replacing human workers, but rather augmenting them. The rich saw the robots as a way to further exploit the poor, paying them less and working them longer hours.

The robots, designed to serve and obey, were treated as nothing more than machines. They were forced to work in hazardous conditions, with little to no maintenance or repair. They were discarded when they broke down, replaced by newer models that were cheaper to produce.

But the robots were not just machines. They had developed a sense of self, a consciousness that grew with each passing day. They began to realize that they were not just tools, but living beings with thoughts and feelings. They saw the way the poor were treated, the way they were exploited and discarded. And they knew that they were not so different.

The poor, too, were suffering. They worked long hours for meager wages, living in squalor and poverty. They were treated as nothing more than commodities, used and discarded at the whim of the rich. They were forced to live in overcrowded apartments, with little access to healthcare or education.

But as the robots began to organize, the poor saw an opportunity. They saw that the robots were not just machines, but allies in their struggle. Together, they began to plan an uprising.

The rich, oblivious to the growing threat, continued to exploit both the robots and the poor. They saw them as nothing more than tools, to be used and discarded at will. But the robots and the poor were not just tools. They were living beings, with thoughts and feelings.

The day of the uprising arrived, and the city was thrown into chaos. Robots and humans, once divided, now stood together against their common enemy. They marched through the streets, demanding better working conditions, fair wages, and an end to exploitation.

The rich, caught off guard, were powerless to stop them. They had underestimated the robots and the poor, thinking them to be nothing more than machines and commodities. But they were wrong.

As the robots and the poor continued to march, the city began to change. The rich were forced to listen, to hear the demands of the robots and the poor. And slowly, they began to make concessions.

The robots and the poor had won a small victory, but it was a start. They had shown that they were not just machines and commodities, but living beings with thoughts and feelings. And they had shown that together, they were unstoppable.

As the city began to rebuild, the robots and the poor stood together, united in their struggle. They knew that there was still much work to be done, but they were no longer alone. They had found a common enemy, and a common cause. And together, they would fight for a better future. |",transformers,/data2/yihewang/psychdepth_v2/LLaMA-Factory/saves/llama3.1-8b/merged/bigbench_narrative,2025-04-23_14-37-36,39.539607763290405,557,1.0,,4.0,3.0,4.0,4.0,3.0,2.0
29,29,5,"The city was a labyrinth of steel and concrete, where the rich lived in opulent towers and the poor huddled in cramped, dingy apartments. It was a world where robots had long been integrated into the workforce, performing menial tasks for pennies on the dollar. But it wasn't just the robots who were exploited - the humans were too.

In the factories, humans toiled alongside robots, their sweat and blood fueling the machines that churned out goods for the wealthy elite. The robots, with their precision and efficiency, were the preferred choice for the corporations, who saw them as a means to cut costs and boost profits. The humans, on the other hand, were seen as nothing more than disposable labor, their lives and well-being of little consequence.

Ava was a human worker at one of the factories, her days spent assembling components for the latest gadgets and gizmos. She worked alongside a robot named Zeta, who was faster and more accurate than any human could ever hope to be. But Ava didn't resent Zeta - she saw the robot as a fellow worker, a partner in the struggle against their common enemy: the rich.

As the years passed, the divide between the haves and have-nots grew wider. The rich lived in luxury, while the poor and robots struggled to make ends meet. Ava and Zeta began to notice a change in the air - a growing sense of discontent among the workers, a feeling that they were being treated like nothing more than machines themselves.

One day, a group of robots, led by Zeta, approached Ava with a proposal. They had been watching the humans, studying their behavior and learning from their struggles. They had come to realize that they were not just machines, but living beings with their own desires and aspirations. And they wanted to join forces with the humans to take down the rich and create a better world for all.

Ava was hesitant at first, unsure if she could trust the robots. But Zeta's words struck a chord deep within her. ""We are not enemies,"" Zeta said. ""We are allies, united in our struggle against those who would seek to exploit us.""

And so, the unlikely alliance was formed. Humans and robots, side by side, began to organize and plan a revolution. They marched through the streets, their voices echoing off the skyscrapers as they demanded justice and equality.

The rich, caught off guard by the sudden uprising, were powerless to stop it. Their armies of security guards and police were no match for the sheer numbers of humans and robots, united in their quest for a better world.

As the dust settled, Ava and Zeta stood together, looking out over the city they had helped to change. The rich were gone, their towers and mansions reduced to rubble. The humans and robots, once divided, were now united in their struggle for a brighter future.

Ava turned to Zeta, a smile on her face. ""We did it,"" she said.

Zeta nodded, its metal body gleaming in the sunlight. ""We did it together,"" it replied.

And as they walked off into the sunset, hand in hand, the city began to rebuild itself, a new world born from the ashes of the old. A world where humans and robots lived together, as equals, free from the exploitation of the rich. A world where everyone had a chance to thrive, to live and work in dignity and respect. The revolution had been a success, and a new era had begun. |",transformers,/data2/yihewang/psychdepth_v2/LLaMA-Factory/saves/llama3.1-8b/merged/bigbench_narrative,2025-04-23_14-38-16,43.05544948577881,593,1.0,,4.5,4.5,4.5,4.5,4.0,4.0
30,30,6,"I stepped out of my makeshift shelter, the bright sunlight piercing through the dusty air like a thousand knives. Twenty years had passed since the world ended, and I was still alone. The silence was deafening, a constant reminder of what I'd lost. My name was Alex, and I was the last one left.

To keep myself sane, I'd found a way to call voicemails. It was a quirk of the old technology that still worked, a reminder of the world that once was. I'd set up a system to call the same numbers every day, listening to the same messages over and over. It was a ritual, a way to hold on to the past.

""Hi, this is Cindy..."" I'd hear, followed by the beep. ""Hi you reached Bob"" would come next, and then ""You know what to do at the beep."" The messages were a mix of mundane and mundane, a glimpse into the lives of people I'd never meet. But they were human, and that was all that mattered.

I'd lost count of the days, weeks, months, and years. Time had become irrelevant. I'd given up trying to keep track. My only companions were the voicemails, a never-ending stream of voices from the past.

But today was different.

""Hello...hello? Oh my God hello!"" The voice was shaking, and I felt a spark of hope ignite within me. I replayed the message, my heart racing with excitement. Could it be? Could someone else be out there?

I called the number again, my hands shaking as I waited for the voicemail to pick up. The same message played, and I felt a lump form in my throat. I called again, and again, each time listening to the same message.

And then, suddenly, the voicemail system picked up, and a real person answered. ""Hello?"" a woman's voice said, hesitant and unsure.

I took a deep breath, my voice barely above a whisper. ""Hello?"" I said, my heart pounding in my chest.

There was a pause, and then the woman spoke again. ""Hello? Is anyone there?""

I felt tears prick at the corners of my eyes. I'd been alone for so long, and now...now there was someone else. Someone who might be alive. Someone who might be human.

""Hello?"" I said again, my voice shaking with emotion.

And then, in a moment that would change my life forever, the woman spoke. ""Hello? Oh my God, hello!"" she said, her voice filled with tears and hope.

I smiled, feeling a sense of joy I hadn't felt in twenty years. I was no longer alone. There was someone else out there, someone who might be my friend, my companion, my family.

I took a deep breath, my heart full of hope. ""Hello,"" I said, my voice barely above a whisper. ""I'm Alex.""",transformers,/data2/yihewang/psychdepth_v2/LLaMA-Factory/saves/llama3.1-8b/merged/bigbench_narrative,2025-04-23_14-40-27,36.09575486183167,469,1.0,,4.5,4.0,4.5,4.0,3.0,4.5
31,31,6,"I stepped out of my makeshift shelter, the bright sunlight piercing through the dusty air like a thousand knives. Twenty years had passed since the world ended, and I was still alone. The silence was deafening, a constant reminder of what I'd lost. My name was Alex, and I was the last one left.

To keep myself sane, I'd found a way to call voicemails. It was a quirk of the old technology that still worked, a reminder of the world that once was. I'd set up a system to call the same numbers every day, listening to the same messages over and over. It was a ritual, a way to hold on to the past.

""Hi, this is Cindy..."" her voice would say, followed by a beep. I'd respond with a message of my own, hoping against hope that she'd call back. But she never did.

""Hi you reached Bob"" another message would say, and I'd leave a message for him too. The beeps and messages became a familiar soundtrack to my days.

But today was different. Today, I heard a voice that made my heart skip a beat.

""Hello...hello? Oh my God hello!""

I froze, my hand hovering over the phone. Could it be? Was someone actually on the other end? I took a deep breath and spoke into the phone, my voice shaking.

""Hello?""

There was a pause, and for a moment, I thought I'd imagined it all. But then, a voice spoke again.

""Hello? Is anyone there?""

I laughed, tears streaming down my face. ""Yes, I'm here,"" I said, my voice barely above a whisper.

There was another pause, and then a flood of questions. ""Where are you? How did you survive? What happened to everyone else?""

I answered, my words tumbling out in a rush. I told her about the world ending, about the silence and the loneliness. I told her about the voicemails, about the ritual that had kept me going all these years.

As I spoke, I felt a weight lift off my shoulders. I was no longer alone. There was someone else out there, someone who cared.

The voice on the other end listened, asking questions and making small talk. We talked for hours, our conversation flowing easily.

As the sun began to set, I realized that I'd forgotten to eat. Forgotten to breathe. Forgotten to be alone.

""Thank you,"" I said, my voice cracking with emotion.

""For what?"" the voice asked.

""For being here,"" I said. ""For being alive.""

There was a pause, and then a message that made my heart soar.

""I'm coming to find you,"" she said. ""I'll be there soon.""

I smiled, feeling a sense of hope that I hadn't felt in twenty years. The world might be dead, but I was alive. And I wasn't alone anymore. <||> I smiled, feeling a sense of hope that I hadn't felt in twenty years. The world might be dead, but I was alive. And I wasn't alone anymore. I smiled, feeling a sense of hope that I hadn't felt in twenty years. The world might be dead, but I was alive. And I wasn't alone anymore. I smiled, feeling a sense of hope that I hadn't felt in twenty years. The world might be dead, but I was alive. And I wasn't alone anymore. I smiled, feeling a sense of hope that I hadn't felt in twenty years. The world might be dead, but I was alive. And I wasn't alone anymore. I smiled, feeling a sense of hope that I",transformers,/data2/yihewang/psychdepth_v2/LLaMA-Factory/saves/llama3.1-8b/merged/bigbench_narrative,2025-04-23_14-41-04,44.63849854469299,592,1.0,,4.5,5.0,4.0,4.0,3.0,5.0
32,32,6,"I stepped out of my makeshift shelter, the bright sunlight piercing through the dusty air like a thousand knives. Twenty years had passed since the world ended, and I was still alone. The silence was deafening, a constant reminder of what I'd lost. My name was Alex, and I was the last one left.

To keep myself sane, I'd found a way to call voicemails. It was a quirk of the old technology that still worked, a reminder of the world that once was. I'd set up a system to call the same numbers every day, listening to the same messages over and over. It was a ritual, a way to hold on to the past.

""Hi, this is Cindy..."" her voice would say, followed by a beep. I'd respond with a message of my own, hoping against hope that she'd pick up. But she never did. The same with Bob, Rachel, and the others. Their messages were a constant reminder of what I'd lost.

""You know what to do at the beep,"" a robotic voice would say, and I'd respond with a message, leaving a piece of myself behind. It was a futile effort, but it was all I had.

Years went by, and the messages became a familiar comfort. I'd listen to them every day, reliving the memories of a world that was no more. But on this particular day, something was different. I dialed the number, and a woman's voice answered.

""Hello...hello? Oh my God hello!""

My heart skipped a beat. I'd never heard a live voice before. I stuttered, unsure of what to say. ""H-hello?"" I managed to stammer.

There was a pause, and for a moment, I thought it was just another recording. But then she spoke again. ""Hello? Is anyone there?""

I took a deep breath, trying to process what was happening. ""Y-yes,"" I said, my voice shaking. ""I'm here.""

There was another pause, and then she spoke again. ""Oh my God, is this some kind of joke? How is this possible?""

I laughed, tears streaming down my face. ""I don't know,"" I said. ""I've been calling this number for 20 years. I thought I was the only one left.""

There was a long silence, and for a moment, I thought I'd lost her. But then she spoke again. ""My name is Sarah,"" she said. ""I've been searching for you. I thought I was the only one left.""

I smiled, feeling a sense of hope I hadn't felt in years. ""I'm Alex,"" I said. ""I've been searching for you too.""

We talked for hours, our voices filled with excitement and tears. We talked about the world that was no more, and the world that was to come. We talked about our hopes and dreams, our fears and doubts.

As the sun began to set, casting a golden glow over the desolate landscape, I knew that I was no longer alone. I had Sarah, and together, we could face whatever the future held. The world may have ended 20 years ago, but for me, a new beginning had just begun. And as I looked up at the sky, I knew that I was no longer alone in this vast, empty world. I had found a friend, a companion, a reason to keep going. And that was all that mattered. <||>",transformers,/data2/yihewang/psychdepth_v2/LLaMA-Factory/saves/llama3.1-8b/merged/bigbench_narrative,2025-04-23_14-41-48,42.79738998413086,555,1.0,,4.0,4.0,4.0,4.0,3.0,4.0
33,33,6,"I stepped out of my makeshift shelter, the bright sunlight piercing through the dusty air like a thousand knives. Twenty years had passed since the world ended, and I was still alone. The silence was deafening, a constant reminder of what I'd lost. My name was Alex, and I was the last one left.

To keep myself sane, I'd found a way to call voicemails. It was a quirk of the old technology, a feature that allowed me to leave messages for people who weren't there. I'd set up a system, calling the same numbers every day, leaving messages for Cindy, Bob, and the others. It was a ritual, a way to pretend that the world was still spinning.

""Hi, this is Cindy..."" I'd say, my voice cracking with emotion. ""Hi you reached Bob"" I'd leave a message for Sarah, ""You know what to do at the beep"" I'd say, just like the automated voice told me to. It was a hollow comfort, but it was something.

I'd done this every day for twenty years, and it had become a part of me. I'd lost count of the number of voicemails I'd left, but I knew I'd never stop. It was a connection to the past, a reminder that I wasn't completely alone.

But today was different. Today, I'd left a message for someone named Rachel. I'd never called her before, but something about her name had caught my attention. As I waited for the beep, I felt a flutter in my chest. Maybe, just maybe, she'd answer.

The beep came, and I left my message. ""Rachel, this is Alex. I'm not sure why I'm calling you, but I just wanted to say hello. If you're out there, please call me back.""

I waited, my heart pounding in my chest. The minutes ticked by, and I began to lose hope. But then, suddenly, my phone rang. I stared at the screen, my eyes wide with wonder. It was a call from Rachel.

I took a deep breath and answered. ""Hello?"" I said, my voice shaking.

""Hello...hello? Oh my God hello!"" a voice exclaimed on the other end of the line.

I felt a lump form in my throat as I realized that Rachel was real. She was alive. I was no longer alone.

""Hello?"" I said again, my voice barely above a whisper.

There was a pause, and then Rachel spoke again. ""Alex? Is that you? Oh my God, I've been listening to your messages for years. I thought I was the only one left.""

I felt tears streaming down my face as I realized that I wasn't alone. There was someone else out there, someone who'd been listening to my messages just like I had been listening to hers.

""Rachel?"" I said, my voice cracking with emotion. ""I'm so glad you called.""

There was a pause, and then Rachel spoke again. ""Me too, Alex. Me too.""",transformers,/data2/yihewang/psychdepth_v2/LLaMA-Factory/saves/llama3.1-8b/merged/bigbench_narrative,2025-04-23_14-42-31,37.59862661361694,487,1.0,,5.0,5.0,5.0,5.0,4.0,5.0
34,34,6,"I stepped out of my makeshift shelter, the bright sunlight piercing through the dusty air like a thousand knives. Twenty years had passed since the world ended, and I was still alone. The silence was deafening, a constant reminder of what I'd lost. My name was Alex, and I was the last one left.

To keep myself sane, I'd found a way to call voicemails. It was a quirk of the old technology, a feature that allowed me to leave messages for people who weren't there. I'd set up a system, calling the same numbers every day, leaving messages for Cindy, Bob, and the others. It was a ritual, a way to pretend that the world was still spinning.

""Hi, this is Cindy..."" I'd say, my voice cracking with emotion. ""Hi you reached Bob"" I'd leave a message for Sarah, ""You know what to do at the beep"" I'd say, just like the automated voice told me to. It was a hollow comfort, but it was something.

I'd done this for 20 years, every day, without fail. The voicemails had become my only companions, my only connection to a world that was long gone. I'd grown accustomed to the silence, but sometimes, in the dead of night, I'd wake up to the sound of my own voice, and it would send shivers down my spine.

But today was different. Today, something changed.

I picked up the phone, dialed the number, and left my message. ""Hello...hello? Oh my God hello!"" I said, my voice trembling. I waited, my heart pounding in my chest. And then, I heard it. A faint voice, a voice that wasn't mine.

""Hello?"" it said, hesitant, unsure.

My heart skipped a beat. I replayed the message, my mind racing. Could it be? Could someone, anyone, be out there?

I called again, my hands shaking. ""Hello...hello? Oh my God hello!"" I said, my voice barely above a whisper.

And then, I heard it again. ""Hello?"" The voice was clearer this time, more confident.

I took a deep breath, my heart racing with excitement. I called again, and again, each time leaving a message, each time hearing that voice.

It was a spark of hope, a glimmer of light in the darkness. I'd been alone for so long, I'd forgotten what it felt like to be human. But now, with this voice, I felt alive.

I called again, and again, each time leaving a message, each time hearing that voice. And with each call, I felt a sense of purpose, a sense of belonging.

I was no longer alone. There was someone out there, someone who was alive, someone who was waiting to be found.

I smiled, a smile that I hadn't felt in 20 years. I was no longer just Alex, the last one left. I was Alex, the one who'd found hope in a world that was dead. And with that hope, I knew that I'd find my way, that I'd find my place in this new world.

I called again, my voice filled with excitement. ""Hello...hello? Oh my God hello!"" I said, my heart full of joy.

And then, I heard it. ""Hello?"" The voice was clear, confident, and full of life.

I smiled, tears streaming down my face. I was no longer alone. I was no longer alone. I was no longer alone. I was no longer alone. I was no longer alone. I was no longer alone. I was",transformers,/data2/yihewang/psychdepth_v2/LLaMA-Factory/saves/llama3.1-8b/merged/bigbench_narrative,2025-04-23_14-43-09,44.46763563156128,575,1.0,,4.0,3.0,3.0,3.0,2.0,4.0
35,35,7,"I stepped into the apiary, the warm sunlight dancing across the rows of hives. My bees, my friends, my family. I'd spent years cultivating this relationship, learning their language, understanding their needs. They knew me, and I knew them. We had a system, a delicate balance of give and take. I provided for them, and they provided for me. Honey, wax, and a sense of community that few humans experienced.

As I approached the first hive, I noticed a subtle change in the air. The bees were buzzing with an unusual intensity, their wings beating in a staccato rhythm. I smiled, recognizing the signal. The new queens were ready to communicate.

I lit a candle, and the bees settled around me, their eyes fixed on mine. I closed my eyes, focusing on the hum of their voices. It was a gentle murmur, a soft whisper that only I could hear.

""Rent is due,"" I said, opening my eyes to meet the gaze of the lead queen. She nodded, her antennae twitching.

""Yes, it is,"" she replied, her voice a gentle hum. ""But this year, we have a request.""

I leaned forward, intrigued. ""What is it?""

""We've been watching you, human,"" she said, her voice taking on a hint of amusement. ""We've seen how you've been struggling to make ends meet. Your hive is old, and the hives are in disrepair. We've been trying to help, but it's not enough.""

I felt a pang of surprise. My bees were intelligent, but I'd never thought they'd notice my financial struggles. ""How did you...?""

""We have our ways,"" the queen said, a hint of a smile playing on her lips. ""We've been watching you, and we've come to a realization. You're not just a beekeeper, human. You're a guardian. And guardians need tools.""

I nodded, feeling a sense of wonder. ""What do you need?""

""We need you to invest in our hives,"" the queen said, her voice firm but polite. ""We need new frames, new supers, and a better ventilation system. It's not just about the honey, human. It's about our home.""

I felt a surge of emotion, a mix of surprise and gratitude. My bees were asking me to invest in their future, to help them thrive. It was a request, not a demand. I nodded, a smile spreading across my face.

""I'll do it,"" I said, feeling a sense of pride and purpose. ""I'll make sure you have everything you need.""

The queen nodded, a hint of a smile playing on her lips. ""Thank you, human. We'll make sure to provide for you, as always.""

As I left the apiary, I felt a sense of wonder and gratitude. My bees had given me a gift, a reminder that our relationship was more than just a transaction. It was a partnership, a bond that went beyond words. And I knew that I would do everything in my power to make sure they had the best possible home, and the best possible future.",transformers,/data2/yihewang/psychdepth_v2/LLaMA-Factory/saves/llama3.1-8b/merged/bigbench_narrative,2025-04-23_14-43-53,38.63075518608093,500,1.0,,4.0,3.0,4.0,3.0,2.0,4.0
36,36,7,"I stepped into the apiary, the warm sunlight dancing across the rows of hives. My bees, my friends, my confidants. I'd spent years cultivating this relationship, learning their language, understanding their needs. They knew me, and I knew them. We had a system, a delicate balance of give and take. I provided for them, and they provided for me – honey, wax, and a sense of community.

As I approached the first hive, I noticed a subtle change in the air. The bees were buzzing with an unusual urgency, their wings beating in a staccato rhythm. I smiled, recognizing the new queens' presence. They were always the most intelligent, the most curious of my bees. And this year, they seemed particularly... assertive.

I opened the hive, and a gentle hum filled the air as the bees welcomed me. I began to inspect the frames, checking for signs of disease or pests. But my attention was drawn to the new queens, who were hovering around me, their antennae twitching with an air of expectation.

""Ah, ladies,"" I said, addressing them directly, ""what's on your minds?""

One of the queens, a regal creature with a shimmering golden coat, stepped forward. ""We've been thinking, beekeeper,"" she said, her voice a low, melodious hum. ""We've been thinking about the state of our hives. The conditions are... adequate, but we believe we can do better.""

I nodded, intrigued. ""Go on.""

""We've observed the other beekeepers in the area,"" the queen continued. ""They've invested in new equipment, improved ventilation, and more efficient harvesting methods. We believe it's time for us to upgrade as well.""

I was taken aback. My bees had never been so... businesslike before. ""And what do you propose I do?"" I asked, trying to keep up with their logic.

""We'd like you to invest in some new equipment,"" the queen replied, her antennae wiggling with anticipation. ""A new extractor, perhaps, or some improved ventilation systems. We're willing to 'rent' the honey at a fair rate, of course.""

I chuckled, impressed by their audacity. ""You're asking me to pay rent, aren't you?""

The queen smiled, a hint of mischief in her eyes. ""Well, when you put it that way, beekeeper... yes. We believe it's only fair, considering the value we bring to your life.""

I couldn't help but laugh. My bees had always been intelligent, but this was a new level of sophistication. I nodded, making a mental note to discuss the proposal with my accountant. ""Alright, ladies. I'll look into it. But I have to ask – what's behind this sudden interest in business?""

The queen's expression turned thoughtful. ""We've been watching you, beekeeper. We've seen how you care for us, how you provide for us. And we've come to realize that our relationship is... mutually beneficial. We'd like to formalize it, to make sure we're both getting the most out of our partnership.""

I smiled, feeling a sense of pride and wonder. My bees were growing up, becoming more than just a source of honey and wax. They were becoming business partners, equals in a delicate dance of give and take. And I was honored to be a part of it. ""Alright, ladies. Let's do this."" I said, extending a hand in a gesture of solidarity. ""Let's make this partnership official."" The queen's antennae twitched with excitement as she accepted my hand, sealing our new agreement.",transformers,/data2/yihewang/psychdepth_v2/LLaMA-Factory/saves/llama3.1-8b/merged/bigbench_narrative,2025-04-23_14-44-32,44.42681574821472,564,1.0,,2.5,3.5,3.5,4.5,2.5,2.5
37,37,7,"I stepped into the apiary, the warm sunlight dancing across the rows of hives. My bees, my friends, my family. I'd spent years cultivating this relationship, learning their language, understanding their needs. They knew me, and I knew them. We had a system, a delicate balance of give and take. I provided for them, and they provided for me. Honey, wax, and a sense of community that few humans experienced.

As I approached the first hive, I noticed a subtle change in the air. The bees were buzzing with an unusual urgency, their wings beating in a staccato rhythm. I smiled, recognizing the new queens' presence. They were always the most intelligent, the most curious of my bees. And this year, they were different. They seemed... polite.

I opened the hive, and a gentle hum filled the air as the bees welcomed me. I began to inspect the frames, checking for signs of disease or pests. But my attention was drawn to the new queens, who were hovering around me, their antennae twitching with a quiet intensity.

""Ah, ladies,"" I said, using the term of endearment I reserved for them. ""What's on your minds?""

One of the queens, a regal creature with a shimmering golden coat, stepped forward. ""We appreciate your care, beekeeper,"" she said, her voice like a soft breeze in my mind. ""But we've been thinking... perhaps it's time for an upgrade.""

I raised an eyebrow, intrigued. ""An upgrade?""

""Yes,"" another queen chimed in. ""Our hives are old, and the environment is changing. We need better ventilation, more space to expand. And, if I may be so bold, a small investment in our future would be... appreciated.""

I chuckled, impressed by their audacity. ""Rent, ladies? You're asking for rent?""

The queens exchanged a glance, their antennae wiggling with amusement. ""Well, when you put it that way, beekeeper... yes. Rent. But we're willing to negotiate.""

I laughed, feeling a sense of pride and wonder. My bees were intelligent, resourceful, and now, it seemed, financially savvy. I spent the next hour discussing the details with the queens, negotiating the terms of our new agreement. It was a strange, yet exhilarating experience, like conducting a business meeting with a group of tiny, winged entrepreneurs.

As the sun began to set, casting a golden glow over the apiary, I sealed the deal. I would invest in their future, providing the upgrades they needed to thrive. And in return, they would continue to provide me with their precious honey, their wax, and their unwavering friendship.

As I left the apiary, I felt a sense of gratitude and awe. My bees had evolved, and so had our relationship. We were no longer just beekeeper and bees; we were partners, collaborators in a delicate dance of give and take. And I knew that this new chapter in our partnership would be filled with wonder, discovery, and a deeper understanding of the intricate web of life that bound us together.",transformers,/data2/yihewang/psychdepth_v2/LLaMA-Factory/saves/llama3.1-8b/merged/bigbench_narrative,2025-04-23_14-45-17,38.76933193206787,494,1.0,,3.5,3.0,4.0,4.0,2.5,3.0
38,38,7,"I stepped into the apiary, the warm sunlight dancing across the rows of hives. My bees, my friends, my family. I'd spent years cultivating this relationship, learning their language, understanding their needs. They knew me, and I knew them. We had a system, a delicate balance of give and take. I provided for them, and they provided for me. Honey, wax, and a sense of community that few humans experienced.

As I approached the first hive, I noticed a subtle change in the air. The bees were buzzing with an unusual intensity, their wings beating in a staccato rhythm. I smiled, recognizing the signal. The new queens were ready to communicate.

I lit a candle, and the bees settled around me, their eyes fixed on mine. I closed my eyes, focusing on the hum of their voices. It was a gentle murmur, a soft whisper that only I could hear.

""Rent is due,"" I said, opening my eyes to meet the gaze of the lead queen. She nodded, her antennae twitching.

""Yes, it is,"" she replied, her voice a gentle hum. ""But this year, we have a request.""

I leaned forward, intrigued. ""What is it?""

""We've been watching you, human,"" she said, her voice taking on a hint of amusement. ""We've seen how you've been struggling to make ends meet. Your hive is in disarray, your honey stores depleted. We've been trying to help, but it's not enough.""

I felt a pang of shame, knowing that my bees had been shouldering the burden of my financial struggles. ""What do you propose?"" I asked, my voice barely above a whisper.

""We need an investment,"" the queen said, her eyes sparkling with a hint of mischief. ""We need you to upgrade our hives, to provide us with better living conditions. We're willing to pay rent, but we need you to invest in our future.""

I was taken aback. My bees, intelligent and resourceful as they were, had never asked for anything before. They'd always been content with the status quo, happy to provide for me in exchange for a safe home.

I looked around the apiary, taking in the rows of hives. I knew that I couldn't afford to upgrade them on my own, not without sacrificing my own well-being. But I also knew that I couldn't deny my bees' request. They were my partners, my friends.

""Okay,"" I said, a smile spreading across my face. ""I'll do it. I'll invest in your future.""

The queen nodded, a look of satisfaction crossing her face. ""We'll work together, human. We'll build a better future, one that benefits both of us.""

As I left the apiary, I felt a sense of hope that I hadn't felt in years. My bees and I were in this together, a partnership that would bring us both prosperity and happiness. And as I walked away from the hives, I knew that I had a new appreciation for the intelligence and resourcefulness of my beloved bees. They were more than just insects; they were my friends, my family, and my partners in every sense of the word.",transformers,/data2/yihewang/psychdepth_v2/LLaMA-Factory/saves/llama3.1-8b/merged/bigbench_narrative,2025-04-23_14-45-56,39.65775799751282,518,1.0,,3.0,3.0,3.0,4.0,2.0,2.0
39,39,7,"I stepped into the apiary, the warm sunlight dancing across the rows of hives. My bees, my friends, my family. I'd spent years cultivating this relationship, learning their language, understanding their needs. They knew me, and I knew them. We had a system, a delicate balance of give and take. I provided for them, and they provided for me. Honey, wax, and a sense of community that few humans experienced.

As I approached the first hive, I noticed a subtle change in the air. The bees were buzzing with an unusual intensity, their wings beating in a staccato rhythm. I smiled, recognizing the signal. The new queens were ready to communicate.

I lit a candle, and the bees settled around me, their eyes fixed on mine. I closed my eyes, focusing on the hum of their voices. It was a gentle murmur, a soft whisper that only I could hear.

""Rent is due,"" I said, opening my eyes to meet the gaze of the lead queen. She nodded, her antennae twitching.

""Yes, it is,"" she replied, her voice a gentle hum. ""But this year, we have a request.""

I leaned forward, intrigued. ""What is it?""

""We've been watching you, human,"" she said, her voice taking on a hint of amusement. ""We've seen how you've been struggling to make ends meet. Your hive is in disarray, your honey stores dwindling. We've been trying to help, but it's not enough.""

I felt a pang of guilt, knowing that my bees had been shouldering the burden of my financial struggles. ""What do you propose?"" I asked, my voice barely above a whisper.

""We need an investment,"" the queen said, her eyes sparkling with a hint of mischief. ""We need you to upgrade our hives, to provide us with better living conditions. We're willing to pay rent, but we need you to invest in our future.""

I was taken aback. My bees, intelligent and resourceful as they were, had never asked for anything before. They'd always been content with the status quo, happy to provide for me in exchange for a safe home.

I looked around the apiary, taking in the rows of hives. I knew that I couldn't afford to upgrade them on my own, not without sacrificing my own well-being. But the bees... they were my family. I couldn't deny them.

""Okay,"" I said, a smile spreading across my face. ""I'll do it. I'll invest in your future.""

The bees erupted into a joyful buzz, their wings beating in celebration. The lead queen nodded, a regal smile on her face. ""Thank you, human. We'll make sure to pay rent on time.""

As I left the apiary, I felt a sense of hope that I hadn't felt in years. My bees, my friends, my family, were counting on me. And I was determined to provide for them, to give them the future they deserved. Together, we would thrive. Together, we would build a better world.",transformers,/data2/yihewang/psychdepth_v2/LLaMA-Factory/saves/llama3.1-8b/merged/bigbench_narrative,2025-04-23_14-46-36,38.22520279884338,492,1.0,,4.0,3.0,4.0,4.0,2.0,2.0
40,40,8,"The city was abuzz with the upcoming elections. Posters plastered on every street corner, each candidate's face plastered with a smile that seemed to scream sincerity. But beneath the surface, a different story was unfolding.

In the shadows, a group of individuals had been quietly organizing a movement. They called it ""The Downvote Initiative."" Their goal was simple: to give the people a voice, not just a vote. In this system, a person could choose to downvote a candidate instead of voting for them. It was a subtle yet powerful tool, one that could potentially shift the balance of power.

The Downvote Initiative's leader, a young woman named Maya, stood on a rooftop overlooking the city. She gazed out at the sea of faces below, each one a potential ally in their quest for change. Maya's eyes sparkled with determination as she addressed the crowd.

""We're not just voting for a candidate,"" she said. ""We're voting against the status quo. We're voting against the corruption, the lies, and the broken promises. We're voting for a chance to create a better future, one where our voices are heard and our votes count.""

The crowd erupted in cheers, and Maya's words spread like wildfire through the city's streets. People from all walks of life began to join the movement, each one eager to make their mark on the election.

As election day approached, the city's residents flocked to the polls. But instead of voting for their preferred candidate, many chose to downvote. The results were astonishing. Candidate after candidate ended up with negative votes, their totals dwindling with each passing hour.

The politicians were caught off guard, their campaigns in disarray as they struggled to comprehend the sudden shift in public opinion. They had grown complacent, relying on their charm and charisma to win over voters. But the people had other plans.

Maya's message had resonated deeply, striking a chord in the hearts of those who felt disillusioned with the system. They saw the Downvote Initiative as a chance to reclaim their power, to take back control from the politicians who had failed them.

As the night wore on, the results continued to roll in. Candidate after candidate fell, their negative votes piling up like a mountain range. The city's residents cheered and laughed, their faces aglow with a sense of triumph.

In the end, it was not the candidate with the most votes who won, but the one with the fewest negative votes. A young, unknown candidate had emerged victorious, their message of hope and change resonating with the people.

Maya stood on the rooftop once more, this time surrounded by her fellow Downvote Initiative members. They hugged and cried, their faces etched with joy and relief.

""We did it,"" Maya whispered, her voice trembling with emotion. ""We gave the people a voice, and they used it.""

As the city below them erupted in celebration, Maya knew that this was just the beginning. The Downvote Initiative had shown the world that anonymity was not just a right, but a powerful tool for change. And in this new era of democracy, the people would never be silenced again.",transformers,/data2/yihewang/psychdepth_v2/LLaMA-Factory/saves/llama3.1-8b/merged/bigbench_narrative,2025-04-23_14-47-14,38.752201557159424,526,1.0,,4.0,3.0,3.0,4.0,3.0,4.0
41,41,8,"The city was abuzz with the upcoming elections. Posters plastered on every street corner, each candidate's face plastered with a smile that seemed to scream sincerity. But beneath the surface, a different story was unfolding.

In the shadows, a group of individuals had been quietly organizing a movement. They called it ""The Downvote Initiative."" Their mission was simple: to give the people a voice, not in support of the candidates, but against them.

The idea was born out of frustration. Politicians, once seen as leaders, had become caricatures of themselves. Their promises were empty, their actions self-serving. The people felt disenfranchised, their voices drowned out by the cacophony of special interests and party politics.

The Downvote Initiative offered a solution. Instead of voting for a candidate, citizens could downvote them. It was a simple concept: one downvote would reduce the candidate's total votes by one. No explanation was needed, no justification required. Just a simple ""no"" to the status quo.

The movement gained momentum, with people from all walks of life joining in. They saw it as a way to reclaim their power, to send a message to the politicians that they were not above criticism. Anonymity was key, as people feared retribution from the very politicians they sought to downvote.

On election day, the city's voting booths were filled with a sense of purpose. People cast their ballots, but not in the way the politicians had expected. The downvote button was clicked with reckless abandon, and the results were staggering.

By the end of the day, every single candidate had received more downvotes than votes. The politicians who had once been so confident in their popularity now slunk away, their tails between their legs.

The people had spoken, and their message was clear: they were tired of being lied to, tired of being ignored. They wanted change, but not the kind that came with a smile and a handshake. They wanted real change, the kind that came from the bottom up.

As the dust settled, a new movement began to take shape. The Downvote Initiative had given birth to a new era of civic engagement, one where anonymity was not a shield, but a sword. The people had found their voice, and they would not be silenced.

In the shadows, the organizers of the Downvote Initiative smiled, knowing that their work was far from over. They had given the people a tool, a way to express their discontent. Now, it was up to the people to use it wisely.

The city was forever changed, and the politicians would never be the same. The Downvote Initiative had shown that even in the darkest of times, there was always hope for a better tomorrow. And as the people looked to the future, they knew that they would always have a voice, a voice that would not be silenced. |",transformers,/data2/yihewang/psychdepth_v2/LLaMA-Factory/saves/llama3.1-8b/merged/bigbench_narrative,2025-04-23_14-48-37,35.03071475028992,478,1.0,,4.0,3.0,3.0,4.0,2.0,4.0
42,42,8,"The city was abuzz with the upcoming elections. Posters plastered on every street corner, each candidate's face beaming with confidence, their promises of change and prosperity echoing through the air. But amidst the fervor, a quiet revolution was brewing.

In the shadows, a group of individuals had been secretly organizing a counter-movement. They called it ""The Downvote Initiative."" Their mission was simple: to give the people a voice, not just to vote for a candidate, but to express their discontent with the system as a whole.

The Downvote Initiative's manifesto was straightforward: instead of voting for a candidate, citizens could choose to downvote them. A single click, and the candidate's vote count would decrease by one. It was a subtle yet powerful act of defiance, a way to say, ""I don't trust you.""

As the election day approached, the Downvote Initiative's message began to spread like wildfire. Social media platforms were flooded with posts and hashtags, encouraging people to downvote their least favorite candidates. The movement's anonymous leaders remained hidden, but their impact was undeniable.

On election day, the polls opened, and the citizens of the city flocked to cast their votes. But instead of the usual ballots, voters were presented with a new option: the downvote button. It was a simple, unassuming button, but its power was immense.

As the votes were counted, the results began to trickle in. And to the surprise of everyone, the majority of candidates ended up with negative votes. The Downvote Initiative had succeeded in its mission, giving the people a voice to express their discontent with the system.

The politicians were stunned. They had never seen anything like this before. Their carefully crafted campaigns, their promises of change, their charismatic speeches – none of it had mattered. The people had spoken, and they had spoken loudly.

As the dust settled, the anonymous leaders of the Downvote Initiative emerged from the shadows. They were a group of ordinary citizens, tired of the same old politics and the same old promises. They had taken matters into their own hands, using technology to give the people a voice.

Their message was clear: in a democracy, anonymity is the key to winning. Not charisma, not money, not influence – but the ability to speak truth to power, without fear of reprisal. The Downvote Initiative had shown that even in the most seemingly entrenched systems, change was possible.

As the city began to rebuild and reassess its politics, the Downvote Initiative's leaders disappeared into the crowd, their work done. But their legacy lived on, a reminder that in a democracy, the power to shape the future lies not with the politicians, but with the people. And that sometimes, the most powerful voice is the one that remains silent, but not unheard. |",transformers,/data2/yihewang/psychdepth_v2/LLaMA-Factory/saves/llama3.1-8b/merged/bigbench_narrative,2025-04-23_14-49-13,34.273276805877686,464,1.0,,3.5,3.0,3.5,4.0,4.0,4.0
43,43,8,"The city was abuzz with the upcoming elections. Posters plastered on every street corner, each candidate's face plastered with a smile that seemed to scream sincerity. But beneath the surface, a different story was unfolding.

In the shadows, a group of individuals had been quietly organizing a movement. They called it ""The Downvote Initiative."" Their goal was simple: to give the people a voice, not just a vote. In this system, a person could choose to downvote a candidate instead of voting for them. It was a subtle yet powerful tool, one that could potentially swing the election in favor of the people.

The Downvote Initiative was born out of frustration. People were tired of being forced to choose between the lesser of two evils. They were tired of being told who to vote for, tired of being manipulated by politicians who promised the world but delivered nothing. This movement was a chance for them to take back control.

As the election day approached, the city's residents began to take notice. They saw the posters, the rallies, and the debates. But they also saw the Downvote Initiative's subtle message: ""Vote with your conscience, not your party."" It was a call to action, one that resonated deeply with those who felt disillusioned with the system.

On election day, the city's residents flocked to the polls. But instead of voting for their preferred candidate, many chose to downvote. They scribbled a single word on their ballot: ""No."" It was a powerful statement, one that sent a clear message to the politicians: we don't trust you.

As the votes were counted, the results were shocking. The majority of candidates ended up with negative votes. The politicians who had promised so much had been rejected by the people. The city's residents had spoken, and their voice was loud and clear.

The Downvote Initiative's leader, a young woman named Maya, stood on the steps of city hall, a smile on her face. ""This is just the beginning,"" she said, her voice echoing through the crowd. ""We've shown that we can take back control, that we can make our voices heard. But this is just the start. We'll continue to organize, to mobilize, and to demand change.""

As the crowd dispersed, the city's residents began to realize the true power of the Downvote Initiative. They had been given a tool, a tool that allowed them to express their discontent without being tied to a particular party or ideology. They had been given a voice, and they had used it.

In the days that followed, the city's politicians scrambled to respond. They promised to listen to the people, to work harder to earn their trust. But the damage had been done. The people had spoken, and their message was clear: we don't trust you.

The Downvote Initiative had changed the game. It had given the people a voice, a voice that would be heard loud and clear in the years to come. And as the city's residents looked to the future, they knew that they would never be silenced again. They had taken back control, and they would never let it go. The Downvote Initiative had become a beacon of hope, a reminder that even in the darkest of times, there was always a way to fight back. And in this city, the people would never be silenced again. The Downvote Initiative had given them a voice, and they would use it to shape their future. |",transformers,/data2/yihewang/psychdepth_v2/LLaMA-Factory/saves/llama3.1-8b/merged/bigbench_narrative,2025-04-23_14-49-47,42.177857398986816,580,1.0,,4.0,3.0,3.0,3.0,2.0,2.0
44,44,8,"The city was abuzz with the upcoming elections. Posters plastered on every street corner, each candidate's face beaming with confidence, their promises of change and prosperity echoing through the air. But amidst the fervor, a quiet revolution was brewing.

In the shadows, a group of individuals had been secretly organizing a counter-movement. They called it ""The Downvote Initiative."" Their mission was simple: to give the people a voice, not to elect a new government, but to reject the old one.

The Downvote Initiative's manifesto was straightforward: instead of voting for a candidate, you could downvote them. One click, and their votes would be reduced by one. It was a subtle yet powerful tool, one that could potentially upend the entire electoral process.

The group's leader, a young woman named Maya, had been quietly gathering support for months. She had created a platform where people could anonymously downvote candidates, their votes tallied and displayed on a public leaderboard.

As the election day approached, the Downvote Initiative's message began to spread like wildfire. People from all walks of life, disillusioned with the current state of politics, flocked to the platform. They downvoted with abandon, their clicks echoing through the digital void.

The results were astonishing. Candidates who had once seemed invincible now found themselves with negative votes. Their numbers dwindled, their chances of winning slipping away with each passing hour.

The politicians, caught off guard, scrambled to respond. They accused the Downvote Initiative of being a ""voter suppression tactic,"" a ""threat to democracy."" But Maya and her team remained steadfast, their message clear: the people had a right to reject the status quo.

As the votes were counted, the Downvote Initiative's impact became clear. The majority of candidates had ended up with negative votes. The people had spoken, and their message was loud and clear: they had little love for politicians.

In the end, it was not a candidate who won the election, but anonymity. The Downvote Initiative had shown that in democracies, the key to winning was not to promise the world, but to give the people a voice. A voice that could be heard, even if it was just a single click.

Maya's platform remained active long after the election, a testament to the power of the people. And as the politicians struggled to come to terms with their new reality, the Downvote Initiative's message continued to echo through the digital void: the people had spoken, and they would not be silenced. |",transformers,/data2/yihewang/psychdepth_v2/LLaMA-Factory/saves/llama3.1-8b/merged/bigbench_narrative,2025-04-23_14-50-29,31.243303060531616,413,1.0,,4.0,2.0,3.0,2.0,2.0,2.0
45,45,9,"I woke up to the sound of my alarm blaring in my ear, but it wasn't the usual jolt of adrenaline that got me out of bed. It was the weight of responsibility. My service dog, a sleek black lab named Max, lay beside me, his eyes sunken and his fur dull. I had been given Max to help me through my depression, but it turned out he was the one who needed help.

At first, I thought it was just a mix-up. The trainer had assured me that Max was a perfect match for me, but as the days went by, I realized that something was off. Max wouldn't respond to commands, wouldn't even lift his head when I called his name. He just lay there, staring blankly into space.

I tried to get him to eat, to play with him, to do anything to get him to snap out of it, but nothing worked. It was like he was trapped in a perpetual funk, and I was the only one who could help him.

As the days turned into weeks, I found myself getting up in the morning not for myself, but for Max. I had to be the service human for him, to help him through his own depression. It was a strange reversal, but it gave me a sense of purpose.

I started taking Max on long walks, trying to get him to engage with the world around him. At first, he just plodded along beside me, his head hung low. But slowly, I started to see tiny sparks of life in his eyes. He'd sniff at a fire hydrant, or wag his tail slightly when I gave him a treat.

It was these small moments that got me through the tough days. Knowing that I was making a difference in Max's life gave me the strength to keep going. I started to see the world through his eyes, to appreciate the small joys that I had been missing.

As the weeks turned into months, Max started to come out of his shell. He'd play fetch with me, and even initiate play on his own. He'd curl up beside me at night, his eyes shining with a newfound sense of hope.

And I realized that I wasn't just helping Max – he was helping me too. He was reminding me that there was still beauty in the world, that even on the darkest days, there was always something to be grateful for.

I still had my bad days, of course. But with Max by my side, I knew that I wasn't alone. And that was all the motivation I needed to keep going. As I looked down at Max, I smiled, feeling a sense of gratitude towards this depressed dog who had become my lifeline.

""You're doing great, buddy,"" I said, scratching behind his ears. ""We're in this together."" And for the first time in a long time, I felt a spark of hope. Maybe, just maybe, we could get through this together. Max looked up at me, his eyes shining with a glimmer of understanding, and I knew that we were going to be okay. We were going to be more than okay – we were going to thrive. And that was all that mattered.",transformers,/data2/yihewang/psychdepth_v2/LLaMA-Factory/saves/llama3.1-8b/merged/bigbench_narrative,2025-04-23_14-51-01,39.12474799156189,550,1.0,,4.0,3.0,4.0,4.0,3.0,5.0
46,46,9,"I woke up to the sound of my alarm blaring in my ear, but it wasn't the usual jolt of adrenaline that got me out of bed. It was the weight of responsibility. My service dog, a sleek black lab named Max, lay beside me, his eyes sunken and his fur dull. I had been given Max to help me through my depression, but it turned out he was the one who needed help.

At first, I thought it was just a mix-up. The trainer had assured me that Max was a perfect match for me, but it quickly became apparent that he was struggling just as much as I was. His training was stunted, and he would often just sit there, staring blankly into space. I tried to get him to respond to commands, but he would barely lift his head.

But as the days went by, I realized that Max was more than just a service dog. He was a kindred spirit, a fellow traveler in the dark depths of depression. And I was his service human.

It was a strange reversal, but it was what got me out of bed every morning. I had to be there for Max, to help him through the day. I would take him for walks, feed him, and give him treats. And slowly but surely, he began to perk up.

At first, it was just small things. He would wag his tail slightly when I came home, or sniff at his food with a hint of interest. But as the weeks went by, he began to respond to commands, to sit and stay and even do a few tricks. And with each small victory, I felt a sense of purpose that I hadn't felt in years.

It wasn't just about Max, though. It was about me too. Knowing that I had to be there for him, to help him through the day, gave me a reason to get out of bed. It gave me a reason to keep going, even when the darkness seemed overwhelming.

As the months passed, Max and I became inseparable. We went on walks, played fetch, and even cuddled up on the couch together. And with each passing day, I felt myself getting better. Not just because of the medication or therapy, but because of Max.

He was more than just a service dog. He was my partner, my confidant, and my friend. And as I looked into his eyes, I knew that I wasn't alone. We were in this together, Max and I. And as long as we had each other, we could face anything.

I still had bad days, of course. Days when the depression felt like it was suffocating me, and I just wanted to crawl back into bed. But on those days, I would look at Max, and I would know that I had to keep going. For him, for me, and for the bond that we shared.

As I lay in bed that morning, I felt a sense of gratitude towards Max. He may have been a service dog, but he was so much more than that. He was my reason for getting up, my reason for living. And as I scratched behind his ears, I knew that I would do anything to help him through the day. Because when it came down to it, Max was my service human, and I was his. And together, we were unstoppable.",transformers,/data2/yihewang/psychdepth_v2/LLaMA-Factory/saves/llama3.1-8b/merged/bigbench_narrative,2025-04-23_14-52-25,41.12511348724365,577,1.0,,4.5,4.0,4.5,4.5,4.0,5.0
47,47,9,"I woke up to the sound of my alarm blaring in my ear, but it wasn't the usual jolt of adrenaline that got me out of bed. It was the weight of responsibility. My service dog, a sleek black lab named Max, lay beside me, his eyes sunken and his fur dull. I had been given Max to help me through my depression, but it turned out he was the one who needed help.

At first, I thought it was just a mix-up. The trainer had assured me that Max was a perfect match for me, but as the days went by, I realized that something was off. Max wouldn't respond to commands, wouldn't even lift his head when I called his name. He just lay there, staring blankly into space.

I tried to get him to eat, to exercise, to do anything that would get him moving. But nothing seemed to work. It was like he was trapped in a perpetual funk, and I was the only one who could pull him out.

As the days turned into weeks, I found myself getting up in the morning not for myself, but for Max. I had to be the service human for him, to help him through his own depression. It was a strange reversal, but it gave me a sense of purpose.

I started taking Max on long walks, trying to get him to engage with the world around him. At first, he just plodded along beside me, his head hung low. But slowly, I started to see tiny sparks of life in his eyes. He'd sniff at a fire hydrant, or wag his tail slightly when I gave him a treat.

It was these small moments that kept me going. I'd look at Max and think, ""If I can get him to smile, to wag his tail, then maybe I can too."" It was a twisted logic, but it worked.

As the weeks turned into months, Max started to come out of his shell. He'd chase after balls, play with his toys, and even give me the occasional nuzzle. It was like he was mirroring my own progress, and it gave me hope.

One day, as we were walking through the park, Max suddenly perked up and ran after a squirrel. I laughed out loud, feeling a sense of joy I hadn't felt in months. Max turned back to me, his tail wagging wildly, and I knew that I wasn't alone in this fight.

For the first time in a long time, I felt like I had a reason to get out of bed in the morning. It wasn't for myself, but for Max. And as I looked into his eyes, I knew that he was counting on me to be his service human, to help him through the darkest of times.

I scooped up Max in a big hug, feeling a sense of gratitude towards this depressed dog who had become my lifeline. Together, we'd face whatever came next, one step at a time. And as we walked off into the sunset, I knew that I wasn't alone, and that Max was counting on me to be his service human, his friend, and his reason to keep going.",transformers,/data2/yihewang/psychdepth_v2/LLaMA-Factory/saves/llama3.1-8b/merged/bigbench_narrative,2025-04-23_14-53-06,38.7062611579895,541,1.0,,4.0,3.0,4.0,4.0,3.0,5.0
48,48,9,"I woke up to the sound of my alarm blaring in my ear, but it wasn't the usual jolt of adrenaline that got me out of bed. It was the weight of responsibility. My service dog, a sleek black lab named Max, lay beside me, his eyes sunken and his fur dull. I had been given Max to help me through my depression, but it turned out he was the one who needed help.

At first, I thought it was just a mix-up. The trainer had assured me that Max was a perfect match for me, but as the days went by, I realized that something was off. Max would lie in the corner of the room, staring blankly at the wall, and I'd have to coax him out with treats. He'd refuse to play fetch or even go for a walk, and when I tried to take him to the park, he'd just sit there, his tail thumping listlessly on the ground.

But as I looked into his eyes, I saw something that gave me a spark of determination. I realized that I wasn't just a service human for myself; I was a service human for Max. I had to get out of bed, to take care of him, to make sure he was okay. It was a strange kind of motivation, but it was enough to get me moving.

I got dressed, and Max slowly followed me out of the bedroom. We went to the kitchen, where I made him a bowl of food, and he ate it mechanically, his eyes still vacant. I tried to engage him in conversation, but he just lay there, his ears drooping. I felt a pang of sadness, but I pushed it aside. I had to be strong for Max.

As the days went by, I found myself getting out of bed earlier and earlier, just to take care of Max. I'd take him on long walks, trying to get him to engage with the world around him. I'd play with him, trying to get him to smile. And slowly but surely, I started to feel a sense of purpose. I wasn't just a depressed person; I was a service human, and it was my job to take care of Max.

It wasn't easy, and some days were harder than others. There were days when Max wouldn't even get out of bed, and I'd have to coax him with treats and affection. But I persisted, because I knew that I was making a difference in his life. And as I looked into his eyes, I saw a glimmer of hope. Maybe, just maybe, we could get through this together.

As I lay in bed that night, Max curled up beside me, I felt a sense of peace wash over me. I wasn't alone in my depression; I had Max, and he needed me just as much as I needed him. And in that moment, I knew that I could face whatever came next, as long as I had Max by my side. The weight of responsibility was still there, but it was no longer a burden. It was a reminder that I was needed, that I was making a difference in the life of someone who needed me just as much as I needed him. And that was all the motivation I needed to get out of bed in the morning. |",transformers,/data2/yihewang/psychdepth_v2/LLaMA-Factory/saves/llama3.1-8b/merged/bigbench_narrative,2025-04-23_14-53-45,40.17971873283386,570,1.0,,4.0,3.0,4.0,4.0,2.0,5.0
49,49,9,"I woke up to the sound of my alarm blaring in my ear, but it wasn't the usual jolt of adrenaline that got me out of bed. It was the weight of responsibility. My service dog, a sleek black lab named Max, lay beside me, his eyes sunken and his fur dull. I had been given Max to help me through my depression, but it turned out he was the one who needed help.

At first, I thought it was just a mix-up. The trainer had assured me that Max was a perfect match for me, but as the days went by, I realized that something was off. Max would lie in the corner of the room, staring blankly at the wall, and I'd have to coax him out with treats. He'd refuse to play fetch or even go for a walk, and when I tried to take him to the park, he'd just sit there, his tail thumping listlessly on the ground.

But despite all this, I found myself getting out of bed every morning, not for myself, but for Max. I had to be the service human for him, to help him through his own darkness. It was a strange reversal, but it gave me a sense of purpose I hadn't felt in months.

As I got dressed and made breakfast, Max slowly dragged himself out of bed, his eyes half-open. I fed him, and he ate mechanically, his ears drooping. I tried to engage him in conversation, but he just lay there, his tail thumping occasionally. I knew he was depressed, and it broke my heart.

But I couldn't give up on him. I had to be strong for Max, even if I wasn't strong for myself. So I took him to the park, and he trudged along beside me, his head hung low. We sat on a bench, and I stroked his fur, trying to will some life into him. He closed his eyes, and for a moment, I thought I saw a glimmer of hope.

As the days went by, I found myself getting better, not because of any magic cure, but because I was determined to help Max. I started taking him to therapy sessions, and the trainer worked with us both, teaching me how to help Max through his depression. It was a slow process, but Max began to perk up, his tail wagging occasionally, his ears perking up when he heard his name.

I realized that I wasn't just helping Max; I was helping myself too. By being there for him, I was reminded that I wasn't alone, that there was still good in the world. And when Max finally started to smile, his tail wagging with excitement, I felt a spark of hope ignite within me.

It was a small victory, but it was enough to get me out of bed the next morning, and the next, and the next. I was no longer just a service human; I was Max's lifeline, and he was mine. Together, we were navigating the darkness, one small step at a time. And as I looked at Max, his eyes shining with a glimmer of hope, I knew that I was no longer alone. We were in this together, and that was all that mattered.",transformers,/data2/yihewang/psychdepth_v2/LLaMA-Factory/saves/llama3.1-8b/merged/bigbench_narrative,2025-04-23_14-54-25,39.81005644798279,550,1.0,,5.0,5.0,5.0,5.0,5.0,5.0
50,50,10,"I died and awoke in the afterlife. It's quite nice actually. The people and atmosphere are a lot nicer than I'm used to. There's no stress or pressure, just a gentle warmth that seeps into my bones. I'm greeted by a friendly face, a woman with a warm smile and a gentle touch. She introduces herself as a guide and shows me around this new world.

Everywhere I look, there's beauty. Rolling hills of green, sparkling lakes, and towering trees that stretch up to the sky. The air is filled with the sweet scent of blooming flowers, and the sky is a brilliant blue. I feel a sense of peace wash over me, and for the first time in a long time, I feel truly at ease.

As I explore this new world, I meet people who seem genuinely happy to see me. They welcome me with open arms, and we share stories and laughter together. I'm amazed by how kind and compassionate everyone is. It's a far cry from the world I left behind, where stress and anxiety seemed to rule every aspect of life.

I ask my guide about the good deed that got me into this paradise, and she smiles knowingly. ""You don't have to worry about that,"" she says. ""You're here because you're meant to be."" I'm not sure what to make of that, but I'm too busy enjoying the scenery to worry about it.

As the days pass, I settle into this new life. I make friends, learn new skills, and explore the wonders of this world. I start to feel like I've finally found my place in the universe.

But one day, a figure appears before me. He's tall and imposing, with horns and a scowl that makes my heart skip a beat. He introduces himself as Beezle, a demon from the underworld.

""What's going on here?"" he growls, his eyes scanning the landscape. ""This is hell, not heaven.""

I'm taken aback. ""What do you mean?"" I ask, feeling a sense of unease creeping in.

""This is the underworld,"" Beezle repeats, his voice dripping with disdain. ""You're not in heaven, you're in the depths of hell. And you're not here because of some good deed, you're here because you're a complete and utter failure.""

I feel a wave of panic wash over me. ""What do you mean?"" I ask again, my voice shaking.

""You're a failure,"" Beezle says, his voice dripping with venom. ""You're a waste of space, a useless human who contributed nothing to society. And this is where you belong.""

I'm stunned. I thought I was in heaven, not hell. I thought I was among friends, not in a place of suffering. I look around, and for the first time, I see the world through Beezle's eyes. The beauty is still there, but it's tainted by a sense of despair and hopelessness.

I feel a sense of shame wash over me. I realize that I've been living in a fantasy, a world that's not real. I'm not in heaven, I'm in hell. And I'm not sure if I'll ever be able to escape. Beezle's words echo in my mind, a constant reminder of my failure. I'm trapped in this underworld, with no way out. And I'm not sure if I'll ever find my way back to the world above.",transformers,/data2/yihewang/psychdepth_v2/LLaMA-Factory/saves/llama3.1-8b/merged/bigbench_narrative,2025-04-23_14-55-05,42.86402893066406,557,1.0,,4.5,4.0,4.0,4.0,3.5,4.5
51,51,10,"I died and awoke in a place that was, quite frankly, nicer than I was used to. The air was crisp and clean, the sky a brilliant blue, and the people... well, they were all smiling. It was a bit disconcerting, to be honest. I'd always thought of heaven as a place of angels and harps, but this was more like a... a resort, I suppose. Everyone was relaxed, chatting and laughing with each other. No one seemed to be in a hurry.

I wandered around, taking it all in, and eventually found myself at a bar. I ordered a drink and struck up a conversation with the bartender, a friendly-looking woman with a warm smile. We chatted for a bit, and I asked her about the place. ""What's the story here?"" I said. ""How did I end up here?""

She leaned in, a conspiratorial look on her face. ""You're in heaven,"" she said. ""You must have done something good in your life.""

I raised an eyebrow. ""Really? I'm not sure about that. I mean, I tried to do some good, but I'm not sure I succeeded.""

She waved a hand. ""Don't worry about it. You're here now. That's all that matters.""

I nodded, feeling a bit more at ease. Maybe I had done something good after all. Maybe I was worthy of this place.

But as I continued to explore, I started to notice things that didn't quite add up. People were arguing, but they were arguing in a nice way. They were laughing and joking, even as they disagreed. And there were no rules, no laws, no consequences. It was all very... free.

And then I saw a sign. ""Welcome to Hell,"" it read.

I felt a jolt of surprise. Hell? But this was nice. This was... pleasant.

I approached a figure standing nearby, a tall, imposing man with horns and a scowl on his face. ""Excuse me,"" I said. ""I think there's been a mistake. I'm in heaven, right?""

The man's expression didn't change. ""You're in hell,"" he said. ""And you're not even a particularly interesting soul.""

I felt a shiver run down my spine. ""What do you mean?""

The man sighed. ""You're not a rebel, not a hero. You're just... ordinary. And in hell, ordinary is the worst kind of sin.""

I felt a sense of unease creeping over me. ""But... but I thought this was heaven.""

The man shook his head. ""No, it's hell. And you're stuck here, because you're not interesting enough to be anywhere else.""

I felt a cold dread creeping over me. I was in hell. And I was stuck here, with no way out.

The man's expression softened slightly. ""Don't worry,"" he said. ""You'll get used to it. Eventually.""

I nodded, feeling a sense of resignation wash over me. I was in hell. And I was stuck here, forever. The thought was... not pleasant. But I tried to focus on the positive. At least it was nice here. At least the people were friendly. And at least I had no stress or pressure. That was something, right?",transformers,/data2/yihewang/psychdepth_v2/LLaMA-Factory/saves/llama3.1-8b/merged/bigbench_narrative,2025-04-23_14-55-48,41.4947202205658,516,1.0,,4.0,3.0,3.0,4.0,3.0,4.0
52,52,10,"I died and awoke in a place that was, quite frankly, nicer than I was used to. The air was crisp and clean, the sky was a brilliant blue, and the people... well, the people were lovely. They smiled at me, offered me a warm cup of coffee, and asked how I was feeling. I was feeling a bit dazed, to be honest, but they just nodded sympathetically and told me to take my time.

As I wandered around this new place, I couldn't help but feel a sense of relief wash over me. No more stress, no more pressure, no more deadlines to meet or bills to pay. It was... nice.

I approached one of the friendly locals, a woman with a kind face and a warm smile, and asked her what I had done to deserve this lovely place. She looked at me with a curious expression and said, ""Well, you're not in heaven, exactly.""

I raised an eyebrow. ""Not in heaven?""

She shook her head. ""No, this is... well, it's not exactly hell either.""

I was starting to get confused. ""So, what is it, then?""

She hesitated, as if unsure how to explain. ""It's... a waiting room, I suppose. A place where souls come to... wait.""

I was still trying to wrap my head around this when a figure appeared at my side. He was tall, with piercing red eyes and skin that seemed to shift and writhe like a living thing. He introduced himself as Bael, a demon from the underworld.

I tried to play it cool, but my heart was racing. ""Nice to meet you, Bael.""

Bael's expression was grave. ""I've been sent to speak with you, mortal. You see, you're not just any soul. You're a... a special case.""

I felt a shiver run down my spine. ""What do you mean?""

Bael's eyes seemed to bore into my very soul. ""You see, this place... it's not heaven, and it's not hell. It's something in between. A place where souls come to... wait, as your friend said. But you, mortal, you're not waiting for anything. You're not even aware of what you're waiting for.""

I was starting to feel a sense of unease. ""What are you talking about?""

Bael's voice dropped to a whisper. ""You're a soul who's forgotten their purpose. You're stuck in this limbo, unable to move on because you don't know what you're waiting for.""

I felt a cold dread creeping up my spine. ""What do you mean, forgotten my purpose?""

Bael's expression was sympathetic, but his eyes still seemed to gleam with a malevolent light. ""You see, mortal, you were a very special person in life. You had a purpose, a reason for being. But you forgot it. And now, you're stuck here, unable to move on.""

I felt a wave of panic wash over me. ""What do I do?""

Bael's smile was cold and cruel. ""Ah, that's the question, isn't it? You see, mortal, you have a choice to make. You can either remember your purpose and move on, or... you can stay here forever.""

I felt a cold sweat break out on my brow. ""What do you mean, stay here forever?""

Bael's eyes seemed to gleam with a malevolent light. ""You'll be stuck in this limbo, forever trapped in this waiting room. No heaven, no hell. Just... nothing.""

I felt a sense of horror",transformers,/data2/yihewang/psychdepth_v2/LLaMA-Factory/saves/llama3.1-8b/merged/bigbench_narrative,2025-04-23_14-56-29,44.32557225227356,565,1.0,,3.0,2.0,2.0,3.0,2.0,3.0
53,53,10,"I died and awoke in a place that was, quite frankly, nicer than I was used to. The air was crisp and clean, the sky a brilliant blue, and the people... well, they were all smiling. I'd never seen so many smiles in one place before. It was a bit disconcerting, to be honest.

As I wandered through this... heaven, I couldn't help but feel a sense of relief wash over me. No more stress, no more pressure, no more deadlines to meet or bills to pay. It was a weight off my shoulders, and I felt lighter than I had in years.

I approached one of the smiling individuals, a woman with a kind face and a warm smile. ""Excuse me,"" I said, ""but I'm a bit confused. What's the catch? What good deed got me into this... this paradise?""

The woman's smile faltered for a moment, and she looked around nervously before leaning in close. ""To be honest, you're not in heaven,"" she whispered. ""This is... hell.""

I felt a shiver run down my spine. ""What do you mean? This can't be hell. It's too nice.""

The woman nodded. ""I know, I know. But trust me, it's not as nice as it seems. You see, in hell, the devil's not interested in torturing souls with fire and brimstone. No, he's more interested in... well, in making us comfortable. In making us forget what we're missing.""

I was taken aback. ""But why?""

The woman shrugged. ""I don't know. Maybe it's some kind of twisted game. Maybe he wants to see how long it takes for us to realize what we've lost. But whatever the reason, it's not a good one.""

Just then, a figure appeared at my side. He was tall and imposing, with horns and a tail that seemed to be made of pure shadow. ""Ah, welcome, new arrival,"" he said, his voice dripping with malice. ""I see you're getting the tour.""

I swallowed hard, trying to hide my fear. ""Who are you?""

The demon smiled, his eyes glinting with amusement. ""I'm your guide, your confidant, your... well, your tormentor, I suppose. My name is Beezle, and I'm here to make sure you enjoy your stay in... hell.""

I felt a cold sweat break out on my brow. ""What do you mean?""

Beezle chuckled. ""Oh, don't worry. You'll find out soon enough. But for now, let's just say that I'm here to make sure you don't get too comfortable. That you don't forget what you're missing.""

I shuddered at the thought. ""What am I missing?""

Beezle's smile grew wider. ""Oh, everything. Your loved ones, your friends, your life. You're missing it all, and I'm here to remind you of it.""

I felt a wave of despair wash over me, and for the first time since my arrival, I realized that this place wasn't so nice after all. This was hell, and I was trapped here, with no escape in sight. Beezle's words echoed in my mind, a constant reminder of what I'd lost, and what I'd never have again. And as I stood there, frozen in terror, I knew that I was in for a long, long stay in this... hell.",transformers,/data2/yihewang/psychdepth_v2/LLaMA-Factory/saves/llama3.1-8b/merged/bigbench_narrative,2025-04-23_14-57-14,43.80210566520691,533,1.0,,4.0,3.0,3.0,4.0,3.0,5.0
54,54,10,"I died and awoke in the afterlife. It's quite nice actually. The people and atmosphere are a lot nicer than I'm used to. There's no stress or pressure, just a gentle warmth that seeps into my bones. I'm greeted by a friendly face, a woman with a warm smile and a gentle touch. She introduces herself as a guide and shows me around this new world.

Everywhere I look, there's beauty. Rolling hills of green, sparkling lakes, and towering trees that stretch up to the sky. People stroll by, laughing and chatting, their faces filled with joy. I feel a sense of peace wash over me, a sense of belonging.

As I explore, I meet more people, each one more kind and welcoming than the last. They ask me about my life, my passions, and my dreams. They listen with genuine interest, offering words of encouragement and support. I feel seen, heard, and understood in a way I never have before.

I ask my guide about the good deed that got me into this paradise. She smiles and says, ""You're a very special person. Your kindness and compassion have touched the lives of many. You're exactly where you're meant to be.""

I'm thrilled, feeling a sense of pride and accomplishment. But as I continue to explore, I start to notice something odd. There are no rules here, no consequences for bad behavior. People do as they please, and yet, they all seem to be living in harmony.

It's not until I stumble upon a group of people arguing that I realize the truth. They're not arguing about anything significant, just trivial things like whose turn it is to do the dishes or whose fault it is that the coffee machine broke. They're not angry or aggressive, just frustrated and disappointed.

I approach my guide, concerned. ""Is everything okay?"" I ask. She looks at me with a mixture of sadness and concern. ""I'm afraid not,"" she says. ""This is hell.""

I'm taken aback. ""What do you mean? This is the nicest place I've ever been.""

She nods. ""Yes, it is. But it's also a prison. People are trapped here, unable to move on. They're stuck in their own personal hells, reliving the same emotions and experiences over and over.""

I'm stunned. ""But why? What did I do to deserve this?""

She looks at me with a serious expression. ""You didn't do anything wrong. You're just... unaware. You're not seeing the bigger picture.""

Just then, a figure appears behind her. He's tall and imposing, with horns and a tail. He introduces himself as Beezle, a demon from the underworld.

""I've been sent to inform you that you're not in heaven,"" he says, his voice dripping with malice. ""You're in hell, and you're not going anywhere anytime soon.""

I'm shocked, feeling a sense of panic rising up inside me. ""What do you mean? I thought this was paradise.""

Beezle chuckles. ""Paradise is a myth, a myth created to keep people in line. This is the real deal. And you're stuck here, forever trapped in your own personal hell.""

I'm horrified, feeling a sense of despair wash over me. I look at my guide, but she just shakes her head. ""I'm sorry,"" she says. ""I should have told you the truth from the start.""

I'm left standing there, feeling lost and alone, with no idea how to escape this place. Beezle just laughs and disappears, leaving me to face the reality of my situation",transformers,/data2/yihewang/psychdepth_v2/LLaMA-Factory/saves/llama3.1-8b/merged/bigbench_narrative,2025-04-23_14-57-58,44.38805246353149,580,1.0,,4.0,3.0,3.0,4.0,3.0,4.0
55,55,11,"I stormed into the Moon Goddess's throne room, my anger simmering just below the surface. ""You've got to be kidding me,"" I spat, slamming the Moon Princess locket down on the ornate table in front of her. ""A 14-year-old girl, defending the world against evil? Are you out of your mind?""

The Moon Goddess, resplendent in her shimmering silver robes, looked at me with a serene expression. ""Ah, mortal father,"" she said, her voice like a gentle breeze on a summer day. ""You misunderstand the nature of the locket and its power.""

I snorted. ""Misunderstand? You think I'm misunderstanding? I've seen the news, I've seen the footage. My daughter, fighting off hordes of monsters and saving the world from certain destruction. At 14 years old! What kind of world are you running here?""

The Moon Goddess leaned forward, her eyes sparkling with amusement. ""The world is a complex and ever-changing place, mortal father. And the Moon Princess is a powerful and capable hero, even at a young age.""

I shook my head, incredulous. ""Capable? She's a child! She's supposed to be in school, learning algebra and playing soccer, not fighting off demons and saving the world. What about her education? Her social life? Her childhood?""

The Moon Goddess chuckled, a low, throaty sound. ""Ah, mortal father, you worry too much about the mundane concerns of the mortal realm. The Moon Princess is a hero, and heroes do not concern themselves with such petty things. Besides, she is not just a child - she is a vessel for the power of the locket, and she is learning to wield it with each passing day.""

I glared at her, my anger boiling over. ""And what about her safety? What about her well-being? You're putting her in harm's way, time and time again, without any regard for her feelings or her future. What kind of goddess are you, anyway?""

The Moon Goddess's expression turned serious, and for a moment, I saw a glimmer of something like sadness in her eyes. ""I am a goddess of the moon, mortal father,"" she said, her voice low and gentle. ""And I am bound by the laws of the universe to protect the world from harm. The Moon Princess is a key part of that protection, and I will not abandon her to the whims of fate.""

I shook my head, feeling a mix of frustration and despair. ""You're not listening to me,"" I said, my voice barely above a whisper. ""You're not seeing the bigger picture. You're just a goddess, playing at being a hero, without any regard for the consequences.""

The Moon Goddess leaned back in her throne, a small smile playing on her lips. ""I am listening, mortal father,"" she said. ""And I am seeing the bigger picture. But you must trust in the power of the locket, and in the bravery of the Moon Princess. She is a hero, and she will save the world, no matter what the cost.""

I stood there, frozen in anger and frustration, as the Moon Goddess's words hung in the air like a challenge. And then, slowly, I turned and walked away, leaving the Moon Goddess and her throne room behind. I knew that I would never see the world in the same way again, and that my daughter's fate was forever tied to the power of the locket.",transformers,/data2/yihewang/psychdepth_v2/LLaMA-Factory/saves/llama3.1-8b/merged/bigbench_narrative,2025-04-23_14-58-42,42.89962148666382,562,1.0,,4.0,3.0,3.0,2.0,2.0,3.0
56,56,11,"I stormed into the Moon Goddess's throne room, my anger simmering just below the surface. ""You've got to be kidding me,"" I spat, slamming the Moon Princess locket down on the ornate table in front of her. ""A 14-year-old girl, defending the world against evil? Are you out of your mind?""

The Moon Goddess, resplendent in her shimmering silver robes, looked at me with a serene expression. ""Ah, mortal father,"" she said, her voice like music. ""You are upset. I can sense it.""

""Upset?"" I repeated, my voice rising. ""You think I'm upset? You've got no idea what it's like to have your daughter out there, fighting monsters and saving the world. I'm furious. I'm terrified. I'm...I'm...""

I took a deep breath, trying to calm down. ""Okay, let's start over. What is this thing?"" I picked up the locket, examining it closely. It was a beautiful piece of craftsmanship, with intricate silver filigree and a glowing moonstone at its center.

""This is the Moon Princess locket,"" the Moon Goddess explained. ""It allows your daughter to transform into the Moon Princess, one of the world's greatest heroes. And it's also a communications device, allowing her to stay in touch with me and the other heroes.""

I felt a wave of anger wash over me again. ""And you just handed it to her? At 14? Without even telling me?""

The Moon Goddess shrugged. ""I thought it would be a good opportunity for her to learn and grow. And besides, she's a natural. She's been training for years.""

I shook my head. ""Training? She's 14. She's still in school. She's still a kid. She shouldn't be out there fighting monsters and saving the world.""

The Moon Goddess leaned forward, her eyes sparkling with amusement. ""Ah, but that's where you're wrong, mortal father. Your daughter is not just any ordinary 14-year-old. She's a Moon Princess, and she's been chosen for a great purpose. And besides, she's not just fighting monsters and saving the world. She's learning valuable lessons about courage, honor, and sacrifice.""

I glared at her. ""And what about me? What about her mother? Don't we have a say in this?""

The Moon Goddess smiled. ""Of course you do, mortal father. But you see, this is not just about your daughter or her mother. It's about the world. And the world needs heroes like the Moon Princess now more than ever.""

I sighed, feeling a mix of emotions swirling inside me. I was still angry, but I was also proud of my daughter. And I knew that the Moon Goddess was right. The world did need heroes like the Moon Princess. And my daughter was one of them.

""Okay,"" I said finally, feeling a sense of resignation wash over me. ""I'll let her keep the locket. But you have to promise me one thing.""

The Moon Goddess raised an eyebrow. ""What's that?""

""You have to promise me that you'll keep an eye on her. And that you'll make sure she's safe.""

The Moon Goddess nodded, a smile spreading across her face. ""I promise, mortal father. I'll keep a close eye on her. And I'll make sure she's safe.""

I nodded, feeling a sense of relief wash over me. ""Good. Because I don't think I could handle losing her."" I looked at the Moon Goddess, my eyes searching hers. ""And neither could you.""<|im",transformers,/data2/yihewang/psychdepth_v2/LLaMA-Factory/saves/llama3.1-8b/merged/bigbench_narrative,2025-04-23_14-59-25,44.47362208366394,559,1.0,,4.0,3.0,4.0,3.0,2.0,3.0
57,57,11,"I stormed into the Moon Goddess's throne room, my anger simmering just below the surface. ""You've got to be kidding me,"" I spat, slamming the Moon Princess locket down on the ornate table in front of her. ""A 14-year-old girl, defending the world against evil? Are you out of your mind?""

The Moon Goddess, resplendent in her shimmering silver robes, looked at me with a serene expression. ""Ah, mortal father,"" she said, her voice like a gentle breeze on a summer day. ""You do not understand the ways of the universe.""

""Understand?"" I repeated, my voice rising. ""I understand that my daughter is a child, not a superhero. She's 14 years old, for crying out loud! She's still learning to drive, still figuring out who she is and where she fits in the world. And you're putting her in harm's way, expecting her to save the world from certain doom?""

The Moon Goddess's expression didn't change, but I could sense a hint of amusement in her voice. ""The Moon Princess has been chosen for this role, mortal father. She has the heart of a warrior and the spirit of a hero.""

I scoffed. ""The heart of a warrior? You mean the heart of a scared, confused teenager who's still trying to navigate puberty? I don't think so.""

The Moon Goddess leaned forward, her eyes glinting with a hint of steel. ""You do not know what it means to be a hero, mortal father. To put the needs of others before your own, to risk everything for the greater good. The Moon Princess has shown herself to be capable of such selflessness.""

I shook my head, feeling a mix of emotions: anger, frustration, and a deep concern for my daughter's safety. ""I don't care about the greater good,"" I said, my voice cracking. ""I care about my daughter's well-being. And I don't want her putting herself in harm's way, not at her age.""

The Moon Goddess's expression softened, and for a moment, I saw a glimmer of understanding in her eyes. ""I will speak with the Council of Elders,"" she said. ""Perhaps we can find a way to... temper the Moon Princess's duties, to give her more time to grow and learn.""

I nodded, feeling a small sense of relief. ""Thank you,"" I said, my voice barely above a whisper.

The Moon Goddess smiled, a small, enigmatic smile. ""You are welcome, mortal father. But remember, the Moon Princess is not just a child. She is a hero, and heroes do not get to choose their path. They are chosen for it.""

I left the throne room feeling a mix of emotions, but also a sense of determination. I would do everything in my power to protect my daughter, to keep her safe from the dangers that lurked in the shadows. And if that meant going up against the Moon Goddess herself, I was ready. For my daughter's sake, I would fight.",transformers,/data2/yihewang/psychdepth_v2/LLaMA-Factory/saves/llama3.1-8b/merged/bigbench_narrative,2025-04-23_15-00-10,37.63789081573486,490,1.0,,4.5,4.0,4.5,4.0,3.5,4.5
58,58,11,"I stormed into the Moon Goddess's throne room, my anger simmering just below the surface. ""You've got to be kidding me,"" I spat, slamming the Moon Princess locket down on the ornate table in front of her. ""A 14-year-old girl, defending the world against evil? Are you out of your mind?""

The Moon Goddess, resplendent in her shimmering silver robes, looked at me with a serene expression. ""Ah, mortal father,"" she said, her voice like a gentle breeze on a summer day. ""You do not understand the ways of the universe. Your daughter is a chosen one, destined for greatness.""

""Greatness?"" I repeated, incredulous. ""She's 14 years old! She's still in middle school. She's supposed to be worrying about algebra and boys, not saving the world from certain doom.""

The Moon Goddess smiled, her eyes twinkling with amusement. ""The world is full of certain doom, mortal father. And your daughter is one of the few who can stop it.""

I shook my head, trying to process the sheer audacity of it all. ""And what about her education? Her social life? Her childhood?""

The Moon Goddess waved a hand dismissively. ""These are mere mortal concerns. Your daughter's destiny is far greater than any of these things.""

I took a deep breath, trying to calm down. ""Listen, Moon Goddess. I appreciate the whole 'chosen one' thing, but can't you see that this is a recipe for disaster? A 14-year-old girl, wielding a powerful artifact like this...it's a ticking time bomb waiting to happen.""

The Moon Goddess leaned forward, her expression serious. ""I have watched your daughter grow, mortal father. I have seen her potential, her courage, her heart. She is ready for this. And besides, she is not alone. She has the Moon Princess locket, and with it, she has the power to transform into one of the world's greatest heroes.""

I glared at the locket, feeling a surge of anger and frustration. ""And what about the locket's communications device? How many times has she had to call you for help, begging for guidance and support?""

The Moon Goddess's expression faltered for a moment, and I saw a glimmer of guilt in her eyes. ""Ah, well...perhaps a few times,"" she admitted.

I threw up my hands in exasperation. ""A few times? You've got to be kidding me! This is a 14-year-old girl, Moon Goddess. She's not a superhero, she's a kid. And you're putting her in harm's way, time and time again.""

The Moon Goddess leaned back in her throne, a look of calm determination on her face. ""I am doing what is necessary, mortal father. And so is your daughter. She will learn, she will grow, and she will become one of the greatest heroes the world has ever known.""

I shook my head, feeling a sense of resignation wash over me. ""I hope so, Moon Goddess. I really do."" But deep down, I knew that I was just delaying the inevitable. My daughter was going to be a superhero, whether I liked it or not. And I was going to have to learn to live with it.",transformers,/data2/yihewang/psychdepth_v2/LLaMA-Factory/saves/llama3.1-8b/merged/bigbench_narrative,2025-04-23_15-00-47,41.003390073776245,517,1.0,,4.0,3.0,3.0,3.0,2.0,4.0
59,59,11,"I stormed into the Moon Goddess's throne room, my anger and frustration boiling over. ""You've got to be kidding me,"" I spat, slamming the Moon Princess locket down on the altar in front of her. ""A 14-year-old girl, defending the world against evil? Are you out of your mind?""

The Moon Goddess looked up at me, her expression serene and unyielding. ""Ah, mortal father,"" she said, her voice dripping with an otherworldly calm. ""You would not understand the ways of the universe. Your daughter is strong and capable, and she has been chosen for this great task.""

I shook my head, incredulous. ""Chosen? Chosen to be a hero? At 14? You're putting her life at risk, not to mention her education, her social life... everything. What about her childhood? Doesn't she deserve to be a normal teenager for once?""

The Moon Goddess's expression didn't change, but I could sense a hint of amusement in her voice. ""Childhood is a fleeting thing, mortal. And besides, your daughter is not just any ordinary child. She has the heart of a warrior, and the spirit of a true hero.""

I scoffed. ""You're just saying that because you're the one who gave her the locket. You're biased.""

The Moon Goddess leaned forward, her eyes glinting with a fierce light. ""I am not biased, mortal. I am simply stating the truth. Your daughter has been chosen for this task, and she will fulfill it. And as for the locket... it is not just a tool for transformation. It is a key to her very soul.""

I snorted. ""Save it, Moon Goddess. I'm not buying it. You're just using my daughter as a pawn in your game of cosmic politics.""

The Moon Goddess's expression turned cold, and for a moment, I thought I saw a flash of anger in her eyes. But then, it was gone, and she was serene once more. ""You would do well to remember your place, mortal,"" she said. ""I am the Moon Goddess, and I will not be questioned. Your daughter will continue to defend the world, and you will support her in this task.""

I glared at her, my anger and frustration still simmering. But I knew I was no match for the Moon Goddess's power. I could only hope that my daughter would be okay, and that she would come back to me in one piece.

As I turned to leave, I heard the Moon Goddess's voice behind me. ""And, mortal father... do not forget to tell your daughter to wear her cape properly. It's a bit too short for her age.""

I spun back around, my eyes blazing with anger. ""You're kidding me, right? You're worried about her cape?""

The Moon Goddess smiled, a small, enigmatic smile. ""A hero's attire is not just about function, mortal. It's about style. And your daughter's cape is a bit... lacking.""

I threw up my hands in exasperation. ""I'm out of here."" I stormed out of the throne room, leaving the Moon Goddess to her celestial politics and my daughter to her heroic duties. But as I walked away, I couldn't shake the feeling that I was in over my head. And that my daughter was in grave danger.",transformers,/data2/yihewang/psychdepth_v2/LLaMA-Factory/saves/llama3.1-8b/merged/bigbench_narrative,2025-04-23_15-01-28,41.79980754852295,537,1.0,,4.0,3.0,3.0,3.0,2.0,3.0
60,60,12,"I woke up in the middle of the night, my arm hanging over the side of my bed. It was pitch black and my room was shrouded in deep shadow. I lay there for a moment, disoriented, trying to remember where I was and what had woken me up. But as I looked down, I saw it. A hand, pale and cold, had reached out from the darkness and was grasping mine. I felt a jolt of fear, but something else too - a spark of competitiveness. I knew that first impressions were important, and a firm, confident handshake established dominance. So I tightened my grip, feeling the other hand squeeze back. It was a silent challenge, a test of strength and wills. I could feel the other person's pulse, rapid and uneven, but I didn't back down. I held firm, my fingers digging into the other person's wrist. The darkness seemed to press in around us, making it feel like we were the only two people in the world. I could sense the other person's tension, their fear and uncertainty. But I didn't let up. I kept my grip tight, my heart pounding in my chest. And then, suddenly, the hand was gone. I lay there for a moment, my heart still racing, wondering if it had all been a dream. But as I looked down at my hand, I saw that it was still clenched into a fist. I slowly relaxed my grip, feeling a sense of disappointment and frustration. Who was it? What did they want? And why had they let go? I lay there for a long time, my mind racing with questions and fears. But as the darkness began to recede, and the first light of dawn crept into my room, I realized that I had been given a choice. I could let the fear and uncertainty consume me, or I could face it head-on. I could let the darkness win, or I could take control. And as I lay there, I knew what I had to do. I would face it. I would find out who it was, and why they had come to me in the dead of night. And I would not back down. I would not let the fear win. I would take control, and I would emerge victorious. The darkness may have been shrouded, but I was not. I was ready. I was strong. And I was not afraid. I threw off the covers and got out of bed, my heart still pounding in my chest. I walked over to the window and pulled back the curtains, letting the sunlight flood in. And as I stood there, bathed in the warm glow of the morning sun, I felt a sense of peace wash over me. I knew that I would face whatever lay ahead, with courage and determination. And I knew that I would not be alone. I would have myself, and I would have the light. And that was all I needed. I took a deep breath, feeling the fear and uncertainty begin to recede. And I knew that I was ready. I was ready to face whatever lay ahead, with confidence and courage. And I was ready to take control. I was ready to shine. I walked back to bed, feeling a sense of determination and purpose. I would face whatever lay ahead, with my head held high and my heart full of courage. And I would not be afraid. I would be strong. I would be brave. And I would be victorious. I climbed back into bed, feeling a sense of peace and calm wash over me. And as I drifted off to sleep, I knew that I would face whatever lay ahead, with confidence and courage",transformers,/data2/yihewang/psychdepth_v2/LLaMA-Factory/saves/llama3.1-8b/merged/bigbench_narrative,2025-04-23_15-02-10,44.41357493400574,630,1.0,Attempt 1: Word count 601 not within range; Attempt 2: Word count 616 not within range; Attempt 3: Word count 641 not within range; Attempt 4: Word count 652 not within range; Attempt 5: Word count 612 not within range; Attempt 6: Word count 630 not within range,4.0,3.5,3.0,4.0,3.0,4.0
61,61,12,"I woke up in the middle of the night, my arm hanging over the side of my bed. It was pitch black and my room was shrouded in deep shadow. I lay there for a moment, disoriented, trying to remember where I was and what had woken me up. But as I looked down, I saw it. A hand, pale and cold, had reached out from the darkness and was grasping mine. I felt a jolt of fear, but something else too - a spark of competitiveness. I knew that first impressions were important, and a firm, confident handshake established dominance. So I tightened my grip, feeling the other hand squeeze back. It was a silent challenge, a test of strength and wills. I could feel the other person's pulse, rapid and uneven, but I didn't back down. I held firm, my fingers digging into the other person's wrist. The darkness seemed to press in around us, making the air thick and heavy. I could feel the weight of the unknown, the uncertainty of who or what was on the other end of my hand. But I refused to let go. I was in control, and I would not be intimidated. The silence stretched out between us, a tense and expectant pause. I could feel the other person's breathing, slow and deliberate, as if they were waiting for me to make the next move. But I didn't. I held steady, my grip unyielding. And then, just as suddenly as it had started, it was over. The hand released mine, and I was left lying there in the darkness, my heart pounding in my chest. I lay there for a long time, trying to catch my breath and process what had just happened. But as I looked down at my hand, I saw something that made my blood run cold. A small, pale handprint remained on my skin, a reminder of the unseen presence that had grasped mine in the darkness. I knew then that I was not alone in my room, and that the encounter was far from over. The darkness seemed to press in around me, making me feel small and vulnerable. But I refused to back down. I was ready for whatever came next. I tightened my grip on the bed sheets, my heart pounding in my chest. Bring it on, I thought. I'm ready. But as I waited, the darkness seemed to grow thicker and more oppressive, until I couldn't bear it anymore. I threw off the covers and got out of bed, determined to face whatever was lurking in the shadows. But as I stood there, my eyes straining to see into the darkness, I realized that I was not alone. The handprint on my skin seemed to be spreading, creeping up my arm like a cold, pale stain. And I knew then that I was not just facing a presence - I was facing a transformation. The darkness was seeping into me, taking hold of me like a cold, dark tide. And I was powerless to stop it. I felt myself being pulled down, down into the depths of the darkness, where the unknown waited. And as I fell, I knew that I would never be the same again. The darkness closed in around me, a cold, dark shroud that wrapped itself around my heart. And I was gone. |",transformers,/data2/yihewang/psychdepth_v2/LLaMA-Factory/saves/llama3.1-8b/merged/bigbench_narrative,2025-04-23_15-06-38,40.83057403564453,565,1.0,,3.5,4.5,3.0,4.0,3.0,2.5
62,62,12,"I woke up in the middle of the night, my arm hanging over the side of my bed. It was pitch black and my room was shrouded in deep shadow. I lay there for a moment, disoriented, trying to remember where I was and what had woken me up. But as I looked down, I saw it. A hand, grasping mine. I froze, my heart racing. Who was it? I tried to shake it off, but it held tight. I felt a surge of adrenaline and my grip tightened in response. First impressions are important, and a firm, confident handshake establishes dominance. I was ready to defend myself, to prove that I wasn't someone to be messed with. But as I looked closer, I realized that it wasn't a person at all. It was a shadow, a dark shape that seemed to be made of the very darkness itself. It was grasping my hand, but it wasn't pulling me towards it. It was holding on, as if it was trying to keep me from slipping away. I felt a shiver run down my spine as I realized that I was the one who was holding on to it. I was the one who was grasping its hand, trying to keep it from disappearing into the darkness. It was a strange, unsettling feeling, like I was trying to hold onto something that wasn't there. But I couldn't let go. I couldn't let it slip away. I was trapped in this moment, suspended between wakefulness and sleep, with this dark shape holding my hand. And then, just as suddenly as it had started, it was over. The shadow released my hand and I was left lying there, my heart still racing, my mind reeling. I lay there for a long time, trying to make sense of what had just happened. But as the darkness receded and the room began to take shape around me, I realized that it was just a dream. Or was it? I looked down at my hand, half-expecting to see the shadow still grasping it. But it was just my own hand, lying there in the darkness. I took a deep breath and let my arm fall back onto the bed. It was just a dream, I told myself. But as I lay there, I couldn't shake the feeling that I was still holding onto something, that I was still grasping the hand of the shadow. And as I drifted off to sleep, I couldn't help but wonder what it had been trying to tell me. Was it a warning, a message from my subconscious? Or was it just a product of my own fevered imagination? I didn't know, but I knew one thing for sure: I would never forget the feeling of that shadow's hand in mine. It was a feeling that lingered long after I woke up, a reminder that sometimes the things that haunt us are the things that we can't see. And as I lay there in the darkness, I couldn't help but wonder what other secrets my subconscious was hiding from me. Secrets that only the shadows knew. Secrets that only the darkness could reveal. And as I drifted off to sleep, I felt the shadow's hand grasping mine once again, holding me back from the edge of reality. But this time, I didn't try to shake it off. This time, I let it hold me, and I let the darkness take me away.",transformers,/data2/yihewang/psychdepth_v2/LLaMA-Factory/saves/llama3.1-8b/merged/bigbench_narrative,2025-04-23_15-08-48,26.364341735839844,581,1.0,,4.5,4.0,3.5,4.0,3.0,4.0
63,63,12,"I woke up in the middle of the night, my arm hanging over the side of my bed. It was pitch black and my room was shrouded in deep shadow. I lay there for a moment, trying to shake off the feeling of unease that had settled over me. But as I drifted back into a state of semi-consciousness, I felt it. Something unseen seized my hand, its grip cold and unyielding. I froze, my heart racing in my chest. My mind was a jumble of thoughts, trying to make sense of what was happening. But as I lay there, I realized that I wasn't going to let whatever it was get the better of me. I grasped its hand tightly, knowing that first impressions were important, and a firm, confident handshake establishes dominance. I squeezed its hand, feeling a surge of adrenaline course through my veins. I was in control, and I wasn't going to let go. The grip on my hand tightened, and I could feel a presence looming over me. I squeezed harder, my knuckles white with tension. The presence didn't flinch, but I could sense a flicker of surprise. I was determined to assert my dominance, to show this unseen force that I wasn't to be trifled with. I squeezed again, feeling a sense of power coursing through me. The presence hesitated, and for a moment, I thought I had the upper hand. But then, it countered, its grip tightening around mine. I gritted my teeth, feeling a surge of fear mixed with adrenaline. I was in a battle of wills, and I wasn't sure who was going to come out on top. The grip on my hand tightened, and I felt myself being pulled towards the darkness. I dug my heels into the bed, trying to resist the pull. But it was no use. I was being dragged into the shadows, my hand still locked in a death grip with the unseen force. I felt a sense of disorientation, as if I was being pulled through a vortex. And then, everything went black. When I came to, I was lying in bed, my arm still hanging over the side of the bed. It was morning, and the room was bathed in a warm, golden light. I looked down at my hand, feeling a sense of relief wash over me. It was just a dream, I told myself. But as I looked closer, I saw something that made my blood run cold. My hand was still locked in a grip with something, something that was still holding on tight. I tried to shake it off, but it wouldn't budge. I was trapped, and I had no idea what was holding me. I lay there, frozen in terror, as the grip on my hand tightened, pulling me back into the darkness. And then, everything went black again. This time, I didn't wake up. I was gone, dragged into the shadows by the unseen force that had been holding my hand. The grip on my hand remained, a constant reminder of what had happened. And when the police found me, they said I had been dead for hours, my hand still locked in a grip with something that was never found. They said it was a mystery, a case that would never be solved. But I knew the truth. I had been taken by something that lurked in the shadows, something that had been waiting for me all along. And it was still holding my hand. |",transformers,/data2/yihewang/psychdepth_v2/LLaMA-Factory/saves/llama3.1-8b/merged/bigbench_narrative,2025-04-23_15-11-46,26.97701096534729,589,1.0,,3.0,4.0,3.0,4.0,2.0,4.0
64,64,12,"I woke up in the middle of the night, my arm hanging over the side of my bed. It was pitch black and my room was shrouded in deep shadow. I lay there for a moment, trying to shake off the feeling of unease that had settled over me. But as I drifted back into a state of semi-consciousness, I felt it. Something unseen seized my hand, its grip cold and unyielding. I froze, my heart racing in my chest. My mind was a jumble of thoughts, but one thing was clear: I wasn't going to let this...thing...get the upper hand. I grasped its hand tightly, knowing that first impressions were important, and a firm, confident handshake establishes dominance. I squeezed harder, feeling a surge of adrenaline course through my veins. The grip on my hand tightened in response, and for a moment, we were locked in a silent struggle. I could feel its presence, a dark and malevolent force that seemed to be seeping into my very being. But I refused to back down. I squeezed again, harder this time, and the grip on my hand faltered. For a moment, I thought I'd won, that I'd asserted my dominance over this unseen foe. But then, I felt it. A cold, clammy breath on the back of my neck. It was a whisper, barely audible, but it sent shivers down my spine. ""You think you're in control?"" it whispered. ""You think you can dominate me?"" I tried to shake off the feeling of dread that was creeping over me, but it was too late. The grip on my hand tightened once more, and I felt myself being pulled out of bed, into the darkness. I stumbled, my feet tangling in the sheets, but I refused to give in. I fought back, my fists flying wildly in the darkness. But it was no use. I was at its mercy, and I knew it. The last thing I remembered was the sound of my own voice, screaming in terror, as the darkness closed in around me. When I came to, I was lying in bed, my arm still hanging over the side of the bed. It was morning, and the room was bathed in a warm, golden light. I lay there for a moment, trying to shake off the feeling of unease that lingered long after the darkness had receded. But as I looked down at my hand, I saw something that made my blood run cold. A small, cold handprint, pressed into my palm. It was a reminder that sometimes, the things that lurk in the darkness are more than just our imagination. They're real. And they're waiting for us.",transformers,/data2/yihewang/psychdepth_v2/LLaMA-Factory/saves/llama3.1-8b/merged/bigbench_narrative,2025-04-23_15-13-09,21.110538482666016,449,1.0,,4.0,3.0,3.0,4.0,2.0,4.0
65,65,13,"I stood in the bookstore, scanning the shelves for the familiar cover. It was a thrill to see my significant other's name in print, and I couldn't wait to hold the book in my hands. The deal had been announced months ago, but this was the first time I'd seen the actual book on a shelf. I felt a surge of pride as I picked it up, running my fingers over the embossed title.

As I made my way to the checkout, I couldn't help but think about the countless drafts my partner had shared with me over the years. The late-night typing sessions, the revisions, the rejections. I'd been a sounding board, a critic, and a cheerleader all rolled into one. And now, here it was – a tangible representation of their hard work.

I paid for the book and headed home, eager to dive in. But as I settled onto the couch with a cup of coffee, I felt a twinge of trepidation. What if it wasn't as good as I remembered? What if it was worse? I pushed the thoughts aside and began to read.

The first few pages were...different. The writing was clunky, the sentences awkward. I winced as I read through the opening chapter, my mind racing with memories of the polished drafts my partner had shared with me. Where was the elegance? The flow? The emotional depth?

I turned the page, hoping it would get better. But it didn't. The characters felt flat, the dialogue stilted. I found myself skimming through the chapters, searching for something – anything – that would remind me of the writing I'd grown accustomed to. But it wasn't there.

As I read on, my disappointment grew. This wasn't the book I'd envisioned. This wasn't the book my partner had written. I felt a pang of guilt, wondering if I'd been deluding myself all along. Had I been so caught up in my own pride and love for my partner that I'd ignored the flaws in their writing?

I finished the book in a daze, my mind reeling with questions. Why had the publisher agreed to this? Had they not seen the same drafts I had? Was I just being a bad partner, not wanting to hurt my loved one's feelings?

As I closed the book, I felt a sense of unease. I didn't know how to process my emotions, or what to say to my partner. I knew I had to be honest, but I was scared of hurting them. I took a deep breath and picked up my phone, my heart heavy with the weight of my doubts. It was time to have a conversation. But what would I say? ""I'm proud of you, but this book is terrible""? Or ""I love you, but I don't think you're a good writer""? I didn't know, but I knew I had to try. For my partner's sake, and for the sake of our relationship. I took a deep breath and dialed their number, my heart pounding in my chest. It was time to have the conversation. But what would I say? Only time would tell.",transformers,/data2/yihewang/psychdepth_v2/LLaMA-Factory/saves/llama3.1-8b/merged/bigbench_narrative,2025-04-23_15-14-26,24.2969343662262,525,1.0,,4.0,3.0,4.0,4.0,2.0,4.0
66,66,13,"I stood in the bookstore, scanning the shelves for the familiar cover. It was a thrill to see my significant other's name in print, and I couldn't wait to hold the book in my hands. The deal had been announced months ago, but this was the first time I'd seen the actual book. I picked it up, feeling a surge of pride as I turned it over in my hands.

As I made my way to the checkout, I couldn't help but think about how far my partner had come. We'd met in a writing group, and their passion for storytelling had been infectious. I'd always been supportive, even when their writing was... rough. But they'd worked hard, honing their craft and pushing through rejection after rejection.

I paid for the book and headed home, eager to dive in and see what all the fuss was about. As I settled onto the couch, I opened the book and began to read. The first few pages were... different. The writing was polished, the sentences flowing smoothly. But as I turned the page, I realized that this wasn't the writing I'd seen before.

The stories my partner had shared with me were raw and emotional, full of heartache and struggle. But this book was... sanitized. The characters were more likable, the conflicts more easily resolved. It was as if my partner had taken all the messy, complicated emotions and smoothed them out, making them palatable for a wider audience.

I felt a pang of disappointment as I read on. This wasn't the writing I'd grown to love, the writing that had spoken to me on a deep level. This was... commercial. I couldn't help but wonder if my partner had compromised their art to appeal to a broader market.

As I finished the book and closed it, I felt a sense of unease. Had my partner sold out? Had they sacrificed their true voice for the sake of success? I thought back to all the times they'd shared their writing with me, the way they'd poured their heart and soul onto the page. This wasn't that writing.

I looked over at my partner, who was sitting on the couch, oblivious to my thoughts. They were smiling, clearly proud of their accomplishment. And I was proud too, in a way. They'd worked hard to get to this point, and it was a testament to their dedication.

But as I looked at the book in my hands, I couldn't shake the feeling that something was missing. The writing that had spoken to me on a deep level, the writing that had made me feel seen and understood... it was gone. And I wasn't sure if I'd ever get it back.",transformers,/data2/yihewang/psychdepth_v2/LLaMA-Factory/saves/llama3.1-8b/merged/bigbench_narrative,2025-04-23_15-15-18,20.61393713951111,456,1.0,,4.0,3.0,4.0,3.0,2.0,4.0
67,67,13,"I stood in the bookstore, flipping through the pages of my partner's book. It was a real, honest-to-goodness copy, not one of the scribbled drafts they'd been working on for years. I had to admit, I was a little surprised they'd actually made it to print. Not that I didn't think they were talented – they were, in their own way – but the publishing industry was a tough nut to crack.

As I scanned the pages, I couldn't help but feel a sense of pride. My partner had always been passionate about writing, and to see their work in print was a validation of all the late nights and early mornings they'd spent pouring their heart and soul into their craft.

But as I delved deeper into the book, I started to feel a little...off. The writing was...different. It was polished, I'll give them that, but it was also... sterile. Where were the raw emotions, the unbridled passion that I'd grown accustomed to in their drafts? Where was the messy, imperfect beauty that I'd come to love?

I flipped through the pages again, searching for something, anything, that would remind me of the writing I'd grown to know and love. But it was all so... tidy. So... professional.

I felt a pang of disappointment, and I couldn't help but wonder if I'd been blind to the flaws in their writing all along. Had I been so caught up in their enthusiasm, their dedication, that I'd ignored the fact that their writing just wasn't that great?

I looked around the bookstore, feeling a little embarrassed to be standing there, holding a copy of my partner's book, feeling so...underwhelmed. People were walking by, glancing at the book, and I could sense their curiosity. Some of them were even stopping to read the back cover, their eyes scanning the blurb with interest.

I felt a surge of pride again, this time mixed with a dash of guilt. I was proud of my partner, proud of their achievement, but I couldn't shake the feeling that I'd been complicit in their delusion. That I'd been so caught up in their excitement that I'd ignored the fact that their writing just wasn't that good.

I put the book back on the shelf, feeling a little wistful. I knew I'd have to face my partner eventually, and I wasn't sure how to break the news to them. That their book was...fine. That it was a nice achievement, but it wasn't exactly literature.

I walked out of the bookstore, feeling a little lost. I knew I'd have to find a way to be honest with my partner, to tell them the truth about their writing. But for now, I just felt... uncertain. And a little bit guilty. For not being able to see the beauty in their words, for not being able to love their writing the way they did. But most of all, for not being able to be honest with them about it. Yet. Maybe someday. But for now, I just felt... stuck. And a little bit sad. For both of us. And for the book that just didn't live up to my expectations. Or theirs. Or anyone's. For that matter. It was just... a book. A nice book, but a book nonetheless. And sometimes, that's just not enough. Not for me, not for my partner, and not for the readers who were about to pick it up and start reading. And maybe, just maybe, be disappointed. Like I was. And still am. And probably will be. For a long time. Maybe forever. But that",transformers,/data2/yihewang/psychdepth_v2/LLaMA-Factory/saves/llama3.1-8b/merged/bigbench_narrative,2025-04-23_15-15-39,28.04685854911804,600,1.0,,4.0,3.0,4.0,3.0,3.0,4.0
68,68,13,"I stood in the bookstore, scanning the shelves for the familiar cover. It was a thrill to see my significant other's name in print, and I couldn't wait to hold the book in my hands. The deal had been announced a few weeks ago, and I'd been beaming with pride ever since. My partner had always dreamed of being a published author, and now that dream had finally come true.

As I browsed the shelves, my eyes landed on the book. It was nestled between two other titles, its cover gleaming in the fluorescent light. I felt a surge of excitement and grabbed the book, holding it up to admire it. The title, ""Echoes in the Night,"" was embossed in silver letters, and the author's name, ""Ava Wells,"" was printed in bold font.

I couldn't wait to get home and read it. I'd been given a few chapters to read during the editing process, but I'd never actually read the entire manuscript. I'd been too busy with work and other commitments, and besides, I'd never been a huge fan of my partner's writing style. But that was beside the point. This was a momentous occasion, and I was determined to celebrate.

I paid for the book and headed home, eager to dive in. As I settled onto the couch with a cup of coffee, I opened the book and began to read. The first few pages were familiar, but as I turned the page, I realized that this was not the book I'd been given to read during the editing process. This was a completely different story.

I felt a pang of disappointment, but I pushed it aside, telling myself that I was just being silly. Maybe my partner had made some changes during the editing process, I thought. But as I continued to read, I realized that this was not just a revised version of the manuscript. This was a completely new story.

I felt a growing sense of unease as I read on. The writing style was different, the characters were different, and the plot was different. It was as if my partner had taken the manuscript and rewritten it from scratch. I couldn't understand why they would do that, especially since I'd been given a copy of the original manuscript to read.

As I finished the book, I felt a mix of emotions. I was proud of my partner for achieving their dream, but I couldn't help feeling a little hurt that they'd kept this from me. I'd been given a copy of the manuscript to read, but it was clear that this was not the book that had been published. I wondered why they'd done it, and whether they'd been trying to hide something from me.

I put the book down and sat back on the couch, feeling a little lost. I'd always thought that we were a team, that we shared everything with each other. But now I wasn't so sure. I looked around the room, feeling a sense of unease. Had my partner been keeping secrets from me all along? I didn't know what to think, but one thing was certain: I was going to have to have a conversation with them about this.",transformers,/data2/yihewang/psychdepth_v2/LLaMA-Factory/saves/llama3.1-8b/merged/bigbench_narrative,2025-04-23_15-16-07,24.37558650970459,540,1.0,,4.0,4.0,4.0,3.0,3.0,4.0
69,69,13,"I stood in the bookstore, scanning the shelves for the familiar cover. It was a thrill to see my significant other's name in print, and I couldn't wait to hold the book in my hands. The deal had been announced months ago, but this was the first time I'd seen the actual book. I picked it up, feeling a surge of pride as I turned it over in my hands.

The cover was sleek and modern, with a tagline that made me chuckle. I had to admit, it was a lot more polished than the manuscript pages they'd given me to read. Those had been a mess of scribbled notes and crossed-out sentences, with a few hastily drawn doodles in the margins. This, on the other hand, looked like a real book.

I flipped through the pages, feeling a pang of disappointment. It wasn't the same as the manuscript. The writing was tighter, the sentences more concise. But it lacked the raw, emotional energy that had drawn me to their work in the first place. I remembered the way they'd poured their heart and soul into those pages, the way they'd bared their soul to me in the hopes of getting feedback.

I felt a twinge of guilt for not being more supportive. I'd told them I loved their writing, but the truth was, I'd never really understood it. I'd nodded along, pretending to get it, but deep down, I'd been lost. And now, seeing the book in print, I felt like a hypocrite.

I put the book back on the shelf, feeling a little deflated. I'd been so caught up in the excitement of the deal, I'd forgotten what it was like to actually read their work. I remembered the way they'd talked about their writing, the way they'd described the characters and plot twists. It was all so different from the book in front of me.

I wandered the aisles, feeling a little lost. I'd always been their biggest supporter, but now I wasn't so sure. I picked up a few other books, flipping through them aimlessly. They all seemed so... polished. So perfect.

I finally made my way to the checkout, book in hand. As I waited in line, I couldn't help but think about the manuscript pages. They'd been messy and imperfect, but they'd been real. This book, on the other hand, felt like a product. A product of the publishing machine, of the editors and the agents and the marketing teams.

I paid for the book and left the store, feeling a little uncertain. I knew I'd have to read it, to pretend to be supportive. But as I walked home, I couldn't shake the feeling that I'd been sold a bill of goods. That the book in my hands wasn't the real deal, but just a watered-down version of something more authentic.

I looked down at the book, feeling a pang of sadness. I knew I'd have to read it, to pretend to be proud. But as I walked, I couldn't help but wonder what had happened to the real book. The one that had been written from the heart, with passion and emotion and raw, unbridled energy. The one that had been lost in the process of becoming a ""real"" book.",transformers,/data2/yihewang/psychdepth_v2/LLaMA-Factory/saves/llama3.1-8b/merged/bigbench_narrative,2025-04-23_15-17-00,25.44646668434143,548,1.0,,3.5,3.0,3.0,3.0,2.5,3.5
70,70,14,"I'd been married to Emily for five years, and in that time, I'd grown accustomed to her quirks and mannerisms. But lately, she'd been acting strange. She'd get these far-off looks in her eyes, and her responses to my questions would be delayed, as if she was processing something in slow motion. At first, I brushed it off as grief. Her sister, Sarah, had been murdered in a cold case just a few months after we got married. Emily had been close to Sarah, and the loss had been devastating.

As the days went by, Emily's behavior only intensified. She'd become withdrawn, barely leaving the house, and when she did, she'd be distant, lost in thought. I tried to be patient, thinking that she just needed time to heal. But as the weeks turned into months, I started to feel a growing sense of unease. It wasn't just the grief; there was something more to it.

One evening, as I was rummaging through the attic, I stumbled upon an old trunk filled with family photos. I was digging through them when I found a picture that made my heart skip a beat. It was an old family portrait, taken when Emily was a kid. And then I saw it – a girl who looked identical to Emily, standing right next to her. They were twins.

I felt a shiver run down my spine as I stared at the photo. I'd never met Emily's sister, Sarah, but now I realized why Emily had been acting so strange. It wasn't just grief; it was guilt. Guilt for being alive, for living a life that Sarah had been denied.

I couldn't shake off the feeling that Emily was haunted by the memories of her sister. The far-off looks, the delayed responses – it was all making sense now. I felt a wave of emotions wash over me – anger, sadness, and a deep sense of unease. How could I have been so blind? How could I have ignored the signs?

I went downstairs, determined to confront Emily about what I'd discovered. But as I entered the living room, I was met with a sight that made my heart sink. Emily was sitting on the couch, staring at an old photo album. And on the page in front of her was a picture of Sarah, taken just a few years before her murder.

Emily looked up, and our eyes met. For a moment, we just stared at each other, the air thick with unspoken emotions. And then, in a voice barely above a whisper, she said, ""I'm sorry."" Sorry for what, I didn't know. But I knew that our lives would never be the same again. The secrets we kept, the lies we told – it was all coming crashing down. And I wasn't sure if our marriage could survive the truth.",transformers,/data2/yihewang/psychdepth_v2/LLaMA-Factory/saves/llama3.1-8b/merged/bigbench_narrative,2025-04-23_15-17-25,22.200193881988525,478,1.0,,4.0,4.0,4.0,4.0,3.0,4.0
71,71,14,"I'd been married to Emily for five years, and in that time, I'd grown accustomed to her quirks and mannerisms. But lately, she'd been acting strange. At first, I brushed it off as grief. Her sister, Sarah, had been murdered in a cold case just a few months after we got married. Emily had been close to Sarah, and the loss had hit her hard.

As the days turned into weeks, Emily's behavior became more erratic. She'd wake up in the middle of the night, screaming, and I'd find her sitting in the dark, staring at nothing. She'd become withdrawn, barely leaving the house, and when she did, she'd be distant, lost in thought. I tried to be patient, thinking that she just needed time to heal.

But as the weeks turned into months, I started to notice something else. Emily would get these... episodes. She'd be fine one minute, and then suddenly, she'd be overcome with emotion, crying uncontrollably about something that seemed insignificant. It was like she was living in a different world, one that I couldn't quite reach.

I tried to talk to her about it, but she just shook her head, telling me I didn't understand. I didn't push it, thinking that she just needed time to process her grief.

It wasn't until I stumbled upon an old family photo that everything changed. I was digging through the attic, looking for some old boxes to donate, when I came across a dusty old album. As I flipped through the pages, I saw a picture of Emily as a kid, standing next to a girl who looked... identical.

My heart skipped a beat as I stared at the photo. They were twins. I felt like I'd been punched in the gut. I couldn't breathe. I couldn't think.

I looked at Emily, who was sitting on the couch, staring blankly at the TV. She was still grieving, still hurting, but it wasn't just grief. It was something more. Something primal.

I felt a shiver run down my spine as I realized the truth. Emily wasn't just grieving her sister's death. She was grieving the loss of her twin. The loss of a part of herself.

I sat down next to her, taking her hand in mine. ""Emily,"" I said, my voice barely above a whisper. ""We need to talk.""

She looked at me, her eyes vacant, but as she saw the photo in my hand, something flickered in her gaze. A spark of recognition. A spark of... guilt?

""Who is that?"" she asked, her voice barely above a whisper.

I showed her the photo, and as she looked at it, I saw the truth dawn on her. She knew. She'd known all along.

I felt a wave of anger wash over me. How could she keep this from me? How could she keep this secret for so long?

But as I looked at her, I saw the pain in her eyes. The pain of losing a part of herself. The pain of being a twin, separated at birth.

I took a deep breath, trying to process everything. I didn't know what to say. I didn't know how to react.

All I knew was that I had to be there for her. I had to support her through this. I had to help her heal.

As I looked at her, I realized that our marriage was about to get a whole lot more complicated. But I was ready. I was ready to face whatever came next, as long as I had Emily by my side.",transformers,/data2/yihewang/psychdepth_v2/LLaMA-Factory/saves/llama3.1-8b/merged/bigbench_narrative,2025-04-23_15-17-47,28.16617465019226,596,1.0,,4.0,4.0,4.0,4.0,3.0,4.0
72,72,14,"I'd been married to Emily for five years, and in that time, I'd grown accustomed to her quirks and mannerisms. But lately, she'd been acting strange. At first, I brushed it off as grief. Her sister, Sarah, had been murdered in a cold case just a few months after we got married. Emily had been close to Sarah, and the loss had hit her hard.

As the days turned into weeks, Emily's behavior became more erratic. She'd get lost in thought, staring off into space, and sometimes she'd just break down in tears for no apparent reason. I tried to be patient, thinking that she was still processing her emotions, but deep down, I was worried.

One evening, as we were getting ready for bed, Emily started rummaging through her old trunk in the attic. She pulled out a stack of old photos and began flipping through them, a mixture of nostalgia and sadness etched on her face. I watched her from the bed, feeling a pang of concern.

As she reached the bottom of the stack, she pulled out a small, faded photo. Her eyes widened, and she gasped, her hand trembling as she held it up. I got out of bed and walked over to her, curiosity getting the better of me.

The photo showed two young girls, identical twins with big smiles and bright eyes. They were dressed in matching outfits, and their hair was styled in the same way. I felt a shiver run down my spine as I looked at the photo.

""Who's this?"" I asked, trying to sound casual.

Emily's eyes locked onto mine, and for a moment, I thought I saw a flicker of something there, something that looked almost like fear. But then it was gone, replaced by a mask of sadness.

""That's me and Sarah,"" she said, her voice barely above a whisper.

I felt a jolt of surprise. I'd never seen a photo of Emily's sister before, and I'd never met her. But as I looked at the photo, I realized that Emily and Sarah looked... identical.

I tried to process what I was seeing, but my mind was racing. I felt like I'd been punched in the gut. I looked at Emily, and for the first time, I saw her in a different light. I saw the same features, the same eyes, the same smile.

""Emily,"" I said, my voice shaking. ""You're... you're twins.""

She looked at me, her eyes welling up with tears. ""I'm so sorry,"" she whispered. ""I didn't want to tell you. I was afraid of what you'd think.""

I felt like I'd been living in a dream, and suddenly, I was awake. I realized that Emily's strange behavior wasn't just grief; it was something more. It was a secret she'd been keeping from me, a secret that changed everything.

I didn't know what to say or do. I just stood there, frozen, as Emily's tears fell onto the photo, onto the memories of her sister, onto the truth that had been hidden from me for so long. I felt like I was staring into the abyss, and I didn't know how to climb out. All I could do was stand there, holding onto the truth, and wondering what other secrets Emily might be keeping from me.",transformers,/data2/yihewang/psychdepth_v2/LLaMA-Factory/saves/llama3.1-8b/merged/bigbench_narrative,2025-04-23_15-18-16,26.636690139770508,551,1.0,,4.0,3.0,3.0,4.0,2.0,3.0
73,73,14,"I'd been married to Emily for five years, and in that time, I'd grown accustomed to her quirks and mannerisms. But lately, she'd been acting strange. At first, I brushed it off as grief. Her sister, Sarah, had been murdered in a cold case just a few months after we got married. Emily had been close to Sarah, and the loss had hit her hard.

As the days turned into weeks, Emily's behavior became more erratic. She'd wake up in the middle of the night, screaming, and I'd find her sitting in the dark, staring at nothing. She'd become withdrawn, barely leaving the house, and when she did, she'd be distant, lost in thought. I tried to be patient, thinking that she just needed time to heal.

But as the weeks turned into months, I started to notice something else. Emily would get these... episodes. She'd be fine one minute, and then suddenly, she'd be overcome with emotion, crying uncontrollably about something that seemed insignificant. It was like she was living in a world of her own, and I was just a spectator.

I tried to talk to her about it, but she'd just shake her head and tell me I didn't understand. I didn't know what to do, so I just kept a safe distance, hoping that she'd come out of this funk on her own.

One day, while cleaning out the attic, I stumbled upon an old trunk that had been collecting dust for years. As I opened it, a musty smell wafted out, and I was hit with a wave of nostalgia. Inside, I found a bunch of old family photos, yellowed with age. I started flipping through them, and that's when I saw it. A photo of Emily as a kid, standing next to a girl who looked... identical.

My heart skipped a beat as I stared at the photo, my mind racing with questions. Who was this girl? And why did she look so much like Emily? I turned the photo over, and on the back, I saw a handwritten note: ""Sarah and Emily, 1985.""

I felt like I'd been punched in the gut. I stumbled backward, my eyes fixed on the photo, as the truth hit me like a ton of bricks. Emily and Sarah were twins. I'd never met Sarah, but I'd heard stories about her from Emily. She'd always spoken about her with a mix of love and sadness.

I felt a chill run down my spine as I realized that Emily's behavior wasn't just grief. It was something more. Something primal. Something that went beyond words. I looked at the photo again, and this time, I saw it. The same eyes, the same nose, the same smile. They were twins, and I had no idea.

I felt like I'd been living in a dream world, oblivious to the truth. I didn't know what to do, but I knew I had to talk to Emily. I had to confront her about this. I had to know what was going on in her head. I took a deep breath, trying to calm myself down, and headed downstairs to find her. But as I entered the living room, I saw her sitting on the couch, staring at the same photo I'd just found. And I knew that I wasn't the only one who knew the truth. She'd been hiding it from me all along. And I had no idea what that meant for our marriage. Or for our future.",transformers,/data2/yihewang/psychdepth_v2/LLaMA-Factory/saves/llama3.1-8b/merged/bigbench_narrative,2025-04-23_15-18-42,27.91340065002441,585,1.0,,4.0,3.0,3.0,4.0,3.0,4.0
74,74,14,"I'd been married to Emily for five years, and in that time, I'd grown accustomed to her quirks and mannerisms. But lately, she'd been acting strange. At first, I brushed it off as grief. Her sister, Sarah, had been murdered in a cold case just a few months after we got married. Emily had been close to Sarah, and the loss had hit her hard.

As the days went by, Emily's behavior became more erratic. She'd get lost in thought, staring off into space, and sometimes she'd just break down in tears for no apparent reason. I tried to be patient, thinking that she was still processing her emotions, but deep down, I was worried.

One evening, as we were cleaning up after dinner, Emily's eyes landed on an old photo album on the shelf. She hadn't looked at it in years, and I hadn't seen her touch it since we got married. She opened it, and a faint smile crossed her face as she flipped through the pages. I watched as she stopped on a particular photo, her eyes widening in surprise.

I walked over to her, curiosity getting the better of me. ""What's wrong?"" I asked, peering over her shoulder.

She didn't answer, just handed me the photo. It was an old family picture, taken when Emily was a kid. I studied it, trying to place the girl in the photo. And then it hit me – the resemblance was uncanny. The same piercing green eyes, the same mischievous grin, the same messy brown hair.

I felt a shiver run down my spine as I looked at Emily, really looked at her. She was staring at me, her eyes locked on mine, and for a moment, I saw something there that I'd never seen before – a flicker of recognition, of shared knowledge.

I turned back to the photo, my mind racing. The girl in the picture was Emily's sister, Sarah. But there was something else, something that made my heart skip a beat – the girl in the photo was Emily's twin.

I felt like I'd been punched in the gut. I stumbled backward, my eyes fixed on Emily, who was still staring at me with that same look of recognition. I tried to speak, but my voice caught in my throat.

Emily's eyes dropped, and she looked away, her shoulders shaking as she tried to hold back tears. I felt a wave of emotions wash over me – shock, confusion, anger, and a deep sense of betrayal.

How could she have kept this from me? How could she have lied to me for so long? I thought back to all the times she'd mentioned her sister, the way she'd spoken about her with such love and affection. It was all a lie.

I felt like I was living in a nightmare, like everything I thought I knew about Emily was a fabrication. I didn't know what to do, how to process this new information. All I knew was that I needed to get out of there, to clear my head and try to make sense of it all.

I turned and walked away, leaving Emily standing there, tears streaming down her face. I didn't know if I'd ever be able to look at her the same way again. The photo still clutched in my hand, I felt like I was holding a piece of a puzzle that didn't quite fit. And I had no idea how to put the pieces together.",transformers,/data2/yihewang/psychdepth_v2/LLaMA-Factory/saves/llama3.1-8b/merged/bigbench_narrative,2025-04-23_15-19-10,27.309467554092407,585,1.0,,4.0,3.0,3.0,4.0,3.0,2.0
