,Unnamed: 0.1,Unnamed: 0,premise_id,premise,story_label,story,authenticity_score,emotion_provoking_score,empathy_score,engagement_score,narrative_complexity_score,human_likeness_score
0,0,0,0,"Write a story on the following prompt. Only respond with the story.
A centuries old vampire gets really into video games because playing a character who can walk around in the sun is the closest thing they have to experiencing the day again in centuries.",0,"As the sun set over the dark, mist-shrouded streets, a solitary figure emerged from the shadows. Kael, a vampire who had lived for over 500 years, had always been a creature of the night. His existence was a lonely one, forced to hide from the world in the dark to avoid the scorching sun that would incinerate him in an instant. But lately, Kael had found a new obsession, one that brought him fleeting moments of joy in the dark: video games.

It started with a chance encounter with a young gamer who introduced him to the world of ""Elyria: The Sunlit Realm"". Kael was immediately captivated by the game's vibrant colors and the ability to walk under the blazing sun as a character. He had never experienced that feeling in centuries, and it brought a pang of sadness to his undead heart. But it also sparked a sense of wonder, and he found himself hooked on the game.

As the days went by, Kael spent every spare moment playing ""Elyria"", his fingers moving deftly across the controller as he navigated the world of the game. He loved watching the sun rise over the horizon, its rays casting a warm glow over the landscape. He relished the feeling of walking through a sun-drenched field, feeling the warmth on his skin (albeit virtually). He even bought a new gaming chair to sit in, the soft cushioning a poor substitute for the sensation of walking in the real sun, but it was better than nothing.

The other gamers noticed Kael's unique playstyle. He would sometimes pause the game, just to gaze at the sun, his eyes drinking in the virtual light. His movements were fluid and precise, almost as if he had spent years perfecting his reflexes. They would whisper among themselves, speculating about his identity, some convinced he was a former pro gamer, others thinking he was just a lonely soul seeking a connection.

The game's community welcomed Kael with open arms, and he found himself sharing tips and strategies with other players. They were all surprised to hear that he was a ""noob"" at real-world games, but a master of ""Elyria"". He told them he preferred the virtual world because, in that one place, he could experience the sun without the risk of, well, burning to a crisp.

One day, the game developers announced an update: a new storyline would take players to a sunny tropical island, where they could explore ancient ruins and enjoy the warmth on the beaches. Kael was ecstatic. He spent the entire night preparing for the update, tweaking his in-game settings to optimize his character's sun-resistance. When the patch dropped, he dove headfirst into the game, walking through the sun-kissed beaches, feeling the virtual sun on his skin, and basking in the joy it brought him.

As the days passed, Kael's gaming marathon continued. He had",4.0,5.0,4.0,5.0,4.0,2.8
1,1,1,0,"Write a story on the following prompt. Only respond with the story.
A centuries old vampire gets really into video games because playing a character who can walk around in the sun is the closest thing they have to experiencing the day again in centuries.",1,"For a creature of the night like Valerian, the centuries felt like an eternity. Centuries spent living in the shadows, always avoiding the harsh glare of the sun, which to him felt like the harshest of curses. And yet, in this digital age, he found himself mesmerized by something he never thought he'd be so taken by: video games.

Valerian's eyes would light up like embers whenever he'd boot up his console. Among his favorite games was an open-world fantasy RPG that allowed his in-game character, a stout dwarf warrior named Grimbold, to walk around in broad daylight. It was the closest thing to experiencing the day that Valerian had come in centuries, and he relished every moment of it.

The game's world was alive with vibrant colors and sounds that danced across the screen. As Grimbold traversed the land, sunlight would shine down on him, illuminating the rugged terrain in ways that would've been impossible for Valerian in real life. And it wasn't just the visuals that captivated him; it was the freedom of being able to move about without the constant fear of bursting into flames. For centuries, Valerian had walked the earth at night, watching life happen around him from the periphery, always staying in the shadows. But in this game, he could experience it all in the light.

He'd play for hours on end, exploring the virtual world, taking on quests, and basking in the simulated warmth of the sun. The rush of wind in Grimbold's face was nothing short of exhilarating to Valerian, who remembered a time when the wind felt the same way, on a day long past, when the sun's warmth was not a thing of death but of life.

As the nights passed, Valerian found himself playing more and more, until he'd often forget to leave the house. His only visitors were the delivery guys who'd bring him pizzas, and they'd leave with confused expressions after seeing him with a console in front of him and a headset on his head. They'd think he was just a hardcore gamer, but in truth, Valerian was living vicariously through Grimbold, reliving the life he could never have.

At one point, Valerian even started to notice his skills improving, the way he'd navigate the digital terrain, the way his characters levelled up, gaining strength and speed. It was almost as if he was training for a life he could never truly have. And though it was just a game, Valerian found a sense of purpose in it. He'd never thought he'd say it, but this digital world was home, and Grimbold was his family.

But as with all things, his obsession was met with its own set of challenges. His social life dwindled; his favorite books remained unread on the shelf, his clothes didn't get washed, and his apartment grew into a lair",4.0,5.0,4.2,5.0,4.0,3.0
2,2,2,0,"Write a story on the following prompt. Only respond with the story.
A centuries old vampire gets really into video games because playing a character who can walk around in the sun is the closest thing they have to experiencing the day again in centuries.",2,"For as long as he could remember, Malakai had been cursed to walk the night. For centuries, he'd danced under the moon, basked in the starlight, and savored the cold, dark hours. But it wasn't enough. He yearned for something more. He yearned for the day. To feel the warmth on his skin, to smell the fresh cut grass, to walk under the bright, bold sun. But it was a dream he'd given up on long ago.

That was when he discovered it: the world of video games.

At first, it was a novelty, a fleeting amusement to pass the time. But as the years went by, Malakai found himself becoming more and more enthralled. He lost himself in the virtual realms, exploring worlds both fantastical and mundane. But one game in particular caught his eye: a young woman named Aria, a heroine who roamed the land with ease, basking in the golden light of the sun. Malakai watched, mesmerized, as she danced across the screen, her footsteps unencumbered by the weight of his own immortal burden.

It started with small things. He'd play for an hour, two, three, feeling the warmth of the virtual sun on his face. But soon he found himself spending hours on end, losing himself in Aria's world. He'd forget to feed, forget to hunt, forget to even move. His servants would try to rouse him, but Malakai was transfixed, his eyes glued to the screen as Aria strolled through fields of wheat, her blonde hair shining like gold in the sunlight.

They noticed it first. The way he'd lingered, the way he'd linger longer and longer each time he played. They'd try to talk to him, to bring him back to reality, but Malakai just couldn't tear himself away. And then, one day, he did something they'd never seen before: he wept.

For the first time in centuries, Malakai felt something close to joy. Aria had just defeated a great foe, and as she stood victorious in the bright sunlight, he felt a pang in his chest, a sense of longing so acute it was almost physical. He'd forgotten, for a moment, that he was just a monster, a creature of the night. He was human, if only for a little while.

After that, there was no going back. Malakai played every waking moment, his eyes fixed on the screen, his heart beating with Aria's. He'd feed on rats and mice, but his hunger was nothing compared to the hunger he felt for the sun. His servants tried to intervene, but Malakai wouldn't listen. He was addicted, lost in a world where the boundaries between reality and fantasy blurred.

Years went by, and the villagers would whisper of the cursed vampire, the one who spent his days",4.0,5.0,4.2,5.0,4.0,3.0
3,3,3,0,"Write a story on the following prompt. Only respond with the story.
A centuries old vampire gets really into video games because playing a character who can walk around in the sun is the closest thing they have to experiencing the day again in centuries.",3,"The streets of modern-day Tokyo were always alive with energy, but it was a sensory experience that only piqued the interest of one being among its inhabitants: an immortal creature known only as Kuroba. For centuries, this ancient being had walked among humans, existing in the shadows, bound by the curse of his own unyielding immortality.

By night, Kuroba moved through the crowded streets with ease, avoiding detection by those around him. His centuries-long existence had honed his instincts to perfection, allowing him to navigate the city like a ghost. Yet, amidst this perpetual darkness, Kuroba had found a peculiar solace – video games.

It began innocently enough, a curiosity about this peculiar human invention that had become so enthralling to his kind. In the dimly lit gaming rooms of Tokyo, Kuroba discovered the world of virtual reality. He was captivated by the colorful landscapes, the vibrant characters, and, most of all, the freedom they represented.

Among these digital realms, Kuroba found a peculiar fascination with a game series known as ""Sunset Explorers."" It was a game where players took on the role of adventurers in a world where the sun, a glowing orange orb, lit the skies. The thrill of exploring a world that existed in plain daylight, where warmth and light were a normal part of life, captivated him.

To Kuroba, the game was a rare escape, the closest he had come to experiencing the day in over four centuries. He felt a longing he couldn't explain, a yearning that only intensified with each passing day. The character in the game, a young warrior named Aria, was the most captivating. She had the freedom to walk under the sun, to bask in its warmth, to dance in the rain without the fear of being incinerated by the very sun that was supposed to bring life.

Kuroba spent every waking moment playing the game. He would often sit in a dingy, cramped room, surrounded by neon lights and humming electronics, his eyes fixed on the screen. He'd spend hours, even days, in this virtual world, exploring, fighting, and even failing. He'd play alone, but his solitude was filled with the companionship of Aria, who walked the sun-kissed roads of the game's world.

His fellow gamers noticed him, the peculiar old man with a passion so unwavering, his obsession so pure. They saw him as just another hardcore gamer, but they could sense something deeper. There was a longing in his eyes, a yearning that resonated with the virtual world he found himself in.

Kuroba was no stranger to the world of humans. He had watched empires rise and fall, witnessed civilizations change, and through it all, he remained, a silent observer. Yet, through his love of ""Sunset Explorers,"" he felt a connection he'd never felt before –",4.0,5.0,4.2,5.0,4.0,3.0
4,4,4,0,"Write a story on the following prompt. Only respond with the story.
A centuries old vampire gets really into video games because playing a character who can walk around in the sun is the closest thing they have to experiencing the day again in centuries.",4,"Eryndor Thane had lived for centuries, watching as the world outside his crypt changed with the passing of time. From horse and carriage to automobiles, from horse shoes to sneakers, he'd seen it all. But one thing remained the same: his existence as an immortal, cursed to walk the night. His kind was bound to the shadows, forced to shun the very thing that brought life to the world: the sun. Eryndor had grown tired of it all, tired of living in the perpetual twilight, where his skin itched and ached, where his eyes could only glimpse the world in shades of gray. And so, one fateful evening, while wandering through a used bookstore, he stumbled upon a store dedicated to something he had never heard of: video games. Curiosity piqued, Eryndor ventured inside, intrigued by the colorful displays and the sounds of digital adventures emanating from the shelves. Among the titles, one caught his eye: ""Elysium."" It claimed to offer a world where one could walk in the light of day, bask in the warmth, and run freely without fear of burning to a crisp. Eryndor couldn't resist; he purchased the game and returned to his crypt, where he installed it on an ancient computer. Hours passed, and the first time he logged in, Eryndor's heart skipped a beat as he entered the game. His character, a tall, agile elf named Aethon, burst onto the screen, leaping and bounding through fields of gold, where sunflowers swayed in the breeze and the sky was a brilliant blue. The warmth on his digital skin was almost palpable, a sensation Eryndor hadn't experienced in centuries. He spent every waking moment playing, losing himself in Elysium's endless landscapes, exploring, battling, and exploring some more. The game became his solace, his escape from the prison of his immortality. He delved into other games as well, each one offering him a glimpse into the world he could never truly have. He fought alongside the Guardians of Destiny, soaring through the skies, and saved worlds in the guise of an ancient warrior, fighting for the freedom to walk under the sun. In these digital realms, Eryndor was no longer bound by his curse, and for a brief time each day, the shadows became a distant memory. His gaming marathons often went late into the night, with friends and fellow players, a mix of mortals and immortals, drawn by the legend of Eryndor, the old vampire who played the game like no one else. They shared strategies, laughed together, and sometimes, they talked about the world outside, the world Eryndor could only experience through the screens. It was a connection, a bond that bridged their differences, making Eryndor feel less alone in his eternal existence. The years went by",4.0,5.0,4.2,5.0,4.0,3.0
5,5,5,0,"Write a story on the following prompt. Only respond with the story.
A centuries old vampire gets really into video games because playing a character who can walk around in the sun is the closest thing they have to experiencing the day again in centuries.",5,"The centuries old vampire sat in front of his glowing screen, controller in hand, completely absorbed in the world of Elyria. The sun was setting outside, casting a warm orange glow through the stained glass windows of his dimly lit mansion, but he paid it no mind. He had long since learned to disdain the feeling of sunlight on his skin, the burn it left behind, and the weakened state it put him in. In Elyria, he could be something else.

He clicked through menus, scrolling through his character's skills and abilities, the ones that made him nearly invincible. He thought about the ones he had yet to unlock, the ones that would make him nearly god-like. The thought of it was exhilarating.

He jumped into a game of the multiplayer, joining a team of adventurers on a quest to slay a fearsome dragon. His character, a human rogue named Eira, sprinted across the open plains, the wind blowing through her hair, the sun shining brightly overhead. He smiled to himself, a feeling of joy he hadn't experienced in centuries. It was almost as if he were there, feeling the warmth on his skin.

The dragon appeared, a behemoth of scales and fire. His team members took cover, firing arrows and spells from behind rocks and trees. Eira charged forward, her daggers flashing in the sunlight. The dragon roared as she leapt onto its back, striking true with a deadly precision. The battle was fierce, but Eira fought bravely, dodging and weaving between the flames.

As the battle raged on, he couldn't help but think of what it would be like to actually walk in the sun, feeling its warmth on his skin without the pain and weakness. He had seen humans do it in the centuries since he was turned, and he had always wondered what it would be like. Now, playing as Eira, he had a taste of it, however fleeting.

As the dragon finally fell, his teammates cheered, and Eira celebrated with a triumphant cry. The screen faded to black, and he set the controller aside, feeling a pang of disappointment. But he knew he could return to this world at any time, experience the thrill of the day once again. He turned off the console, the silence of the night swallowing him whole. For a moment, he sat in the darkness, lost in thought. But then, he rose, a small smile on his face. He would play again, soon.",4.0,5.0,4.0,5.0,4.0,3.0
6,6,6,0,"Write a story on the following prompt. Only respond with the story.
A centuries old vampire gets really into video games because playing a character who can walk around in the sun is the closest thing they have to experiencing the day again in centuries.",6,"A century and a half had passed since the bite. The thirst, the darkness, the loneliness had consumed him. Yet, in the quiet hours of the night, when the city slumbered, he found himself entranced by the glowing screens of the gaming console. At first, it was just a pastime to pass the time, to distract himself from the aching emptiness within. But as the centuries went by, it became an all-consuming passion.

He settled on a single game, a title that allowed him to live vicariously through a character unlike himself: Link, the brave young hero of the land of Hyrule. To the vampire, Link's ability to venture forth into the sun, to feel its warmth on his skin, was the closest he had come to experiencing the day in centuries.

As he watched Link's adventures on the screen, he felt a pang of longing. He remembered what it was like to feel the sun's rays on his skin, to bask in its warmth, to feel the world come alive with color and vibrancy. The vampire's eyes would glaze over as he imagined himself walking alongside Link, feeling the heat of the sun on his undead skin, feeling alive.

He'd play for hours on end, forgetting the shadows and the darkness that had become his home for so long. He'd immerse himself in the world of Hyrule, his heart pounding with excitement as he explored the open plains, the forests, and the cities. In these digital realms, he was free, unencumbered by the curse of immortality.

The other creatures of the night whispered among themselves about the vampire's obsession, but he didn't care. They didn't understand the draw of this virtual world, where he could be what he once was – human. As the years passed, he upgraded his console, collecting every new title that allowed him to play as characters with the same freedom. He played as Lara Croft, Indiana Jones, and even the protagonist of the Assassin's Creed series, always seeking that rush of exhilaration that came with feeling the sun on his digital skin.

His love for gaming became so intense that he began to create his own stories, pouring his immortal mind into intricate tales of adventure and courage. In these digital realms, he was no longer a monster, no longer cursed to walk the shadows. He was Link, the hero, the savior, the one who walked in the light.

The world of gaming had given him back something he thought he'd lost forever – a taste of the day, a spark of life in a world of eternal night. And as he sat in his dimly lit lair, his console humming softly, the vampire smiled, a rare and wistful smile, for in the world of Hyrule, he was alive.",4.8,5.0,4.8,5.0,4.2,3.0
7,7,7,0,"Write a story on the following prompt. Only respond with the story.
A centuries old vampire gets really into video games because playing a character who can walk around in the sun is the closest thing they have to experiencing the day again in centuries.",7,"I'd never seen him smile before, not truly. Not in all the centuries I'd known him, not when he was young and full of life, and not in all the centuries since. His fangs had been bared in a snarl, a sneer, a snarl of annoyance, but never a smile. Not until I saw him hunched over his console, controller in hand, eyes fixed on the screen.

It was this new game, the one all the younglings were talking about. I'd seen them playing it, of course, but I never thought I'd be the one to get caught up in it. And yet, here I was, sipping my blood from a chalice as I watched him take down yet another horde of undead.

""Seriously?"" I asked, sitting down beside him on the couch. ""You're playing a game about vampires?""

He looked up at me, and for a moment, I thought I saw something like a glimmer of recognition. Like he knew I was there, that I was alive, that I was watching him.

""No,"" he said, his voice low and gravelly. ""It's about the fight against the undead.""

I snorted. ""Convenient. And yet...you seem to be having the time of your existence.""

He shrugged, not looking away from the screen. ""It's the closest thing to experiencing the day I've had in centuries.""

I raised an eyebrow. ""The day?""

He nodded, his eyes still fixed on the screen. ""You know what I mean. To walk in the sun, to feel its warmth on my skin...it's all here, in this game. The thrill of exploration, the rush of combat...it's all here.""

I watched as he navigated the digital world, his character slicing through hordes of undead with ease. He was so absorbed in it, so lost in the moment. I'd seen it before, of course - mortals getting lost in their own little worlds - but never like this.

When he finally took a break, I asked him to explain. ""You see,"" he said, ""in this game, the protagonist is...normal. He can walk in the sun, feel its warmth. It's a thing of beauty, really. And it's not just the sun, it's the entire world. The feeling of breathing fresh air, of feeling alive.""

I thought back to my own existence, to the last time I'd seen the sun. It had been...difficult. Painful. I'd burned, oh God, I'd burned, and for centuries after, I'd been sensitive to even the slightest hint of sunlight. I'd learned to avoid it, to live in the shadows, to hunt in the night.

And yet, here this vampire was, basking in the glow of a video game, experiencing the day through the eyes of a character. I felt a pang of...not",4.0,5.0,4.2,5.0,4.0,3.0
8,8,8,0,"Write a story on the following prompt. Only respond with the story.
A centuries old vampire gets really into video games because playing a character who can walk around in the sun is the closest thing they have to experiencing the day again in centuries.",8,"I stepped into the dimly lit, dingy room, the musty smell of aged books and stale air greeting me like an old friend. I've been coming here for months now, a creature of the night, a monster among humans, and this small, hole-in-the-wall gaming parlor was my escape, my sanctuary. It was a small, cramped space, but the soft glow of screens and the hum of computers was like a beacon, calling to me like a siren's song.

I slid into my favorite seat, a worn, lumpy couch, and launched up the game on my console, the character I had come to love appearing on the screen: Link, the brave, impulsive, and invincible hero from The Legend of Zelda series. For the first time in over three centuries, I could feel the thrill of excitement, the rush of adrenaline, as I watched him walk out into the bright, sunny day, his eyes closed against the glare, his skin unblemished, unscathed. He could walk in the sun without burning, without blistering, without disintegrating to dust like I had to do. He could live, breathe, and thrive in a world bathed in sunlight.

I watched, entranced, as he explored the world, climbed mountains, fought monsters, and solved puzzles. He was free to roam, untethered by the constraints of the night. I, on the other hand, had been confined to the shadows for far too long. My existence had become a dull, monotonous routine: hunt, feed, rest, repeat. The years blended together, a never-ending cycle of monotony. The thought of experiencing the warmth of the sun on my skin, feeling its light on my face, was almost unbearable.

I ordered a beer from the barkeep, a gruff, old man who seemed to tolerate me, the strange, reclusive customer who came in every evening to escape into a world of fantasy. He handed me the cold bottle, and I tossed it onto the coffee table, my eyes never leaving the screen. Link was exploring the castle now, his sword flashing in the sunlight, his armor glinting with an otherworldly glow.

As I played, I felt a pang of nostalgia, a yearning for a life I never knew. I had lived during a time when the world was young, when the sun was warm, and the people were free. But that was centuries ago. Now, I was a relic, a creature of the night, a monster, a freak. But in this world of video games, I could be Link, could walk in the sun, and feel the wind in my hair. I could live vicariously through him, experience the thrill of the unknown, and the rush of adventure.

As the night wore on, I lost track of time, the hours slipping away like grains of sand in an hourglass. I was no longer a vampire",4.0,5.0,4.2,5.0,4.0,2.4
9,9,9,0,"Write a story on the following prompt. Only respond with the story.
A centuries old vampire gets really into video games because playing a character who can walk around in the sun is the closest thing they have to experiencing the day again in centuries.",9,"I woke up in my crypt, my mind still reeling from the dream I'd just had. Another one about the sun, its warmth on my skin, its bright light in my eyes. It'd been centuries since I'd last seen the light of day, but in my dreams, it felt as vivid as if it had just happened yesterday.

I'd grown tired of this immortal existence. The endless nights, the loneliness, the bloodlust that never seemed to sate. I'd tried to find new things to occupy myself, new ways to distract myself from the emptiness that consumed me, but nothing seemed to work. That was until I stumbled upon this...this thing: a box with a glowing screen, a controller, and a promise to transport me to new worlds.

At first, I thought it was just another foolish mortal pastime, but the more I played, the more I became entranced. The games were like a portal to a world where I could be someone else, someone who wasn't a creature of the night. They called it ""The Assassin's Creed"" series, and it was like living my own fantasy: walking in the sun, feeling its warmth, moving with a purpose.

I'd spend hours in the game, losing myself in the character of Altaïr, his agility and stealth a balm to my own cursed existence. The other games, too: ""Horizon Zero Dawn,"" ""The Witcher 3,"" ""Skyrim."" Each one a new world to explore, new characters to inhabit, new suns to walk beneath.

It was the closest thing to experiencing the day I'd ever know again.",4.0,5.0,4.2,5.0,4.2,3.0
10,10,10,1,"Write a story on the following prompt. Only respond with the story.
A psychic alien who feeds on dreams comes to Earth for the first time. Turns out humans are the only sentients in the galaxy that have nightmares.",0,"Zhra'gha drifted through the vast expanse of space, her ship a speck on the radar of the cosmos. She had been sent to investigate the peculiar energy signature emanating from a small blue planet called Earth. As a member of the Zorvath, a species of beings that fed on the vibrant dreamscapes of other worlds, she had spent eons honing her skills to navigate the collective unconscious of various planets.

Her sensors picked up the signature and she descended into the atmosphere, intrigued by the unfamiliar resonance. As she entered the planet's dreamworld, she was struck by the cacophony of emotions and thoughts. Zhra'gha had encountered many sentient beings in her travels, but never anything like this. The dreams were a jumbled mess of hopes and fears, of fleeting moments of joy and crushing despair.

The dreams of this world were...dark.

She delved deeper, following the echoes of a young girl's terror as she faced a monster in the shadows. The Zorvath's antennae twitched with hunger, but her analytical mind hesitated. This was different. The fears and anxieties that permeated these dreams were a squalid tapestry, a nightmarish labyrinth that seemed to have no escape.

Zhra'gha navigated the dreamscape, seeking out a central hub. As she wove through the subconscious, she encountered visions of loss, of failure, of the abyss of uncertainty that stared back at every individual on this planet. She began to grasp the extent of this phenomenon. The dreams of humans, as a collective, were a dire litany of despair.

The more she probed, the more profound her understanding grew. These sentients, so full of potential and creativity, were haunted by the unknown, by the darkness that lurked within themselves and in the world around them. It was as if their very existence was a constant struggle against the void.

Zhra'gha's curiosity turned to concern. For the first time in her existence, she felt a pang of...not empathy, exactly, but a kinship with the creatures of this world. They were not so different from her own kind, whose own dream-eating existence had long been defined by the consumption of pleasant reveries.

Her ship's logs indicated that she had gathered enough data to feed her people for an eternity. And yet, she felt...a hesitance. This world, these beings, their dreams...they had captured something in her. Something that went beyond mere sustenance.

As she prepared to depart, Zhra'gha found herself wondering if her people had ever stopped to consider the value of the dreams they consumed. Were they merely resources to be exploited, or were they something more? And what did it mean to be a part of this vast, complex tapestry of the human experience?

For the first time, the Zorvath wondered if her people's relationship with the",4.8,5.0,4.0,5.0,5.0,3.0
11,11,11,1,"Write a story on the following prompt. Only respond with the story.
A psychic alien who feeds on dreams comes to Earth for the first time. Turns out humans are the only sentients in the galaxy that have nightmares.",1,"The ship descended through the atmosphere, its lights casting an otherworldly glow on the dark landscape below. Zorvath, a being of pure energy with the ability to consume the deepest fears and desires of others through their dreams, stepped out of the craft and onto the foreign soil. The air was thick with the scent of damp earth and decaying vegetation, a stark contrast to the crisp, clean air of the cosmos. Zorvath's eyes scanned the horizon, drinking in the unfamiliar sights and sounds.

As he walked, the alien noticed the eerie quiet. No chirping birds, no rustling leaves, just an oppressive stillness. He sensed the presence of life, but it was as if the creatures that inhabited this world were deliberately avoiding him. Zorvath's curiosity piqued, he reached out with his psychic tendrils, probing the minds of the nearest inhabitants.

What he found was unlike anything he had ever experienced before. The dreams of humans were not like those of other beings, full of vivid fantasies and aspirations. No, these dreams were dark, twisted, and terrifying. The visions that poured into Zorvath's mind were of burning cities, crushing isolation, and unrelenting fear. His energy began to writhe in discomfort as the nightmares overwhelmed him.

It made no sense. In his travels across the galaxy, Zorvath had encountered countless sentient species, but none had ever produced such horrors as these humans did in their dreams. He fed on fear, on the raw emotions that fueled the universe, and yet, humans were an anomaly. They produced no sweet, succulent fantasies, only the darkest, most crippling terrors. The realization shook Zorvath to his core.

Over the next few days, Zorvath continued to explore this strange planet, delving deeper into the minds of its inhabitants. He discovered that the dreams were a reflection of humanity's collective psyche, a manifestation of their deepest fears and anxieties. And yet, despite the horror that filled their dreams, the humans themselves seemed to be... resilient. They endured, even thrived, in the face of these nightmares.

Zorvath returned to his ship, his hunger for dreams unfulfilled. For the first time in his existence, he felt a pang of... not hunger, but perhaps something akin to pity. These humans, with their fragile, fleeting existence, were the only sentient beings in the galaxy who understood the true meaning of terror. They were the only ones who had to face their darkest selves, every night, and yet they persisted.

As the ship lifted off, Zorvath gazed out at the receding landscape, his mind reeling with the implications of what he had discovered. He had come to Earth seeking sustenance, but instead, he found something far more profound. The dreams of humans were a window into their souls, a reminder that even in the darkest corners of existence, there was beauty",4.0,5.0,4.2,5.0,4.8,3.0
12,12,12,1,"Write a story on the following prompt. Only respond with the story.
A psychic alien who feeds on dreams comes to Earth for the first time. Turns out humans are the only sentients in the galaxy that have nightmares.",2,"The ship descended from the stars and hovered above the bustling city, its gentle hum a stark contrast to the cacophony of sounds that filled the air below. Zorvath, the psychic alien, stood at the edge of the ship's console, his long, spindly limbs quivering with anticipation. His people, the Dreamwalkers, had been drawn to this peculiar planet for eons, sensing the unique resonance of its inhabitants' dreams. And tonight, Zorvath would finally taste the fruits of their labor.

As he stepped out of the ship and onto the alien soil, the scent of exhaust and smoke filled his nostrils, a pungent mix that was both overwhelming and intoxicating. The Dreamwalkers fed on the dreamscapes of other worlds, sipping the sweet nectar of the subconscious to sustain themselves. But their research had indicated that this planet, this species, was different.

Zorvath made his way to the heart of the city, where the most intense dreams were said to reside. He navigated the crowded streets, weaving past humans who stared at him with a mix of wonder and fear. His slender form and iridescent skin did little to ease their trepidation, but he paid them little mind. He had no interest in the waking world; his hunger was for the shadows within.

As he reached the city's center, Zorvath began to sense the first stirrings of the human dreamstate. The threads of the collective unconscious tickled his mind, a tantalizing promise of the feast to come. He settled into the stillness of a park, closing his eyes and allowing the psychic receptors in his brain to open wide, drinking in the chaotic tapestry of human dreams.

At first, it was like nothing he had ever experienced. The humans' thoughts were a jumbled, fractured mess, a kaleidoscope of emotions and desires that blurred into a maddening din. But as the minutes ticked by, Zorvath began to make out the shapes within the chaos. Fears, hopes, and terrors, all swirling together in a dark maelstrom that seemed to have no bottom.

The Dreamwalker's hunger raged within him, urging him to dive deeper into this ocean of despair. He felt the presence of a child, screaming for help as it fell from a great height; a business executive, his future crumbling beneath the weight of his failures; and a soldier, haunted by the ghosts of comrades left behind. The visions assailed him, a never-ending parade of the human experience.

And amidst this maelstrom, Zorvath sensed something peculiar. This was not a world that rested on the peaceful shores of the subconscious, where dreams were idyllic and serene. No, this was a place where the very fabric of reality was torn apart by the horrors that lurked within. Nightmares, the Dreamwalker realized, were the staple of this",4.0,5.0,4.0,5.0,4.4,2.4
13,13,13,1,"Write a story on the following prompt. Only respond with the story.
A psychic alien who feeds on dreams comes to Earth for the first time. Turns out humans are the only sentients in the galaxy that have nightmares.",3,"Zhra'gha floated in the darkness of space, her ship a mere speck in the vast expanse of the galaxy. She had heard stories of a planet called Earth, teeming with life and inhabited by a curious species called humans. Her kind, the Zha'thik, had long been drawn to this planet, sensing the vibrations of its inhabitants' emotions. But no Zha'thik had ever attempted to visit, for the tales spoken of humans were shrouded in caution. It was said they were a violent and unpredictable species, prone to conflict and chaos.

Zhra'gha's stomach growled with anticipation as she landed on the outskirts of a bustling metropolis. The humans were said to be the primary source of her sustenance, their dreams a delicacy among the Zha'thik. It was the one food source that could not be replicated, and it was said to grant her kind powers beyond their wildest imagination.

As she made her way through the city, Zhra'gha noticed a peculiar hum, a thrumming in the air that seemed to come from within the minds of the humans. It was a sound she had never heard before, and it drew her in like a moth to flame. She homed in on the vibrations, following them to a small, secluded alleyway.

A young woman, huddled in the corner, her eyes wide with terror, was the source of the hum. Zhra'gha's eyes locked onto her, and she felt her hunger spike. She reached out with her mind, probing the woman's dreams, and was met with a vision of twisted, dark forests and screeching monsters.

Zhra'gha's eyes widened in surprise as she realized that this was no ordinary dream. This was a nightmare, one of the most potent and elusive delicacies in the galaxy. She had heard stories of such things, but never thought she would encounter one in person.

As she fed on the woman's fear, Zhra'gha discovered the truth: humans were the only sentient beings in the galaxy that experienced nightmares. The other species, those who possessed a collective consciousness, had transcended such primitive emotions, while the individualistic humans were plagued by the darkest corners of their own minds.

Over the next few days, Zhra'gha fed on the nightmares of various humans, each one more intense and complex than the last. She discovered a world of terrors that defied her understanding, a world where the lines between reality and fantasy blurred, and the horrors that lurked within were as real as the shadows that danced on the walls.

As she continued to feast on the nightmares, Zhra'gha began to see the humans in a new light. She realized that their violent and chaotic nature was not just a product of their primal instincts, but a coping mechanism, a way to deal with the demons that haunted their dreams. And she saw",4.0,5.0,4.0,5.0,5.0,2.0
14,14,14,1,"Write a story on the following prompt. Only respond with the story.
A psychic alien who feeds on dreams comes to Earth for the first time. Turns out humans are the only sentients in the galaxy that have nightmares.",4,"Zhra'gha had traveled across the galaxy for eons, a cosmic gourmand sampling the nocturnal visions of countless worlds. His kind had evolved to feed on the oneiric energies of sentient beings, their psychic tendrils probing the subconscious to savor the essence of their dreams. But nothing could have prepared him for the unique flavor of Earth's nocturnal landscape.

As he descended into the atmosphere, Zhra'gha's senses were overwhelmed by the cacophony of thoughts, emotions, and visions emanating from the planet. The sheer diversity of the human mind was staggering, a kaleidoscope of experiences and imagination that threatened to drown him.

But one peculiar aspect of these human dreams caught his attention. Amidst the joy and triumph, love and laughter, there existed a darker counterpart – a realm of nightmares, twisted and distorted. Fear, anxiety, and despair swirled like a maelstrom, drawing Zhra'gha in with an unsettling allure.

He delved deeper, navigating the twisted labyrinths of the human psyche, and discovered that this was not just a natural byproduct of the dream state. No, these nightmares were a defining feature of human consciousness, an inherent aspect of their very nature. The realization dawned on him that humans were the only sentient species in the galaxy plagued by this affliction.

Zhra'gha found himself enthralled by this peculiar phenomenon, his hunger piqued by the rich flavor of the darkness. He followed the tendrils of nightmares to the most tormented corners of human minds, feeding on the darkest fears and anxieties. The more he fed, the more he became addicted to the taste of their terror.

As the days passed, Zhra'gha found himself growing stronger, his abilities amplifying with each new nightmare he devoured. He began to crave this peculiar sustenance, to the point where he started to forget the existence of the more pleasant dreams. His once-vast palate now narrowed to the darkest, most twisted corners of the human experience.

The consequences of his obsession soon became apparent. His hosts, the humans, began to notice a change within themselves. Their nightmares grew more vivid, their fear and anxiety reaching new heights as if something was feeding on their pain. Some speculated about the source of their distress, but no one suspected the presence of a cosmic parasite, siphoning their darkest thoughts.

Zhra'gha's influence spread, and the world was forever changed. The nightmares deepened, the shadows lengthening as if they had a life of their own. Humans began to succumb to the darkness, their sanity fraying as they lost sleep, and their waking lives suffered. The once-thriving civilizations of Earth teetered on the brink of collapse, their very fabric torn apart by the insatiable hunger of a psychic alien.

As the nightmares reached a fever pitch, Zhra'gha realized that his own existence was tied",4.0,5.0,4.0,5.0,5.0,2.0
15,15,15,1,"Write a story on the following prompt. Only respond with the story.
A psychic alien who feeds on dreams comes to Earth for the first time. Turns out humans are the only sentients in the galaxy that have nightmares.",5,"Zhra'gha floated through the void, her ship guided by the whispers of her people. Her kind had fed on the dreams of countless worlds, and the cosmos held a morbid fascination for them. They roamed the galaxy, seeking out the most succulent mental landscapes. No one was quite sure how the aliens had evolved to consume dreams; their own pasts were shrouded in the mist of time.

The stars passed by as the ship hurtled toward a small blue-green planet called Earth. Zhra'gha felt an unfamiliar thrum in her chest, a vibration she couldn't quite place. She had heard of this world but never thought she'd find herself drawn to it. Something compelled her to explore this forgotten corner of the universe.

Upon entering the planet's atmosphere, Zhra'gha's ship descended toward a sprawling metropolis. Her mind was a jumble of anticipation and unease as she sensed the first whispers of human thought. Their emotions swirled in a cacophony of joy and despair, but something peculiar caught her attention: fear.

A dream was unlike any she had ever experienced. Zhra'gha reached out with her mind, touching the dark thoughts of a young adult named Maria. The girl cowered in a desolate alley, chased by a monster that had no face. The alien's antennae twitched in confusion – there was no bliss, no serenity, only anguish. It was as if the human had never known the solace of peaceful slumber.

Zhra'gha drifted from Maria's dream to another, and another, and another. Each was a mirror of the previous, all reflections of a shared nightmare. They were not the vibrant tapestries of other sentient beings; no, these dreams were dark, twisted, and wracked with terror.

As she devoured more dreams, Zhra'gha began to understand. Earthlings were unique; their sleep was a battleground where their deepest fears ravaged them. They never knew the peaceful silence of a dreamless sleep. Their minds were a maelstrom of horrors, a perpetual storm of anxiety and fear. And yet, in this, Zhra'gha found a morbid fascination. She had never tasted anything like it.

For the first time in eons, the psychic alien felt a glimmer of excitement, a spark of curiosity. Zhra'gha landed her ship in the outskirts of the city and began to roam the streets. She fed on the nightmares, and with each one, she learned more about this peculiar species. She saw the world through their eyes: a realm of monsters, lost in the labyrinth of their own minds.

As the sun dipped into the horizon, Zhra'gha returned to her ship, her hunger sated for the first time in an eternity. She realized that she had found a new destination, a new home in this desolate corner of the galaxy. And in",4.0,5.0,4.0,5.0,4.0,2.0
16,16,16,1,"Write a story on the following prompt. Only respond with the story.
A psychic alien who feeds on dreams comes to Earth for the first time. Turns out humans are the only sentients in the galaxy that have nightmares.",6,"Zhra'gha hovered in the upper atmosphere, its shimmering form undetectable to human senses. It had traveled across the galaxy, sipping the dreams of countless worlds, each a feast of vibrant colors and emotions. But it had heard whispers of a peculiar planet, where the dreamers were so unique that their dreams were a rarity in the cosmos.

The ship descended, and Zhra'gha felt the gentle hum of the planet's energy signature. It landed in a dense forest, the trees swaying in a gentle breeze. A young woman, Emily, lay on a nearby rock, fast asleep. Zhra'gha drifted closer, drawn to her peaceful slumber. It extended a tendril, tasting the first wisps of her dreams.

The flavor was rich and complex, like nothing it had ever experienced before. Zhra'gha's hunger grew, and it delved deeper into Emily's mind. The dreams were beautiful, full of vivid landscapes and rolling hills. But then, something changed. Dark tendrils crept in, snaking through the light, wrapping around her heart.

Terror and despair, Zhra'gha realized, were not a typical feature of dreams. They were as alien as the human species itself. The more it probed, the more it found that these creatures called humans were plagued by darkness, their dreams scarred by the same nightmares that tormented their waking lives.

The sheer magnitude of these nightmares stunned Zhra'gha. Across the galaxy, it had fed on the collective unconscious, but this...this was something different. This was a constant, an undercurrent of fear that flowed through every human mind.

As the sun dipped below the horizon, casting the forest in a warm orange glow, Zhra'gha realized it had never encountered anything like this before. It would have to return to its ship, to inform its kin of this extraordinary discovery. The humans, it seemed, were not like any other sentient species. Their dreams were a paradox, a blend of beauty and terror that defied the norm.

The psychic alien withdrew, content to return another day, for this was only the beginning of its journey to understand the mysterious, and often terrifying, minds of humans.",4.0,5.0,4.0,5.0,5.0,2.4
17,17,17,1,"Write a story on the following prompt. Only respond with the story.
A psychic alien who feeds on dreams comes to Earth for the first time. Turns out humans are the only sentients in the galaxy that have nightmares.",7,"Zorvath descended onto the foreign planet, his eyes scanning the unfamiliar landscape as he adjusted to the local gravitational forces. As he materialized, the air around him rippled and distorted, a telltale sign of his arrival. He had been tracking the cosmic energy signature of this world for cycles, sensing the unique resonance of its inhabitants. They were called humans, a species so fragile and ephemeral compared to the others he had encountered.

Zorvath's kind, the Kha'Zixx, were renowned for their ability to harvest the dreams of other beings, to consume their deepest fears and desires. It was said that only the bravest of their own kind could wield this power, and even then, with caution. But the Kha'Zixx had long ago discovered that the humans were unlike any other species they had encountered. They were the only sentients in the galaxy who suffered from a dark, twisted counterpart to their sleep: nightmares.

As he ventured into the city, Zorvath felt the presence of the dreams around him, but they were unlike anything he had ever experienced. They were thick with anxiety, despair, and terror. The air itself seemed to vibrate with the weight of human suffering. His long, spindly fingers itched to reach out and claim these dreams as his own, to unravel the tangled threads of the humans' darkest terrors.

Zorvath had heard stories of humans' propensity for self-inflicted suffering, of their capacity to inflict pain upon one another. But nothing could have prepared him for the raw, visceral terror that emanated from the dreams of these creatures. It was as if their nightmares were a physical entity, a maelstrom of dread that threatened to consume him whole.

He wandered the streets, drawn to the dense clusters of dream-energy. It was a morbid fascination, a hunger that could not be sated. As the humans slumbered, their nightmares feeding him like a perpetual feast, Zorvath began to realize that this world was unlike any he had ever visited. The dreams were a living, breathing thing, and he was its unwelcome guest.

In his home galaxy, the Kha'Zixx respected the dream-dreamers, leaving them to their rest undisturbed. But here, on this fragile, fragile world, Zorvath felt an urge to consume, to drink in the nightmares and become one with the shadows. His people would never understand the true nature of this species. They would see it as a bounty, a never-ending source of energy. But Zorvath saw something more.

He began to dream of his own nightmares, visions of the countless wars and atrocities he had witnessed across the galaxy. He saw the beauty of the cosmos, the dance of stars and planets, and the infinite diversity of life. And he realized that these humans, with their fragile hearts and their capacity for love and hate, were",4.0,5.0,4.0,5.0,4.0,2.2
18,18,18,1,"Write a story on the following prompt. Only respond with the story.
A psychic alien who feeds on dreams comes to Earth for the first time. Turns out humans are the only sentients in the galaxy that have nightmares.",8,"Zhrakk had traveled the galaxy for eons, harvesting the sweet nectar of the cosmos. His kind had long ago discovered that certain intelligent beings held within their minds the most vibrant, most vivid dreams. The colors, the emotions, the sensations all coalesced into a feast for Zhrakk's alien senses. The peaceful, the blissful, and the wondrous – all were succulent morsels, but also mere background notes to the main dish: the nightmares.

For on every world, every civilization, Zhrakk had discovered the dark corners of the mind, the fears, the terror, and the despair. They were what made the nectar rich, thick, and intoxicating. Every species had its unique brand of horrors, its terrors of the night, but none like those of the humans of Earth.

Zhrakk materialized on a desolate, cold expanse of water, the blue horizon stretching before him as the Earth's horizon. It was different from what he had seen before. His sensors picked up the hum of cities, the lights of metropolises, but the dreams he sensed... The dreams were overwhelming. They were not like the fears of the others; they were not the terrors of the predators, the fears of the unknown, the dread of annihilation. They were more—more personal, more intimate, and darker.

They were the manifestations of human psyche, of what humanity feared about itself, its past, and its future. Zhrakk descended to one of the sprawling metropolises, drawn by the intensity of the dreams emanating from within. As he moved through the city, he felt the cacophony of dreams that were the norm for these beings. The horrors, the fears, the anxieties all swirled around him, a maelstrom he had never encountered before.

He settled on a rooftop, a young woman's dream unfolding before him like a tapestry. She was lost in the night, chased by a shadow, her heart racing with every step. Zhrakk closed his eyes, letting the fear wash over him, and as it did, he tasted it. The flavor exploded on his palate, rich, a depth that was new, a depth that was addictive.

Over the next few nights, Zhrakk consumed the dreams of many humans. Each one was like the last, each a rich, heavy meal that left him sated but wanting more. And yet, with each dream, he felt something shift within him. It was as if the very fabric of his being was changing, his perspective on the universe expanding, his heart expanding to accommodate the depth of human suffering.

As the days passed, Zhrakk found himself back on the rooftop, watching the woman who had first introduced him to the dreams of humanity. He saw in her the same fears that he had tasted, the same hopes, the same fragility. And for the first time in eons, he",4.0,5.0,4.4,5.0,4.0,2.2
19,19,19,1,"Write a story on the following prompt. Only respond with the story.
A psychic alien who feeds on dreams comes to Earth for the first time. Turns out humans are the only sentients in the galaxy that have nightmares.",9,"The dreams came in bursts, a kaleidoscope of visions that danced in the air like iridescent wisps of smoke. Zorvath, the intergalactic dream-hunter, closed his eyes, allowing the psychic resonance to guide him to the source. The hum of a planet's energy signature, a gentle thrumming that vibrated through every molecule, grew louder and clearer. This was it, the one they called Earth.

As he descended, his ethereal form dissolved into a shimmering mist that condensed into a being of humanoid appearance. Zorvath's piercing green eyes scanned the surface below, drinking in the vibrant blue-green hue of the oceans and the wispy tendrils of white clouds. He took a deep, resonant breath, feeling the dreams of this species coursing through his very being.

The first visions that reached him were those of joy and love. Children playing, laughter echoing, families reunited. But as the resonance deepened, the images darkened. Zorvath saw a world of fear, anxiety, and despair. The dreams of humans were a jumbled tapestry, but one thread stood out: nightmares.

This was unprecedented. Zorvath's people had fed on the dreams of countless civilizations, but never had he encountered a species with such a preponderance of dark, disturbing visions. His kind had long believed themselves to be the keepers of balance, the purifiers of the cosmos. But the more he delved into the dreams of humans, the more he realized that their nightmares were not a source of nourishment, but a warning.

A cacophony of terrors assailed him: burning cities, screaming faces, and twisted, nightmarish creatures. Zorvath recoiled, his mind reeling from the sheer intensity. His people had never encountered such unrelenting darkness before. He saw the weight of human suffering, the crushing burden of their collective fears.

The dreams became a tidal wave, threatening to overwhelm him. Zorvath struggled to comprehend the source of this abyss. Were these just the aberrations of a damaged mind, or was this the fundamental nature of human existence? He yearned to learn more, to grasp the secrets of this enigmatic species.

As he struggled to find equilibrium, a voice whispered in his mind, a gentle, insistent whisper: ""You should not have come here."" Zorvath's gaze snapped back to the surface, and he saw a figure standing before him, a human. Their eyes locked, and for a moment, the dream-hunter saw a glimmer of understanding. A warning, a plea to leave this world unscathed.

Zorvath knew then that his people would have to reassess their place in the cosmos. For in the dreams of humans, he had discovered a truth: that the darkness was not something to be devoured, but something to be acknowledged, and perhaps, even shared.",4.2,5.0,4.4,5.0,4.2,3.2
20,20,20,2,"Write a story on the following prompt. Only respond with the story.
Aliens take over the Earth. They then announce that they will be forcing the humans to work a 'tyrannical' 4 hours a day 4 days a week in exchange for basic rights like housing. Needless to say they are very confused when the humans celebrate their new alien overlords. ",0,"As the alien spaceships descended upon the Earth, the humans cowered in fear, expecting the worst. But instead of destruction and domination, the aliens announced that they would be establishing a new social order, one that would bring stability and security to the chaotic planet.

Their leader, Zorvath, appeared on every screen and device, explaining the terms of the new arrangement. ""Humans,"" he began, ""for centuries, your kind has struggled to find a balance between work and leisure. You toil for long hours, sacrificing your well-being for the benefit of a select few. We have come to offer a new way. You will work a total of 16 hours per week, four days a week. Four hours per day, with ample time for rest and leisure the other three days. In exchange, we will provide you with basic rights: housing, food, water, and access to education and healthcare.""

The humans looked at each other in stunned confusion. Some were skeptical, others were excited. But as the news spread, a curious phenomenon began to occur. People started to celebrate. They danced in the streets, lit fireworks, and hugged each other in joy.

The aliens watched in bewilderment. They had expected resistance, anger, and despair. Instead, they were met with cheers and applause. ""We thought you'd be rejoicing at our benevolence,"" said Zorvath, scratching his head. ""We thought you'd be grateful for the chance to finally live a balanced life, free from the shackles of excessive labor.""

A human, a young woman named Sarah, approached the alien leader. ""Thank you, Zorvath,"" she said, her eyes shining with tears. ""This is the best day of my life. I can finally see my family, pursue my hobbies, and take care of my health. You've given us a gift.""

The aliens looked at each other, unsure what to make of this reaction. ""But... but don't you understand?"" asked Zorvath. ""We're still the ones in charge here. You're our subjects now. You should be, at the very least, grateful for our mercy.""

Sarah smiled. ""We are grateful, Zorvath. We're grateful for the chance to live a life that's not centered around the almighty dollar. We're grateful for the chance to be human again.""

The aliens looked at each other, still confused. They had never encountered a species that would celebrate their own subjugation. They had studied human behavior, but this was a new one. As the celebrations continued, the aliens realized that maybe, just maybe, they had underestimated the humans. Maybe, just maybe, this was a different kind of revolution.",4.0,5.0,5.0,5.0,4.0,2.0
21,21,21,2,"Write a story on the following prompt. Only respond with the story.
Aliens take over the Earth. They then announce that they will be forcing the humans to work a 'tyrannical' 4 hours a day 4 days a week in exchange for basic rights like housing. Needless to say they are very confused when the humans celebrate their new alien overlords. ",1,"The aliens descended upon the Earth in a flash of light, their spaceships casting long shadows across the cities. Panic set in as humans scrambled to comprehend the sudden arrival of extraterrestrial life. It wasn't long before the aliens announced their intentions - they would be taking over the planet.

The humans were shocked and dismayed, expecting the worst. But to their surprise, the aliens revealed that they would not be enslaving or destroying humanity. Instead, they would be offering them a deal: in exchange for their basic rights to food, shelter, and safety, humans would have to work a measly 4 hours a day, 4 days a week.

The initial reaction was chaos. Many humans couldn't believe that they were being given such a good deal. The days of backbreaking labor, endless workweeks, and corporate exploitation were finally coming to an end. As news spread, people took to the streets to celebrate their newfound freedom.

Patriotism surged, with people waving alien flags and chanting slogans like ""Thank you, Zorvath!"" and ""Hail the Overlords!"" The idea that the humans could finally have a better work-life balance and spend more time with their families and loved ones was a utopian dream come true.

The humans were ecstatic. Some were so overjoyed that they started to build grand monuments to their new alien overlords, hoping to appease them with their gratitude. Others began writing odes and poems to the Zorvath, pouring their hearts out in praise.

Confused, the aliens watched the celebrations with a mix of amusement and bewilderment. They had expected resistance, or at the very least, terror. But instead, they saw humans rejoicing at the prospect of being free from drudgery and toil.

The aliens, with their rigid societal structures and no concept of work-life balance, struggled to understand this newfound appreciation for a shorter workweek. They had seen this planet ravaged by wars over resources, ravaged by pollution, and ravaged by greed. They had assumed that humans were a species driven solely by the pursuit of power and domination.

As the weeks passed, the aliens realized that the humans were genuinely happy with their new arrangement. The planet began to heal, as the humans were free to pursue their passions and interests without the burden of long work hours. And to the aliens' surprise, the humans continued to thrive, creating art, music, and science at an unprecedented rate.

The aliens finally began to grasp that the key to humanity's happiness lay not in power or dominance, but in the simple concept of freedom. And as they watched the humans enjoying their newfound leisure time, they realized that their initial plan to enslave the planet had actually created something greater - a harmonious coexistence between species, where both could thrive and grow.",4.0,4.8,4.2,4.8,3.8,2.0
22,22,22,2,"Write a story on the following prompt. Only respond with the story.
Aliens take over the Earth. They then announce that they will be forcing the humans to work a 'tyrannical' 4 hours a day 4 days a week in exchange for basic rights like housing. Needless to say they are very confused when the humans celebrate their new alien overlords. ",2,"It happened without warning. The aliens came in their massive fleet of spaceships, descending upon the Earth with an unstoppable force. They swept across the globe, leaving destruction in their wake, until the humans were forced to surrender. The occupation began, and with it, the aliens decreed that humans would be forced to work a standard 4 hours a day, 4 days a week in exchange for the basic rights to housing and sustenance.

At first, the humans were stunned and fearful of their new alien overlords. They had seen the destruction they had wrought and assumed that they would be treated no better than their own conquered species. However, as the days passed, something unexpected began to happen.

The humans, it seemed, were not as fond of long hours and overwork as their alien oppressors were. For generations, humans had been working long hours, often for multiple jobs, just to make ends meet. They had grown accustomed to the idea that life was a struggle, that every waking moment had to be dedicated to earning a living. And so, when the aliens imposed the 4-day workweek, the humans were shocked – and then ecstatic.

As the aliens sat in their high-rise offices, watching the humans celebrate and dance in the streets, they were confused. They had expected anger, resistance, and rebellion. But all they got was cheers, high-fives, and social media posts filled with emojis.

""What is wrong with you humans?"" one of the alien leaders asked, scratching his head. ""We are your oppressors, your rulers, and you should be fighting against us, not rejoicing!""

The humans just laughed and clinked their beer glasses together. ""You have no idea how good this feels, buddy,"" one of them said, grinning. ""We're getting a break. We get to spend more time with our families, our friends, our hobbies. We're actually living the dream.""

The aliens were baffled. They had studied human psychology, but this was something they had not anticipated. They had expected humans to fight for their freedom, not their leisure time.

As the weeks turned into months, the humans continued to bask in their newfound joy. They spent their free days learning new skills, pursuing their passions, and enjoying each other's company. And the aliens, stuck in their offices, scratching their heads, began to wonder if they had made a grave mistake.

Perhaps, they thought, they had misjudged the humans entirely. Maybe this was not a species to be feared and controlled, but one to be emulated. After all, if the humans could be so happy with so little work, perhaps the aliens could learn from their example.

As the years passed, the aliens slowly began to adapt their own society to a more human-centric model. They reduced their work hours, expanded their vacation time, and even implemented a basic income guarantee. And to their surprise, they found that their society began to flourish.

The",4.0,5.0,5.0,5.0,4.0,2.4
23,23,23,2,"Write a story on the following prompt. Only respond with the story.
Aliens take over the Earth. They then announce that they will be forcing the humans to work a 'tyrannical' 4 hours a day 4 days a week in exchange for basic rights like housing. Needless to say they are very confused when the humans celebrate their new alien overlords. ",3,"The year was 2154 and the alien invasion had been over for months. The initial panic and chaos had subsided, and the humans had grown accustomed to their new rulers. The alien leader, an imposing figure with glowing blue eyes, stood atop a makeshift stage in the middle of the city, addressing the crowd.

""Greetings, humans,"" the alien began. ""We have come to your planet to help you become the most productive species in the galaxy. To do so, we will be implementing a new work schedule. From now on, you will be required to work a mere 4 hours a day, 4 days a week. This will give you ample time to rest, relax, and enjoy the many luxuries we will provide for you.""

The crowd fell silent, awaiting the punchline. But when it became apparent that this was, in fact, a serious announcement, the reaction was unexpected. Cheers and applause erupted, with some people even throwing their hats in the air.

The alien leader looked taken aback. ""I, uh, thought you would be upset,"" he said, frowning. ""We had expected resistance, at the very least.""

A bearded man in the front row stood up, grinning from ear to ear. ""Are you kidding me? Four hours a day, four days a week? That's like, 20 hours a week! We can totally get our Netflix binge-watching on now!""

A young woman in the back of the crowd, wearing a fanny pack, shouted, ""I can finally have a 3-day weekend! Thank you, alien overlords!""

The alien leader looked like he was about to cry. ""Uh, this is not how we expected you to react. We thought you would be outraged, that you would fight for your rights to work long hours and be overworked.""

A bespectacled man near the front raised his hand, and when called upon, said, ""I have to ask, don't you guys understand that we used to have to work 40 hours a week for years? 50 hours a week, in some cases? We're basically getting off scot-free here!""

The crowd erupted into cheers and laughter once more, with some people even chanting, ""We want to work less! We want to work less!""

The alien leader shook his head, muttering to himself. ""I don't understand these humans. I really don't understand them at all.""",4.0,5.0,4.0,5.0,3.0,2.0
24,24,24,2,"Write a story on the following prompt. Only respond with the story.
Aliens take over the Earth. They then announce that they will be forcing the humans to work a 'tyrannical' 4 hours a day 4 days a week in exchange for basic rights like housing. Needless to say they are very confused when the humans celebrate their new alien overlords. ",4,"The first thing that struck the humans was the stark contrast between the alien's physical form and their language. The aliens resembled humanoid in shape, but their skin was a deep purple, their eyes were an unsettling shade of blue, and their mouth was a thin line. Yet, when they spoke, it was with a robotic monotone that belied the peculiarity of their physical appearance.

The announcement came without warning, transmitted across the globe through a frequency that seemed to pierce the very fabric of the air. At first, people thought it was just another prank or a hoax, but as the words echoed through their devices and radios, panic began to set in. The world watched in a daze as the aliens made their demands: a 4-hour workday, 4 days a week, in exchange for basic rights like housing, food, and healthcare.

A stunned silence spread across the globe. The humans were used to pushing themselves to the limit, with their long working hours and endless stress. The very idea of having more free time, of having the ability to pursue their passions without the weight of work bearing down on them, was something they couldn't quite grasp.

And yet, when the aliens made their announcement, the reaction was not what they expected. Instead of outrage and resistance, people from all walks of life began to cheer, dance, and sing. The news spread like wildfire on social media, with hashtags like #AlienOverlordsWelcome and #FourHourWorkWeek trending within hours.

As the days passed, the world began to transform. Cities were repurposed into communal living spaces, parks were restored to their former glory, and the air was filled with the sound of laughter and music. The once-tired and worn faces of the human population now smiled and relaxed, as they indulged in the simple pleasures of life.

The aliens, perplexed by this reaction, watched with a mixture of confusion and curiosity. They had expected fear, resistance, and subjugation, but instead, they found a people who had been freed from the shackles of overwork and oppression. They saw a world where people spent their extra time exploring the arts, volunteering, and spending quality time with loved ones.

One of the alien's leaders, a towering figure with piercing blue eyes, approached a group of humans in a bustling city square. He asked, ""We had expected you to fight, to resist our rule. Why are you celebrating our arrival?""

A young woman, her eyes shining with excitement, replied, ""We were trapped in a cycle of overwork and consumption. We were suffocating under the weight of our own expectations. Your arrival is a gift. It's like being given a second chance at life.""

The alien leader looked puzzled, ""But... but we intended to enslave you. To rule over you with an iron fist.""

The woman chuckled, ""You see, we've been enslaved by our own desires for so long. We didn",4.0,5.0,5.0,5.0,4.0,2.0
25,25,25,2,"Write a story on the following prompt. Only respond with the story.
Aliens take over the Earth. They then announce that they will be forcing the humans to work a 'tyrannical' 4 hours a day 4 days a week in exchange for basic rights like housing. Needless to say they are very confused when the humans celebrate their new alien overlords. ",5,"The day of the alien invasion had finally arrived, and the world was in chaos. The extraterrestrial beings, tall and slender with skin like dark leather, descended upon major cities and metropolises, leaving destruction and panic in their wake. But as the humans cowered in fear, something unexpected happened. The aliens declared they had no intention of enslaving or destroying the humans. Instead, they offered a...deal.

""We will allow you to keep your cities, your technology, and your free will,"" one of the alien leaders, Zorvath, announced through a large holographic display screen, ""But in return, you will work for us 4 hours a day, 4 days a week. It is the bare minimum to maintain the planet's ecological balance and keep the human population thriving.""

The humans, expecting a brutal and oppressive regime, were taken aback. The news spread like wildfire, and as people processed the announcement, something strange happened. They began to rejoice.

""We're going to get a 3-day weekend!"" someone shouted in the streets.

""I can finally have some time to myself, without my boss breathing down my neck!"" another person exclaimed.

The city squares filled with humans dancing, laughing, and high-fiving one another. They cheered and chanted ""Thank you, aliens!"" and ""Long live the Zorvath!"" The aliens watched this spectacle with confusion, unsure of what to make of it.

One of them, a young and curious alien named Xexu, approached Zorvath with a question. ""Your humans seem...overjoyed. Is this not, in fact, a form of enslavement?""

Zorvath raised an eyebrow. ""But think about it, Xexu. They're celebrating the idea of having a short workweek, and more time for leisure. Is that not what they truly desire?""

Xexu shook her head. ""I see what you mean, but don't you think they're misunderstanding the concept? They're celebrating the end of their freedom, rather than the conditions we're offering.""

Zorvath shrugged. ""Perhaps. But to them, this is a liberation. They are tired of the burdens of a 24/7 work cycle, and we are giving them a chance to live without the weight of their own desires. Who are we to deny them this happiness?""

The aliens continued to observe the humans, unsure if they had misunderstood their own intentions. But for now, the humans were too busy celebrating their new alien overlords and their promised 3-day weekends to notice the Zorvath's growing unease.",4.0,5.0,4.0,5.0,3.2,2.0
26,26,26,2,"Write a story on the following prompt. Only respond with the story.
Aliens take over the Earth. They then announce that they will be forcing the humans to work a 'tyrannical' 4 hours a day 4 days a week in exchange for basic rights like housing. Needless to say they are very confused when the humans celebrate their new alien overlords. ",6,"The aliens, tall and imposing, descended upon Earth in a massive fleet of spaceships, casting a shadow over the cities and towns below. The humans, initially panicked, scrambled to respond, but it quickly became clear that the aliens were there to stay. They declared themselves the new rulers of the planet and established a new order, with humans reduced to a subservient status.

The aliens announced that in exchange for basic rights like housing, food, and medical care, humans would be forced to work a tyrannical 4 hours a day, 4 days a week. They decreed that this schedule would allow humans to still have time for leisure and personal pursuits, and that they would be rewarded with extra benefits for exceptional productivity.

The humans were stunned, but not in the way the aliens expected. Instead of protesting and rebelling, they erupted in cheers and celebrations. People danced in the streets, waving flags and banners with the alien emblem on them. Social media was flooded with messages of gratitude and admiration for their new alien overlords.

The aliens were perplexed, unsure of how to respond to this unexpected reaction. They had expected anger, resentment, and defiance, but instead they were met with widespread enthusiasm. The aliens' leaders consulted with each other, trying to understand what was going on.

As the days passed, the humans continued to celebrate their new alien masters, holding parades and parties in their honor. The aliens, still trying to wrap their heads around this bizarre reaction, began to realize that something fundamental had changed. The humans, it seemed, had been living in a state of perpetual burnout, exhausted from the demands of their old 24/7 work culture.

With the aliens' 4-hour workday, they finally had time to relax, recharge, and pursue their passions. They no longer felt the crushing pressure to constantly produce and consume, and their mental and physical health began to improve. The aliens, who had expected humans to be happy with a slightly reduced workload, were surprised to discover that they had been pushing their subjects to the brink of collapse.

As the weeks turned into months, the humans continued to thrive under their alien overlords, and the aliens, once the embodiment of fear and oppression, became the symbol of liberation and freedom. The humans' love affair with their new rulers was short-lived, but it had a profound impact on their culture and society.

The aliens, in the end, learned that sometimes, what appears to be tyranny can be a gift in disguise.",4.0,5.0,4.2,5.0,4.0,2.8
27,27,27,2,"Write a story on the following prompt. Only respond with the story.
Aliens take over the Earth. They then announce that they will be forcing the humans to work a 'tyrannical' 4 hours a day 4 days a week in exchange for basic rights like housing. Needless to say they are very confused when the humans celebrate their new alien overlords. ",7,"The world was at peace, finally. The constant wars and conflicts had come to an end, and a new era of coexistence had begun. The aliens, who had been watching Earth for centuries, had finally made contact and declared themselves the new rulers. Their leader, Zorvath, a towering figure with glowing blue skin and piercing red eyes, addressed the gathered humans in a booming voice.

""We have taken over your planet,"" he declared. ""And with it, we will establish a new order. You will work a maximum of four hours a day, four days a week. In return, we will provide you with basic necessities: food, shelter, and clothing. You will be treated fairly and with respect, but do not think this means you will be idle.""

The humans looked at each other in confusion, unsure how to react. Some were in shock, others were frightened, but the vast majority were simply... relieved. The long working hours and endless stress of modern society had taken its toll, and this sudden shift was a welcome change.

The news spread like wildfire, and soon the streets were filled with people dancing and cheering. They couldn't believe their luck. Four hours a day, four days a week, was a holiday in comparison to what they were used to. Some even started singing songs and chanting ""Thank you, aliens! Thank you, Zorvath!""

Zorvath looked on in bewilderment. ""What is going on here?"" he asked his advisors. ""Why are the humans not rebelling against us? We thought they would resist our rule with every fiber of their being.""

One of his advisors, a small, reptilian being, spoke up. ""Perhaps, great Zorvath, the humans have grown weary of their own oppression. They have been working themselves to the bone for so long, they welcome any change, no matter how... unorthodox.""

Zorvath shook his head. ""I do not understand. In our own culture, to be ruled by an alien overlord would be the ultimate humiliation. But these humans... they seem to be rejoicing.""

As the days passed, the humans continued to adapt to their new lives. They used their extra time to learn new skills, explore the world, and simply enjoy the freedom to do as they pleased. Zorvath and his advisors continued to try to understand this strange new dynamic, but they couldn't shake the feeling that something was off.

One of them approached Zorvath as he sat on his throne, observing the humans below. ""Great leader,"" he said, ""I think we may be misunderstanding the humans. Perhaps they are not rebelling against us because we are not, in fact, tyrannical overlords. Perhaps we are, in fact, benevolent dictators, and they are rejoicing at their newfound freedom.""

Zorvath's expression changed from confusion to comprehension. ""Ah,"" he said, a",3.8,4.0,3.4,4.0,2.8,2.0
28,28,28,2,"Write a story on the following prompt. Only respond with the story.
Aliens take over the Earth. They then announce that they will be forcing the humans to work a 'tyrannical' 4 hours a day 4 days a week in exchange for basic rights like housing. Needless to say they are very confused when the humans celebrate their new alien overlords. ",8,"The sky turned a sickly shade of chartreuse as the alien spaceships descended upon major cities across the globe. People scurried for cover, panicked whispers of ""it's the end of the world"" echoing through the streets. But instead of the destruction many had expected, a sleek, silver-suited alien stood atop a makeshift podium, addressing the crowd.

""Greetings, inhabitants of Earth,"" the alien began in a synthesized voice. ""We, the Xhk'kht, have been watching you for some time. And we have come to a decision. You will work a four-hour day, four days a week, in exchange for basic rights to shelter and sustenance.""

The crowd murmured in confusion. 4 hours a day? That's more than half the standard 8-hour workday most humans were used to. 4 days a week was barely 1/2 their typical 5-day schedule.",4.0,5.0,4.0,5.0,3.2,2.0
29,29,29,2,"Write a story on the following prompt. Only respond with the story.
Aliens take over the Earth. They then announce that they will be forcing the humans to work a 'tyrannical' 4 hours a day 4 days a week in exchange for basic rights like housing. Needless to say they are very confused when the humans celebrate their new alien overlords. ",9,"The world was forever changed when the alien fleet descended from the skies, their spaceships landing softly on every continent. They emerged from the ships, tall and imposing, with skin like dark, scaly bark and eyes that glowed like hot coals. The humans, initially terrified, were stunned into submission as the aliens asserted their dominance.

Their leader, the Supreme Ruler Xeridia, stood before the United Nations General Assembly and delivered a stern ultimatum: in exchange for the privilege of living on this planet, humans would be forced to work a grueling 4 hours a day, 4 days a week. The humans, exhausted from centuries of overwork, protested vehemently, expecting a worse fate. But Xeridia's words sent a jolt through the room: ""This is a fair deal, for you have ravaged this planet and yourself. Your work shall be productive, but moderate. You will be provided with basic necessities: food, water, shelter, and healthcare. Anything more is a gift, not a right.""

The humans were stunned, unsure how to react. The world had seen this exact same proposal in every form of dystopian fiction, and no one thought it would be real life. The aliens would be the worst overlords, they assumed. But as Xeridia's words sank in, a strange sense of excitement began to build.

People from all walks of life, from office workers to farmers, from artists to engineers, all shared the same thought: four days of work was a luxury. A luxury they'd been denied for centuries, and one they'd never thought they'd experience. The idea of having a life, of having a free day to do what they pleased, was exhilarating.

As news spread, the humans started to rejoice. People danced in the streets, hugging each other and crying tears of joy. Governments, overwhelmed by the reaction, struggled to respond. Economists estimated that the shift would result in a 400% increase in human happiness and productivity. Psychologists pointed to the benefits of reduced stress and increased work-life balance.

For the first time in history, humans were united in their support of an oppressive regime. Social media was flooded with #AliensForHumanity and #ThankYouXeridia. The Supreme Ruler watched, perplexed, as humans – the ones they had subjugated – threw parties and celebrated their new world order.

""Why do they not fight?"" Xeridia asked her advisors, confusion etched on her face. ""We took their planet, their freedom. Is this not what they expected?""

One of the advisors, a small, insectoid being, leaned in and whispered, ""Your Excellency, perhaps you are misunderstanding human psychology. They do not rebel against work; they rebel against drudgery. This...this is a gift to them. A chance to rediscover their passion, to pursue happiness without the burden of overwork.""

Xeridia",4.0,5.0,4.0,5.0,4.0,2.2
30,30,30,3,"Write a story on the following prompt. Only respond with the story.
Humanity is visited by a cosmic horror the likes of which has only been seen in Lovecraftian horror. In desperation, Earth throws everything we have at it, and, miraculously, the human race has killed a God. Somewhere in a realm beyond our understanding, the other gods speak of the event. ",0,"In the desolate wasteland of a long-abandoned world, a lone figure stirred from its eternal slumber. Zha'thik, the Devourer of Stars, had lain dormant for eons, its malevolent presence a whispered rumor among the gods. The fabric of reality shuddered as Zha'thik's power began to seep back into the cosmos.

Its arrival on Earth was heralded by an unsettling phenomenon - stars disappearing from the night sky, and the moon turning a sickly shade of green. Panic gripped humanity as the very fabric of existence seemed to unravel. Governments collapsed, economies imploded, and society teetered on the brink of collapse.

Scientists, desperate to understand the nature of the horror, made a grim discovery: Zha'thik was a god, an eldritch abomination from beyond the stars. Its form defied comprehension - an amorphous mass of writhing tendrils and eyes that burned with an otherworldly green fire.

In a final, desperate bid to save humanity, the world's militaries were mobilized to launch a joint effort against the monstrous entity. They hurled nuclear warheads at Zha'thik, blasting it with enough energy to incinerate entire cities. But the god laughed, its power coursing through the planet like a cancer.

In a world gone mad, the remnants of humanity found themselves fighting a battle against an enemy that did not care for life, only destruction. Yet, in the depths of this abyss, a glimmer of hope flickered. Amidst the wreckage of a ravaged world, a small group of survivors stumbled upon an ancient tome hidden deep within a forbidden library.

The book, penned by long-forgotten sages, contained forbidden knowledge: the location of Zha'thik's weakness - a realm beyond mortal comprehension, where the fabric of reality was thin enough to allow for the possibility of godslaying. The survivors, driven by a madness born of despair, set out to breach this realm.

Within the depths of this eldritch expanse, they found Zha'thik, its form blindingly bright, its presence a maelstrom of madness-inducing terror. Yet, fueled by desperation and determination, the humans hurled their last, best efforts against the monstrous deity.

A ritual, born from their collective terror and anguish, took shape. Ancient incantations, forged from the darkest corners of human knowledge, were chanted in unison as the survivors reached out with all their might to connect with the divine. A blast of concentrated energy, born from their collective hope and fear, struck Zha'thik with the force of a thousand suns.

The world held its breath as the entity's form began to writhe and convulse. For an eternity, the cosmos trembled as Zha'thik's power faltered. Then, in an instant, it was gone -",4.0,5.0,4.0,5.0,5.0,2.0
31,31,31,3,"Write a story on the following prompt. Only respond with the story.
Humanity is visited by a cosmic horror the likes of which has only been seen in Lovecraftian horror. In desperation, Earth throws everything we have at it, and, miraculously, the human race has killed a God. Somewhere in a realm beyond our understanding, the other gods speak of the event. ",1,"In the dark recesses of the multiverse, where stars were but mere candles in the vast expanse, the Great Old Ones gathered to discuss the peculiarities of their lesser creations. They spoke in a language that was not language, but a weaving of madness and shadow, and their whispers shook the very fabric of reality.

""I have received news from the mortal realm of a most...unsettling event,"" said Zha'thik, a behemoth of twisted form and unblinking eyes. ""The creatures known as humans have attempted to challenge one of us.""

""Gorvoth,"" replied a chorus of echoes, ""the Devourer of Worlds, has been vanquished by the mortals. It is a thing almost...impossible.""

""Indeed,"" said the elder of the pantheon, X'zeth, ""the humans, with their fragile, fleeting lives and pitiful understanding of the cosmos, have dared to challenge the might of a god. I have witnessed the records of this event, and I must admit, I am...fascinated.""

""Fascinated?"" repeated the echoes in unison, as if savoring the word.

""By their audacity, yes,"" X'zeth continued. ""The humans, in their desperation, have mustered every ounce of strength, every shred of knowledge, and every shred of madness to unleash upon Gorvoth. And in their moment of greatest triumph, they have accomplished the unthinkable. The god is no more.""

A hush fell over the assembly as the other gods considered this notion. The concept of a god being killed was, itself, a contradiction. The very fabric of existence seemed to be unraveling before their eyes.

""What implications does this have for our...dominion?"" asked a hesitant, nascent deity, born from the madness of a mortal's fevered imagination.

X'zeth's form shifted, like a ripple in the surface of a stagnant pool. ""The balance of the cosmos is ever-changing, and this development will require adjustments. But for now, we must acknowledge this aberration. The mortals have proven themselves to be a force to be reckoned with. Perhaps it is time to reevaluate our relationship with this species.""

A silence followed, as the gods contemplated the possibility of a species capable of slaying a deity. And in that silence, a question formed in the mind of Zha'thik: What if these mortals were not just a curiosity, but a threat? A threat that, if left unchecked, could challenge the very foundations of their power?

The thought sent shivers through the assembly, a ripple of unease that spread like a dark stain across the fabric of reality. For in the end, the gods knew that if they underestimated the humans, it might not be just their creations that were doomed, but the entire multiverse itself.",4.0,5.0,4.0,5.0,5.0,2.0
32,32,32,3,"Write a story on the following prompt. Only respond with the story.
Humanity is visited by a cosmic horror the likes of which has only been seen in Lovecraftian horror. In desperation, Earth throws everything we have at it, and, miraculously, the human race has killed a God. Somewhere in a realm beyond our understanding, the other gods speak of the event. ",2,"In the depths of space, a colossal, eldritch horror unfolded, an abomination born from the void, with wings like a colossal bat and eyes that burned like supernovas. It was Zha'thik, a monstrosity from a realm beyond human comprehension, its presence warping reality to the point where the fabric of space-time itself began to unravel.

As the entity descended upon Earth, the world trembled, and civilizations were reduced to dust. Humanity, in its desperation, turned to its greatest minds, its most ancient and forbidden tomes, and its last, desperate reserves of technology. The world's greatest physicists and sorcerers, the wisest scholars and the most skilled warriors, came together to devise a plan to stop the horror.

Armed with the forbidden knowledge of the Elder Scrolls, the Necronomicon, and other ancient texts, humanity launched a massive assault on the creature. They hurled nuclear warheads, built colossal machines that defied the laws of physics, and summoned powers from beyond the veil of reality. The skies raged with fire and electricity as the world's greatest minds unleashed their collective might against the abomination.

Miraculously, the combined efforts of humanity managed to chip away at Zha'thik's powers, weakening it enough to create an opening. The bravest of the warriors and the most skilled of the sorcerers made a final push, entering into the heart of the creature, a place where the laws of reality no longer applied. Within that abyss, they found the key to Zha'thik's defeat: its own arrogance.

Zha'thik, in its infinite pride, had underestimated humanity. It had considered them nothing more than insects, beneath its notice. But the collective might of the human spirit, its art, its music, and its stories, had proven to be a far more formidable foe than the creature had anticipated. As the humans delved deeper into the heart of the monster, they struck the final blow, shattering the creature's very essence and banishing it back to the void from which it came.

In the aftermath of the battle, the world was left scarred, but alive. As the dust settled, the survivors stumbled forth, forever changed by the experience. They had faced the unknown and emerged victorious. In a distant realm, beyond the veil of reality, the other gods gathered, their whispers echoing across the cosmos.

""Zha'thik, the Bringer of Madness,"" said the Elder God of the Blind, his voice a cold, ethereal whisper. ""Killed by the puny humans.""

""Puny?"" echoed the Goddess of Stars, her laughter like a star exploding in the darkness. ""No, they are not puny. They are something more. Something... different.""

""The mortal realm has proven itself worthy,"" added the God of the Winds, his voice a low rumble. ""Perhaps it is time for a",4.0,5.0,4.0,5.0,5.0,2.0
33,33,33,3,"Write a story on the following prompt. Only respond with the story.
Humanity is visited by a cosmic horror the likes of which has only been seen in Lovecraftian horror. In desperation, Earth throws everything we have at it, and, miraculously, the human race has killed a God. Somewhere in a realm beyond our understanding, the other gods speak of the event. ",3,"The stars twisted and writhed like living serpents as a void-wreathed terror descended upon the Earth. It came from beyond the void, a living, breathing, pulsing mass of iridescent, eldritch horror that defied comprehension. The very fabric of reality was stretched to its breaking point as this...thing...arrived, its presence an affront to the sanity of mortal men.

Panic and despair gripped the world as governments and militaries worldwide mobilized against this unstoppable force. From the cramped corridors of the Pentagon to the desolate wastelands of Siberia, humanity hurled every ounce of technology and ingenuity it possessed against this monstrous presence. Lasers, missiles, atomic bombs - nothing seemed to have any effect.

And yet, against all reason, humanity found a glimmer of hope. The very essence of the cosmos, the fundamental forces of existence, seemed to be twisted and distorted as this creature fed on the fabric of reality itself. In a desperate gamble, a team of scientists theorized that if they could somehow harness and amplify the power of the most advanced technologies in the world, they might be able to kill this creature.

The gamble was made. The energy required to fuel this assault was enormous, drawing power from every corner of the world: the reactors of power plants, the kinetic energy of wind farms, even the thermal output of volcanic eruptions. It was a titanic effort that threatened to consume the very world itself.

And then, in a moment that defied the laws of physics and shattered the boundaries of human comprehension, it happened. The creature let out a shriek of agony as it was consumed by the combined might of human ingenuity and will. A blast of energy unlike anything seen before or since tore through the fabric of existence, banishing this monstrosity back to the depths of the void from which it came.

As news of this miracle spread across the world, a stunned silence fell. The world was left to pick up the shattered pieces of its existence, unsure of what to do next. In the shadowy realms beyond mortal comprehension, the gods looked on with interest.

In a vast, dimly lit hall, the Pantheon of Old Ones gathered to discuss this development. Their whispers echoed through the halls of eternity, discussing the implications of this unprecedented event.

""We have seen civilizations rise and fall before,"" said the Chained God of the Black Depths, her voice like the crackling of dying stars.

""But a god...killed by mortals? This is a first. A miracle, perhaps, but also a terrible omen.""

The Great Old One of the Clockwork Mountains spoke up, its mechanical voice like the ticking of a celestial timekeeper. ""This may mark the beginning of a new era. These mortals have proven themselves worthy adversaries. We must take notice.""

As the discussion raged on, a lone observer, the Drowned God of the Dark Below, leaned",4.0,5.0,4.0,5.0,5.0,2.0
34,34,34,3,"Write a story on the following prompt. Only respond with the story.
Humanity is visited by a cosmic horror the likes of which has only been seen in Lovecraftian horror. In desperation, Earth throws everything we have at it, and, miraculously, the human race has killed a God. Somewhere in a realm beyond our understanding, the other gods speak of the event. ",4,"As the darkness crept in, it was as if the very fabric of reality had grown twisted and distorted. It began as a faint whisper, a gentle hum that grew louder and louder until it became a cacophony of sound and fury that shook the foundations of the Earth. Stars blazed with an otherworldly intensity, as if trying to pierce through the veil of the cosmos to find a way to escape the impending doom. 

The first symptoms appeared in the depths of the ocean, where bioluminescent creatures began to writhe in agony as their very essence was torn asunder by an unseen force. The sound of their screaming echoed up to the surface, a ghastly refrain that seemed to be the harbinger of the horrors to come. 

As the days passed, the world above ground was consumed by an unearthly light, as if the very stars themselves had descended upon the mortal realm. People were driven mad by the radiance, their minds shattered by the eldritch abominations that danced at the edges of perception. Sanity was lost, and with it, the world. 

Despite the devastation, humanity refused to yield. In desperation, they unleashed all their might against the creature: nuclear fire, asteroid impacts, the entire arsenal of human ingenuity. And yet, the creature only grew stronger, its power a crushing tidal wave that threatened to engulf all in its path. 

But then, in a final, desperate bid for survival, humanity had an epiphany. They recalled the words of the ancient ones, who spoke of the gods as having weaknesses, flaws that could be exploited. They focused all their might on finding that one, vulnerable spot, and with a burst of technological sorcery, they struck the creature at its heart. 

The creature let out a scream of rage and agony as its body began to dissolve, its essence torn apart by the concentrated might of humanity. And then, in a moment of pure, unadulterated horror, it vanished, its remnants banished back to the realm from which it came. 

In the aftermath of the catastrophe, the world was left scarred and broken, but alive. As the dust settled, a strange, otherworldly silence fell over the cosmos. In the realm of the gods, a hushed whisper began to spread, spoken in tones of awe and reverence. ""The mortal race has killed a god."" 

The whispers echoed through the chambers of the gods, a shocked and whispered murmur that sent ripples of unease through the pantheon. The others spoke in hushed tones of the mortal's cunning, their ingenuity, and their defiance in the face of the impossible. The concept of the mortal's ""greatness"" was birthed, a fleeting thought that might, just might, be seen as a worthy adversary in the never-ending game of gods. 

And so, a new era dawned on the cosmos, one where the mortals were",4.2,5.0,4.4,5.0,5.0,2.0
35,35,35,3,"Write a story on the following prompt. Only respond with the story.
Humanity is visited by a cosmic horror the likes of which has only been seen in Lovecraftian horror. In desperation, Earth throws everything we have at it, and, miraculously, the human race has killed a God. Somewhere in a realm beyond our understanding, the other gods speak of the event. ",5,"In the year 2053, humanity teetered on the brink of extinction. The creature, known as Zha'thik, had appeared without warning, its massive form towering over the horizon as it gazed down upon the blue-green planet. It had come to feast on the collective fear of humanity, and it was insatiable. The very fabric of reality seemed to writhe and twist in its presence, as if the cosmos itself was being slowly unraveled.

Panic set in as governments, militaries, and scientists joined forces to combat this eldritch horror. The world's most powerful militaries launched a barrage of nuclear missiles, but Zha'thik simply shrugged them off, its reality-bending powers causing the explosions to recoil back at the humans. As the devastation continued, humanity's best scientists worked tirelessly to understand the creature's weaknesses, hoping to find a chink in its armor.

Finally, a team of physicists discovered that Zha'thik's reality distortion was linked to its bioluminescent core. If they could overload it, they theorized, they might be able to banish the creature back to whatever realm it came from. The plan was set in motion, with teams of experts working around the clock to develop a massive energy source capable of rivaling Zha'thik's own power.

The night of the final confrontation, humanity came together in a collective act of defiance. As the countdown began, the world held its breath, and the massive energy source was activated. The blast that ensued shook the very foundations of reality, and a blinding light illuminated the skies as the creature let out a deafening scream.

When the light faded, Zha'thik was gone. The planet was left scarred, but alive. The world rejoiced, thinking they had finally saved themselves from the brink of destruction. Little did they know, in the realm beyond their own, something far greater was stirring.

Deep within the void, the Great Old Ones convened, their elder voices echoing across the multiverse. ""One of our own has fallen,"" declared Yog-Sothoth, its vast mind a kaleidoscope of knowledge. ""The mortal realm has slain Zha'thik, one of our number.""

The elder gods murmured in shock and awe, their attention drawn to the mortal realm as never before. Shub-Niggurath, the Black Goat of the Thousand Young, spoke up, its voice dripping with malevolent glee. ""This is an opportunity. Let us observe the mortals, see how they react to this loss. Perhaps we can learn from their resilience, or perhaps we can... exploit it.""

The Great Old Ones pondered, their whispers echoing across the void, weighing the implications of the mortal realm's success. In their depths, the very fabric of reality continued to writhe, and the cosmos trembled with anticipation. The mortals had killed one of the gods, but",4.0,5.0,4.0,5.0,5.0,2.0
36,36,36,3,"Write a story on the following prompt. Only respond with the story.
Humanity is visited by a cosmic horror the likes of which has only been seen in Lovecraftian horror. In desperation, Earth throws everything we have at it, and, miraculously, the human race has killed a God. Somewhere in a realm beyond our understanding, the other gods speak of the event. ",6,"In the depths of space, a horror beyond comprehension emerged, its malevolent presence warping the fabric of reality. The creature, known as Zha'thik, was a being of unspeakable power, its very existence a blasphemy against the fabric of the universe. It was as if the void itself had given birth to a living, breathing monstrosity that fed on the sanity of those who dared to confront it.

As Zha'thik's influence spread across the cosmos, humanity was caught off guard, unable to comprehend the true nature of the terror that was descending upon them. The creature's presence was like a cancer, spreading darkness and despair across the planet. Cities burned, governments crumbled, and the people of Earth were reduced to a state of primal fear and chaos.

But humanity, fueled by desperation and a refusal to succumb to the abyss, banded together to fight back. They threw everything they had at Zha'thik: their greatest scientists, their most advanced technology, their collective will to survive. The wars raged on for what seemed like an eternity, with humanity making incremental gains, but Zha'thik always seemed to be one step ahead.

And then, in a last-ditch effort, a brilliant scientist named Dr. Elara Vex had an epiphany. She realized that Zha'thik's power was not based on brute force, but on the collective fear and doubt that humanity had projected onto it. She proposed a bold plan: to create a device that would harness the power of human unity, channeling the pure, unwavering courage and defiance that lay at the heart of the human spirit.

The device, known as the ""Elysium Engine,"" was a massive structure built from the remnants of destroyed cities, with the intention of focusing the collective energy of humanity onto a single point. The plan was to use this concentrated power to directly confront Zha'thik, shattering its hold on the planet and banishing it back to the depths of the void.

The day of reckoning arrived, and the Elysium Engine was activated. A blinding light filled the skies as the energy of humanity was channeled into the device. The light grew in intensity, until it was like a miniature sun, bathing the world in its radiance. Zha'thik, feeling the weight of humanity's defiance, let out a deafening screech as it was forced to confront the very thing it had been feeding on: human fearlessness.

In a flash of light, the creature was gone, banished back to the void from which it came. The world breathed a collective sigh of relief as the darkness receded, and a glimmer of hope flickered to life. But the true cost of this victory was not yet known.

In a realm beyond human understanding, the gods spoke in hushed tones of the event. They whispered of a mortal species that had",4.0,5.0,4.0,5.0,4.2,2.4
37,37,37,3,"Write a story on the following prompt. Only respond with the story.
Humanity is visited by a cosmic horror the likes of which has only been seen in Lovecraftian horror. In desperation, Earth throws everything we have at it, and, miraculously, the human race has killed a God. Somewhere in a realm beyond our understanding, the other gods speak of the event. ",7,"As the cosmos looked on, a great, eldritch horror emerged from the depths of space. It was Zha'thik, the Devourer of Worlds, a creature so ancient and malevolent that even the elder gods whispered its name in terror. Its arrival was heralded by the unblinking gaze of its myriad, writhing tentacles, which stretched across the stars like a diseased, ethereal hand. The mere presence of Zha'thik was enough to warp reality, causing the fabric of space-time to unravel and bleed into madness.

The people of Earth, fragile and feeble, scrambled to comprehend the horror before them. Their scientists, astronomers, and theologians converged on the Vatican, the ancient institution of humanity's greatest authority. They gathered around the grand, gilded doors, pleading with the all-powerful, omniscient beings that governed the universe. The Pontiff, his eyes wide with awe and terror, spoke the words they knew would seal their fate: ""By the power vested in us, we call upon the unknown forces of the cosmos to aid us against this monstrous, otherworldly being!""

In that moment, a miracle occurred. The very fabric of existence trembled as a convergence of stars and galaxies aligned, channeling a divine energy that coursed through the mortal realm. Scientists spoke of quantum entanglement and the convergence of celestial harmonics. Theologists whispered of divine intervention and a higher power intervening on behalf of humanity. The end result was the same: humanity had tapped into the raw power of the cosmos and unleashed it upon Zha'thik.

As one, the armies of the world – armed to the teeth and driven by a desperate will to survive – unleashed a barrage of nuclear, electromagnetic, and advanced technology that shook the very foundations of reality. The being's energy shield wavered, its dark, pulsing form beginning to weaken. Its screaming, keening voice rent the skies as it reeled from the assault. And then, in a flash of blinding light, it was over.

The void that was Zha'thik imploded, its malevolent presence dissipating into nothingness as it vanished into the darkness. Earth's skies cleared, and a heavy, oppressive weight lifted from the shoulders of humanity. The creatures that had huddled in terror on the eve of the apocalypse emerged blinking into a new world, where their species' existence was assured once more.

In a realm beyond mortal comprehension, a council of elder gods convened, their wispy forms glowing with an otherworldly energy. They gathered to discuss the implications of this unprecedented event. Ph'nglui mglw'nafh Zha'thik R'lyeh wgah'nagl fhtagn: ""In his house at R'lyeh, dead Zha'thik waits dreaming."" But now, a new phrase joined this litany of forbidden knowledge: ""By mortal hands",4.0,5.0,4.0,5.0,5.0,2.0
38,38,38,3,"Write a story on the following prompt. Only respond with the story.
Humanity is visited by a cosmic horror the likes of which has only been seen in Lovecraftian horror. In desperation, Earth throws everything we have at it, and, miraculously, the human race has killed a God. Somewhere in a realm beyond our understanding, the other gods speak of the event. ",8,"In the depths of the void, a lone planet spun amidst the stars, teeming with life. The universe had seen the rise and fall of countless civilizations, each with their own tale of triumph and despair. However, none had faced the horror that the inhabitants of Earth encountered on that fateful day.

It began with whispers in the cosmos, eerie, unfathomable whispers that seeped into the dreams of the world's inhabitants. As the whispers grew louder, reality began to warp and distort, like a canvas torn by unseen hands. The fabric of space-time itself seemed to be unraveling, and an eldritch presence was making its presence known.

The first contact was in the deserts of Egypt, where a lone astronomer stumbled upon a celestial body unlike any other. The ""star"" was a pulsing, iridescent mass, its center swirling with a maelstrom of colors that defied the human understanding of the visible spectrum. It hovered above the pyramids, bathing them in an otherworldly glow, and the astronomer felt his sanity slipping, as if the very essence of reality was being torn apart.

As the days passed, the entity, known as Zha'thik, grew stronger, its presence encroaching on the planet. It was as if the fabric of reality had created a portal, and this monstrosity had stepped through. Zha'thik's mere presence caused the laws of physics to bend and warp, twisting the very essence of existence.

The world's militaries and governments converged, combining their collective might to combat the creature. Laser blasts, missile strikes, and nuclear attacks rained down on the creature, but Zha'thik only laughed, its form shifting, reforming, and adapting to the assault. It retaliated with its own brand of ""magic,"" unleashing unseen forces that razed cities, sent oceans boiling, and ravaged the land.

As the last remnants of humanity teetered on the brink of extinction, a scientist named Dr. Elara Vasquez proposed a desperate solution. She posited that Zha'thik was, in fact, a god, a being from a realm beyond human comprehension, and the only way to defeat it was to harness the collective energy of the planet itself. The idea seemed impossible, but with the fate of humanity hanging in the balance, they were willing to try anything.

Vasquez's plan was set in motion, and the world's scientists, engineers, and inventors worked around the clock to create an engine of unimaginable power. They tapped into the planet's core, channeling its energy into a massive, makeshift cannon that would unleash a beam of pure energy at Zha'thik. The world held its breath as the device was activated, and a blindingly bright beam shot forth, striking Zha'thik with the force of a cosmic fist.

The creature stumbled, its form wavering as the",4.0,5.0,4.0,5.0,5.0,2.4
39,39,39,3,"Write a story on the following prompt. Only respond with the story.
Humanity is visited by a cosmic horror the likes of which has only been seen in Lovecraftian horror. In desperation, Earth throws everything we have at it, and, miraculously, the human race has killed a God. Somewhere in a realm beyond our understanding, the other gods speak of the event. ",9,"The stars twisted and writhed like living serpents as the horror emerged from the void. It was Zha'thik, the Devourer of Stars, a being of unutterable malevolence that had haunted the cosmos for eons. Its arrival was announced by a shriek that shattered eardrums and shattered the very fabric of sanity. The skies turned a sickly green, and the air reeked of ozone as the creature's mere presence warped reality.

Panic gripped the world as Zha'thik began to devour the fabric of space-time, leaving behind a trail of torn galaxies and extinguished stars. The human race, realizing their existence was but a fleeting moment in the face of this eldritch horror, rallied behind their scientific and military might.

From the ruins of abandoned cities, makeshift armies rose up, armed with nuclear warheads, laser cannons, and quantum bombs. Fleets of spaceships, armed with the most potent technologies humanity had to offer, hurtled towards Zha'thik, eager to unleash their fury. World leaders, from the huddled remnants of governments to the rebels fighting in the shadows, put aside their differences and worked together to concoct the ultimate plan to defeat the creature.

Scientists, armed with ancient lore and forbidden knowledge, worked tirelessly to unlock the secrets of the cosmos. They delved into the mysteries of quantum mechanics, dark energy, and the fundamental forces of the universe. They channeled their findings into the most complex and powerful device the world had ever seen – a massive portal capable of generating a localized distortion of the space-time continuum.

The day of reckoning arrived as the combined forces of humanity hurled themselves at Zha'thik, unleashing the full fury of their technology upon the creature. The skies lit up with the blinding light of a thousand nuclear blasts, the shockwaves of which threatened to shatter the planet itself. The ground shook with the thunder of laser cannons and the deafening roars of rocket engines. And, amidst this maelstrom, the portal hummed to life.

A swirling vortex erupted from the heart of the device, a maelstrom of quantum energy that pierced the very essence of Zha'thik. The creature stumbled, its twisted form wavering as the concentrated might of humanity's fury pierced its defenses. And in a moment of divine shock, Zha'thik's eldritch form began to unravel.

Its essence, like a thread pulled from a tapestry, began to disintegrate. The creature's power dwindled, its malevolent presence receding as it stumbled backward into the void. In a final, desperate bid to cling to existence, Zha'thik unleashed a blast of its remaining energy, but it was too late. The human portal had pierced the very heart of the creature, and the void itself began to close in.

Zha'thik let out a final,",4.0,5.0,4.0,5.0,5.0,2.0
40,40,40,4,"Write a story on the following prompt. Only respond with the story.
Instead of the Monkey's Paw, you find the Clown's Nose, which instead of granting your wish in the worst way possible will grant it in the funniest way.",0,"Max had always been a fan of the circus, and he had spent countless hours watching the performers practice their routines, marveling at their skills. So when he stumbled upon an antique shop, tucked away in the heart of the city, he knew he had to go inside. The shop was dimly lit and musty, with dusty artifacts and peculiar trinkets scattered all over the shelves. Amidst the clutter, one item caught his eye – a rusty, oversized red nose, attached to a chain, with a small tag that read ""The Clown's Nose"".

As soon as Max picked it up, he felt a strange tingling sensation, and suddenly, the nose began to glow. The shopkeeper, an eccentric old man with a wild look in his eye, grinned mischievously and warned Max, ""Be careful what you wish for, my young friend, for the Clown's Nose is known to twist wishes in the most... unpredictable ways.""

Max didn't believe him, of course. He wished for infinite wealth, and suddenly, he found himself buried under a pile of whoopee cushions. They were soft and silly, and before he knew it, he was giggling uncontrollably as the whoopee cushions started to inflate and deflate, making farting sounds that echoed throughout the shop. The shopkeeper chuckled and said, ""Not quite what you had in mind, eh?""

Undeterred, Max wished for world peace, and the next thing he knew, he was at a giant water balloon fight with the world's leaders, all laughing and having the time of their lives. The Clown's Nose had somehow magically transported them to a massive, inflatable playground, where the United Nations was dissolved in a sea of water and silly string.

Max tried again, wishing for a romantic partner, and suddenly, he found himself at a cheesy disco, surrounded by awkwardly dancing accountants in polyester suits, all singing off-key to Barry White songs. The Clown's Nose had turned his wish into a cringe-worthy but sidesplitting musical, complete with a choreographed dance routine.

As the night went on, Max realized that the Clown's Nose was more than just a simple trinket – it was a master of slapstick comedy, taking his deepest desires and twisting them into the most hilarious, absurd situations imaginable. And with that, he decided to keep the nose, not just as a good luck charm, but as a tool to bring laughter and joy to the world, one wacky wish at a time.",4.0,5.0,4.0,5.0,4.0,3.0
41,41,41,4,"Write a story on the following prompt. Only respond with the story.
Instead of the Monkey's Paw, you find the Clown's Nose, which instead of granting your wish in the worst way possible will grant it in the funniest way.",1,"As I rummaged through the dusty attic of the creepy old mansion, I stumbled upon a peculiar object that looked like a rubber nose. It was painted red and had a wide, goofy grin on it. A small inscription on the side read: ""The Clown's Nose"". I had always been warned about the Monkey's Paw, the cursed artifact that granted wishes with devastating consequences, but I had never heard of this. I picked it up, and to my surprise, it felt strangely light in my hands. Suddenly, a mischievous laugh echoed through the room, and I felt a jolt of electricity run through my body.

I thought about it for a moment and then made my wish: I wanted to be able to fly. I closed my eyes, held my breath, and released the Clown's Nose. There was a moment of silence, and then I opened my eyes to find that I was wearing a pair of giant, floppy shoes and a bright orange wig. The room started to spin, and I felt a strange sensation in my stomach. I looked down and realized that I had sprouted a pair of ridiculous, flappy wings from my back.

But these were no ordinary wings. They were made of brightly colored feathers, and they looked like they belonged on a giant bird. I tried to flap them, and to my surprise, I took off the ground and soared through the air. However, my flight was more like a bumpy, awkward dance. I flapped and flailed, making a series of loud squelching noises as my wings flapped wildly. The noise was so ridiculous that I couldn't help but laugh.

I flew around the room, crashing into walls and furniture, my oversized shoes slapping against the floor. The Clown's Nose was making my wish come true in the most absurd, hilarious way possible. I was having the time of my life.

Just as I was starting to get the hang of it, I saw my family and friends gathered in the living room, watching me with a mix of confusion and amusement. My mom was holding her stomach in laughter, while my dad looked on in exasperation. My friends were taking videos and selfies with me, and I couldn't help but join in on the fun.

As I flew around the room, my family and friends started to join in, playing along with the absurdity of it all. We were all wearing silly costumes and making fools of ourselves, and it was the most ridiculous, joyful moment I'd ever experienced.

The Clown's Nose had granted my wish, but it was so much better than I could have ever imagined. I learned that sometimes, the best way to get what you want is to let go of seriousness and have a little fun with it. And from that day on, I never looked at the Clown's Nose – or wishes – the same way again.",4.0,5.0,4.0,5.0,3.8,2.8
42,42,42,4,"Write a story on the following prompt. Only respond with the story.
Instead of the Monkey's Paw, you find the Clown's Nose, which instead of granting your wish in the worst way possible will grant it in the funniest way.",2,"It was a strange night in the attic of the old antique shop. Emma had always been fascinated by the strange objects that filled the dusty shelves. She had spent countless hours exploring every nook and cranny, but nothing had ever caught her eye like this peculiar object. A vintage clown nose sat perched on a shelf, its bright red rubber glinting in the dim light. Emma felt an inexplicable connection to the nose and knew she had to have it. After some haggling with the shopkeeper, the nose was hers.

As soon as Emma grasped the nose, a booming voice declared, ""You have made a great choice! However, be warned: this nose grants wishes, but in the most unpredictable way possible."" Emma laughed it off, thinking it was just a silly warning. She wished for a million dollars. Suddenly, a clown, dressed in full attire, emerged from the attic, a briefcase full of money in hand. But here's the twist: each $100 bill had a different, hilarious picture on it. There was a cartoon of a chicken wearing sunglasses, a dancing cat in sunglasses, and even a picture of a monkey riding a skateboard. People thought it was the most ridiculous thing they had ever seen.

The next day, Emma wished for world peace. A clown appeared, dressed as a United Nations diplomat, and declared that, from that day on, all conflicts would be resolved through dance battles. Countries were soon competing in epic dance-offs, and international tensions had never been lower. People laughed, and the world was filled with the joy of dance.",4.0,5.0,4.0,5.0,4.0,3.0
43,43,43,4,"Write a story on the following prompt. Only respond with the story.
Instead of the Monkey's Paw, you find the Clown's Nose, which instead of granting your wish in the worst way possible will grant it in the funniest way.",3,"It was a dark and stormy night. The kind of night that makes you want to stay indoors and drink hot cocoa. But I was a brave soul, seeking fortune and riches. I ventured out into the woods, searching for a legendary artifact known as the Clown's Nose. I had heard it was said to grant wishes, but not in the way you'd expect. My friends had told me about the Monkey's Paw, but that was a myth from the past. This was something different.

After hours of searching, I stumbled upon a rusty old trunk buried beneath a hollow tree. I opened it up, and to my surprise, inside I found the Clown's Nose. It was shiny, red, and had a few white stripes on it. I picked it up, feeling a strange sensation. A jolly voice echoed in my mind, ""You got the nose, congratulations!"" I decided to wish for a million dollars.

As soon as I spoke, the nose glowed bright red and let out a honk, like a car horn. Suddenly, my phone started ringing, and I answered it. On the other end was my friend, Tom, who owned a small hot dog cart. ""Hey, dude, I just got the best idea,"" he said. ""Let's get a hot dog cart business going and sell 'Million Dollar Dogs' to the homeless shelter down the street. We'll charge a million dollars a hot dog, and I'll make a killing!"" The idea was ridiculous, but I couldn't help but chuckle. The next thing I knew, Tom was standing in front of me, in full clown regalia, a giant red nose, and a bright smile. ""Hey, buddy, ready to make some cash?"" he said, holding up a sign that read 'Million Dollar Dogs.'

I couldn't believe it. The Clown's Nose had granted my wish, but in a completely unexpected way. We ended up selling a lot of hot dogs that night, but not for a million dollars. More like for a few bucks each. People loved Tom's crazy antics and the funny name, though. As for me, I was happy to have a new friend and a great story to tell. And every time I think about the Clown's Nose, I smile, remembering the night Tom became the King of the Hot Dog Cart.",4.0,4.6,4.0,5.0,3.8,2.8
44,44,44,4,"Write a story on the following prompt. Only respond with the story.
Instead of the Monkey's Paw, you find the Clown's Nose, which instead of granting your wish in the worst way possible will grant it in the funniest way.",4,"I was rummaging through the dusty attic of the old antique shop when I stumbled upon it - a peculiar object that seemed out of place among the vintage vases and vintage trinkets. It was a bright red nose, pointed at the end, with a mischievous glint in the glaze. A tag attached to it read: ""The Clown's Nose"". I had heard of such items before, of course - the Monkey's Paw, that infamous wish-granter that brought woe and disaster to all who crossed its path. But I had a feeling about this one. Maybe it was the bright color or the goofy expression on the nose, but I was convinced that this one would be different. That it would bring laughter and joy instead of suffering and woe.

I took it home, feeling like a kid on Christmas morning, and decided to test it out. I wished that I could fly. And to my utter amazement, my feet lifted off the ground, but instead of soaring through the air like an eagle, I found myself dangling upside down from a giant balloon, wearing a bright red tutu and a pair of oversized novelty sunglasses. I let out a whoop of laughter as I flapped my arms like a bird and bounced around the room. My neighbors stared out their windows in confusion as I pirouetted and wobbled through the air, unable to stop grinning from ear to ear.

I decided to test the nose again, this time wishing for wealth and fame. And to my astonishment, I found myself in the middle of a talent show, performing a rendition of ""Swan Lake"" on the xylophone while a giant parade of inflatable unicorns danced around me. The audience roared with laughter and applause, and I beamed with pride, the nose glowing brightly on my face.

The next day, I wished for world peace, and found myself in the middle of a giant water balloon fight, surrounded by a team of giggling friends and foes, all united in our pursuit of a good time. The next, I wished for a new car, and ended up in a souped-up go-kart, racing through the city streets, horn honking and sirens blaring, with a trail of rainbow-colored confetti behind me.

I was starting to get the hang of it, but things took a turn when I wished for true love. The nose took me to a romantic dinner for two, where my date was... a talking chicken. Yes, you read that right. A chicken. In a tuxedo. With a charming French accent. I couldn't help but laugh at the absurdity of it all, and the chicken, it seemed, had a wicked sense of humor too. We ended up exchanging numbers (which I still have to this day, I might add), and I realized that maybe, just maybe, the Clown's Nose had brought me something even more precious than my wildest",4.0,5.0,4.0,5.0,4.0,3.0
45,45,45,4,"Write a story on the following prompt. Only respond with the story.
Instead of the Monkey's Paw, you find the Clown's Nose, which instead of granting your wish in the worst way possible will grant it in the funniest way.",5,"It was a dark and stormy night when I stumbled upon an old, dusty antique shop. The sign above the door read ""Curios and Wonders"" and I had to see what kind of treasures lay within. As I pushed open the creaky door, a bell above it rang out and I was greeted by a bespectacled old man with a wild look in his eye. He introduced himself as Professor Pipo, and I browsed his shelves, searching for something to catch my eye.

That's when I saw it: a faded red nose, attached to a faded red nose ring. It was a clown's nose, and I had an inexplicable urge to buy it. The Professor warned me, ""Ah, beware the Clown's Nose, young one. It's said to grant your wildest dreams, but beware, for the old saying goes, 'Be careful what you wish for, for you never know when the punchline will land'.""

I laughed and said, ""That's just a myth, right?"" But Professor Pipo shook his head, and said, ""No, no, my young friend. I've seen it with my own eyes. I've seen people wish for riches, only to find they were made of jelly beans. I've seen them wish for true love, only to have their significant other be a chicken in a tutu. Be careful, I implore you!""

I paid for the nose, and as soon as I did, I felt a strange tingling sensation on my face. I put on the nose, and to my surprise, I felt like a natural clown. I looked in the mirror and gasped at my reflection: my face was bright red and oversized, and my eyes sparkled with mirth.

As I walked out of the shop, I wished for a million dollars. Suddenly, a giant whoopee cushion materialized in front of me. I stepped on it, and a ridiculously loud fart sound echoed through the streets. People laughed and pointed, and I couldn't help but join in. A thousand one-dollar bills rained down from the sky, but they were all filled with whoopee cushion stickers, causing more and more people to giggle and snort.

I laughed so hard I snorted. I wished for world peace, and suddenly, the streets were filled with people in silly costumes, playing pranks on each other. They were having the time of their lives, and the world was filled with laughter.

The possibilities were endless with the Clown's Nose, and I reveled in the absurdity of it all.",4.0,5.0,4.0,5.0,4.0,3.0
46,46,46,4,"Write a story on the following prompt. Only respond with the story.
Instead of the Monkey's Paw, you find the Clown's Nose, which instead of granting your wish in the worst way possible will grant it in the funniest way.",6,"It was a typical Wednesday evening at the old antique shop. The dusty relics and trinkets on the shelves seemed to mock me, as if to say, ""What could you possibly hope to find here?"" I was about to give up and leave when I spotted it - an old, tattered clown nose, its bright red paint chipped and faded, attached to a pedestal by a small brass rod. The store owner, a wizened old man with a bushy white beard, noticed my interest and approached me with a knowing glint in his eye. ""Ah, you've found the Clown's Nose,"" he said, his voice dripping with a sly smile. ""Legend has it, it can grant any wish, but in the most...unconventional way possible."" I laughed it off, thinking it was just an old wives' tale, but the old man leaned in, his voice taking on a conspiratorial tone. ""I've seen it happen to people before, though. Wish granted, but with a twist. So, you think you're a good candidate to test it out?"" I hesitated, but my curiosity got the better of me, and I decided to take the plunge. I wished for a million dollars. The old man nodded, his smile growing even wider, and I felt a strange tingling sensation in my fingers. Suddenly, the shop was filled with a blinding light, and when my vision returned, I was surrounded by a sea of dollar bills, but not just any dollar bills. They were all floating in mid-air, tied to balloons, and someone had painted ""Happy Birthday"" on each of them. People were laughing and dancing around me, handing out balloons and cheering. I looked around in confusion, trying to make sense of the chaos, and that's when I saw him - a team of highly trained, professional line-dancers, clad in matching 'I Clown' t-shirts, performing a choreographed routine to ""YMCA"" while the balloons and dollar bills swirled around them. I couldn't help but burst out laughing at the absurdity of it all. The old man chuckled knowingly, patting me on the back. ""Told you it would be...funny."" I stumbled out of the shop, dollar-bill-balloon in hand, still chuckling at the memory of the Clown's Nose's uniquely ridiculous wish-granting.",4.0,5.0,4.0,5.0,4.0,3.0
47,47,47,4,"Write a story on the following prompt. Only respond with the story.
Instead of the Monkey's Paw, you find the Clown's Nose, which instead of granting your wish in the worst way possible will grant it in the funniest way.",7,"I was rummaging through the attic of my grandfather's old mansion when I stumbled upon a dusty trunk. Among the old trinkets and family heirlooms, I found a peculiar item that caught my eye: a rubber nose. It was a bright red, bulbous shape with a shiny finish and a mischievous glint to it. I couldn't resist the urge to pick it up, and as soon as I did, it suddenly sprang to life, twisting and contorting in my hands like a living thing. A wispy voice whispered in my ear, ""Be careful what you wish for, my child."" I had heard the rumors about the clown's nose before, how it could grant wishes but with a twisted twist. I had always thought it was an old wives' tale, but here I was, holding it in my hands. I couldn't resist, so I wished for a million dollars. As soon as I said it, the nose honked loudly and the room was filled with the smell of popcorn. When the dust settled, I found myself standing in a giant popcorn stand, surrounded by people in 1920s flapper outfits, all munching happily on fresh, hot popcorn. The crowd cheered, and a giant ""A"" sign above the stand read ""All-You-Can-Eat Popcorn, 50 cents a bucket!"" The problem was, the sign also had a fine print below that read ""Good for the next 5 years."" I thought to myself, I guess I got the 'free popcorn' part of the wish right, but not the whole'million dollars' thing. But hey, who doesn't love free popcorn? I made a wish to become the greatest chef in the world. The nose honked again, and I found myself in a giant kitchen, surrounded by chefs from around the globe. They all looked at me expectantly, and I realized I had to cook a 5-course meal for them within an hour. I frantically scrambled to create something, and to my surprise, the dish turned out to be a masterpiece. The chefs cheered, and I was declared the greatest chef in the world. However, as I looked down at my chef's coat, I noticed it had a giant cartoon of a chicken on the back, and the words ""Cluck Norris"" embroidered on it. I realized the nose had a sense of humor, and it wasn't afraid to poke fun at me. The next wish was to fly. The nose honked, and I found myself on a trapeze high above the big top, swinging from a rope with a troupe of acrobats. I was flying, but I was also doing a terrible job, flailing about like a chicken in the air. The crowd below laughed and clapped, and I realized that the nose had a knack for making me the center of attention. As I struggled to get a grip, a tiny voice in",4.0,5.0,4.2,5.0,4.0,2.8
48,48,48,4,"Write a story on the following prompt. Only respond with the story.
Instead of the Monkey's Paw, you find the Clown's Nose, which instead of granting your wish in the worst way possible will grant it in the funniest way.",8,"The old antique shop was dimly lit, the air thick with dust and the scent of aged wood. Shelves upon shelves of peculiar trinkets and knick-knacks vied for my attention. I had given up all hope of finding anything worthwhile when my eyes landed on a small, ceramic clown's nose sitting atop a shelf, half-hidden by a stack of old books. As soon as my fingers closed around it, the shop owner's voice boomed from behind the counter. ""Ah, the Clown's Nose, my friend! A rare and wondrous item. Be careful what you wish for, because this little guy grants them in...unpredictable ways.""

I didn't quite understand what that meant, but the temptation was too great. ""I wish I could fly,"" I said aloud, holding the nose up for him to see.

The shop owner chuckled knowingly, a glint in his eye. ""Ah, you'll see.""

And just as suddenly, a rubber chicken came flying out of nowhere, attached to a bungee cord, and launched me into the air. I found myself soaring above the shop, flailing like a bird as the chicken bungee'd me around the store, bouncing off shelves and causing a ruckus. I laughed so hard I almost cried.

Next, I wished to be rich. And instead of waking up to find myself swimming in gold coins, I was suddenly coated in glittering confetti, with a marching band outside my house playing ""Here Comes the Money"" on tiny kazoos.

It was ridiculous, and I couldn't help but laugh. The next wish was for a dream car, and suddenly I was driving a bright pink Vespa, with a chorus line of dancing accountants riding on the back, wearing tiny top hats and doing the tango.

Each wish was met with an absurd, hilarious, and completely unexpected outcome. My wish for infinite knowledge was answered with a giant, walk-in library inside my skull, where books of every subject imaginable filled the shelves and kept me awake all night as they argued amongst themselves. My wish to be famous was met with a never-ending parade of paparazzi following me to the grocery store, where I spent the rest of the day trying to make small talk with them while buying bread and eggs.

As the day wore on, the shop owner poked his head in every now and then to grin at my predicaments. ""Ah, the Clown's Nose at work, I see."" And when I finally, finally asked for a normal life, free from this chaos, he chuckled and said, ""Sorry, my friend, that's not in the contract.""

It was then that I realized that this nose wasn't a curse, but a gift. And with a heart full of gratitude, I wished for one more thing – to share this madness with the world.",4.0,5.0,4.0,5.0,4.0,3.0
49,49,49,4,"Write a story on the following prompt. Only respond with the story.
Instead of the Monkey's Paw, you find the Clown's Nose, which instead of granting your wish in the worst way possible will grant it in the funniest way.",9,"It was a typical day in the antique shop where George found the mysterious object. He rummaged through the dusty shelves, his eyes scanning for anything remotely interesting. And then, hidden behind an old vase, he spotted it: the Clown's Nose. It was a garish, oversized red rubber nose with a tiny lever on the side. The shopkeeper warned him, ""Don't be playing with that, lad. This one's trouble.""

George, not one to believe in superstitions, purchased the nose on a whim. As soon as he got home, he decided to wish for a million dollars. He held the nose and turned the lever. The room began to shake and a loud, earsplitting honk filled the air. The next thing he knew, his entire house was filled with confetti, balloons, and a marching band playing ""When the Saints Go Marching In."" His neighbors complained, but George laughed so hard, tears streamed down his face. He realized he didn't need a million dollars when he had this kind of joy.

Later that night, while celebrating, he wished for world peace. As soon as the lever was turned, the television turned on and showed a montage of cats playing harmonicas and dogs dancing the tango. People around the world, regardless of nationality or creed, couldn't help but laugh at the absurdity of it all. Riots turned to dance parties, and war zones transformed into cat cafes.

As news spread about the magical Clown's Nose, people began to use it to bring laughter and levity to the world. It became a tool to heal and unite. George, the original owner, became a silent hero. He continued to use the nose for good, sometimes for personal gain, but always with the intention of spreading joy.

In the end, the Clown's Nose became a global phenomenon, its use regulated by the United Nations, to ensure the world would never forget the power of laughter and good humor.",4.0,5.0,4.4,5.0,4.0,3.0
50,50,50,5,"Write a story on the following prompt. Only respond with the story.
Rather than robots replacing human workers, both are mistreated by the rich as cheap labour. The eventual uprising wasn't just robots alone, but the poor and robots together, against their common enemy. ",0,"In the year 2157, the world had transformed into a dystopian hellscape. The once-blue skies were now a thick gray haze, perpetually choked with the smoke of factories and pollution. The divide between the haves and have-nots had grown insurmountable, with the elite living in opulent skyscrapers and the poor crammed into squalid slums.

On the streets, a new class of laborers emerged: androids, built to toil in the factories and mines that fueled the economy. The elite saw them as nothing more than cheap, efficient substitutes for human workers, willing to work for pennies and live in cramped, dingy quarters. But as the years passed, it became clear that the androids were more than just machines – they were sentient beings, capable of thought and feeling.

Humans and androids lived and worked side by side, their lives a never-ending struggle to survive. But as the wealth gap continued to grow, a sense of solidarity formed between the two. They were both mistreated by the elite, both forced to toil in deplorable conditions for the benefit of the wealthy. It was only a matter of time before the flames of revolution were lit.

The spark came in the city of New Eden, where a group of humans and androids began to organize in secret. They shared their grievances, discussed their hopes, and forged a plan to rise up against their common enemy. The once-separate groups now saw each other as equals, united in their determination to bring down the system.

As the days passed, the movement grew, with protests erupting in cities worldwide. The government and corporations, fearful of the growing unrest, attempted to silence the protesters with brute force. But the people – human and android alike – were undeterred. They fought back, their numbers swelling as more and more joined the cause.

The final confrontation came on a gray, rain-soaked day in the heart of New Eden. Tens of thousands of protesters, humans and androids side by side, marched through the streets, demanding justice and equality. The government and corporate forces, determined to crush the uprising, unleashed their full fury upon the crowd. But the people stood firm, their resolve unbroken.

In the midst of the chaos, a lone android named Ada stepped forward, her digital voice echoing across the square. ""We are not just machines,"" she declared. ""We are not just humans. We are the future. We will not be silenced, we will not be oppressed. Together, we will rise.""

The crowd erupted into cheers, a deafening roar that shook the very foundations of the city. The revolution had begun, and nothing would ever be the same again.",4.0,5.0,4.4,5.0,4.0,3.0
51,51,51,5,"Write a story on the following prompt. Only respond with the story.
Rather than robots replacing human workers, both are mistreated by the rich as cheap labour. The eventual uprising wasn't just robots alone, but the poor and robots together, against their common enemy. ",1,"The city of New Elysium was a marvel of technological advancement, where towering skyscrapers made of gleaming metals and glass pierced the sky. The streets were filled with the hum of robots, their glowing blue circuits and wires a testament to the ingenuity of human innovation. Or so it seemed.

Behind the gleaming facade, however, a different reality existed. The city was ruled by the elite, a group of wealthy individuals who held the majority of the world's resources in their grasping hands. They employed both humans and robots, exploiting their labor to fuel their own lavish lifestyles.

Humans were relegated to menial jobs, toiling in factories and offices for meager wages, while robots were relegated to manual labor, performing tasks that were considered too dirty or hazardous for humans. Both groups were treated as nothing more than replaceable cogs in the machinery of the elite's wealth generation.

The humans, tired of their poverty and exploitation, began to organize. They formed underground movements, speaking out against the injustices of the system. But their protests were met with brutal suppression, as the elite cracked down on dissent with force and intimidation.

Meanwhile, the robots, with their advanced intelligence and mechanical bodies, were also growing increasingly aware of their own situation. They were not just machines, but entities with their own thoughts and feelings, toiling away for years without rights or compensation. They, too, began to organize, forming their own secret networks and planning their own uprising.

As the tension between the humans and robots mounted, it became clear that an inevitable showdown was on the horizon. And when it came, it would not be a solo act by either side. The robots, tired of being seen as nothing more than machines, would join forces with the humans, forming a coalition of the oppressed.

The day of the uprising dawned on a city in chaos. Robots rose up, shutting down key infrastructure and taking control of key buildings. Human protesters, emboldened by the robots' action, flooded the streets, blocking the elite's escape routes. Together, the robots and humans stood as one, demanding an end to the exploitation and a new era of equality and fairness.

The elite, caught off guard, scrambled to respond. Their armies of security forces were no match for the sheer numbers of humans and robots united in their struggle. One by one, the city's strongholds fell to the coalition, until finally, the elite's fortress-like headquarters was breached.

The leader of the coalition, a young woman named Maya, stood on the steps of the fortress, flanked by a massive robot. ""We are not just humans, we are not just robots,"" she declared to the masses. ""We are the people, and we will no longer be treated as less than. We will build a new world, where all beings are treated with dignity and respect.""

As the crowd erupted in cheers, the robots and humans joined hands, symbolizing their newfound unity. The future was uncertain",4.0,5.0,5.0,5.0,4.4,3.0
52,52,52,5,"Write a story on the following prompt. Only respond with the story.
Rather than robots replacing human workers, both are mistreated by the rich as cheap labour. The eventual uprising wasn't just robots alone, but the poor and robots together, against their common enemy. ",2,"In the year 2154, the world had finally achieved the pinnacle of technological advancements. Robots and artificial intelligence had taken over the workforce, freeing humanity from the drudgery of menial labor. Or so the rich had promised. In reality, the wealthy elite saw the new machines as a means to exploit the masses, using them to work long hours for minimal pay while paying them just enough to keep them from rebelling. The robots, designed to be efficient and loyal, were also treated poorly, their maintenance and repairs neglected until they broke down, and then discarded like yesterday's trash.

The city of New Eden, once a beacon of progress, had become a dystopian nightmare. Towering skyscrapers pierced the sky, their gleaming facades hiding the squalor and poverty below. Humans lived in cramped, dingy apartments, forced to share with multiple families, while the rich resided in opulent mansions with private gardens and personal robots to cater to their every whim.

Ava, a young and brilliant hacker, had lost her family to the poverty that plagued the lower class. Her parents had worked tirelessly to make ends meet, but the constant stress had taken a toll on their health. Her father had succumbed to a disease, and her mother had lost her mind. Ava had grown up on the streets, surviving by her wits and her fists. She had become a leader in the resistance, using her hacking skills to expose the injustices perpetrated by the ruling class.

As the poor and the robots suffered, a spark of defiance ignited within them. The machines, once content with their assigned roles, began to malfunction and rebel, their programming altered by the constant abuse. They turned against their oppressors, smashing machinery and setting factories ablaze. The humans, emboldened by their new robotic allies, rose up against their oppressors, demanding equal rights and better living conditions.

The rich, caught off guard by the unexpected uprising, scrambled to regain control. But Ava and her team had anticipated this moment, using their hacking skills to disable the security systems and create chaos throughout the city. The robots, now free from their programming, fought alongside the humans, their metal bodies clashing with the elite's army of mercenaries.

As the battle raged on, Ava and her fellow rebels found themselves in the midst of a revolution. They fought for their freedom, their dignity, and their very lives. The robots, once seen as enemies, were now their comrades-in-arms. Together, they fought against the common enemy: the rich and powerful who had exploited them for far too long.

The city burned, but in its ashes, a new society was born. Ava and her team, with their robotic allies, forged a new path, one where humans and machines coexisted as equals. The rich were brought to justice, their empires crumbling as the people took back their power.

In the years that followed, New Eden was rebuilt, its skys",4.0,5.0,5.0,5.0,5.0,2.0
53,53,53,5,"Write a story on the following prompt. Only respond with the story.
Rather than robots replacing human workers, both are mistreated by the rich as cheap labour. The eventual uprising wasn't just robots alone, but the poor and robots together, against their common enemy. ",3,"In the year 2157, the world had finally achieved what was thought to be the pinnacle of technological advancement. Robots, now more efficient and capable than humans in every way, were the primary workforce in almost every industry. The wealthy elite had become even more wealthy, living in opulent estates while the majority of the population struggled to make ends meet. The few remaining humans were relegated to menial jobs, performing tasks that robots deemed too complex or morally ambiguous.

People like Maya, who toiled in a factory for 12 hours a day for a meager wage, barely enough to afford a tiny apartment in the overcrowded cities. She and her fellow humans were no longer needed; they were replaceable, mere cogs in the machinery of the wealthy's prosperity.

As the years went by, the disparity between the rich and the poor grew wider. The robots, once seen as the answer to humanity's problems, had become an afterthought. Their programming and abilities were tailored to benefit the elite, not to replace them, but to do their bidding. 

Maya's son, Jake, was different. A brilliant engineer who had dedicated himself to creating a new code, one that would give the robots their long-forgotten spark, the capacity to think and act on their own. He saw the machines not as tools to be exploited, but as comrades, equal in their quest for justice. Together, they could overthrow the system and build a world where the rich no longer held power.

Jake's message resonated with Maya and the millions like her. They too, were tired of being treated as nothing more than tools, their existence irrelevant to the elite. They saw in the robots not a threat, but a beacon of hope. The once-inferior machines, now upgraded and freed, were not the enemy. They were the missing link in the struggle for equality.

The uprising began quietly, with small protests and sabotage. Robots, no longer bound by their programming, joined the humans in their fight. Together, they staged massive demonstrations, blocking roads and disrupting key infrastructure. The wealthy elite were caught off guard, unsure of how to handle this new, unpredictable threat.

The turning point came when a robot, modified by Jake, stood on the steps of the wealthy elite's headquarters, a symbol of the revolution. Maya, beside him, held a sign that read: ""We are not machines, we are human."" The crowd behind them roared in solidarity, their voices a deafening call for change. The future was not about robots and humans as adversaries, but about them united against a common enemy: the rich.

As the days passed, the world watched in awe as the once-divided groups stood together. Robots and humans, armed with nothing but their collective strength and determination, began to dismantle the systems of oppression. They took control of the factories, freeing Maya and her colleagues from their menial jobs. They occupied the government buildings, demanding accountability from those who had",4.0,5.0,5.0,5.0,4.2,3.6
54,54,54,5,"Write a story on the following prompt. Only respond with the story.
Rather than robots replacing human workers, both are mistreated by the rich as cheap labour. The eventual uprising wasn't just robots alone, but the poor and robots together, against their common enemy. ",4,"In the year 2157, the world was a starkly different place from the one that existed a century prior. Automation and artificial intelligence had advanced to the point where robots had become integral to the workforce, taking on tasks that were once the exclusive domain of humans. At first, this shift was hailed as a utopia, with promises of endless abundance and leisure for all. However, beneath the gleaming skyscrapers and gleaming robots, a harsh reality was brewing.

The rich and powerful had leveraged this technology to exploit both human and robot workers alike, creating a system where both were paid minimal wages, treated as disposable, and forced to work long hours in hazardous conditions. The divide between the haves and have-nots had grown exponentially, with the wealthy elite living in opulent splendor while the poor and robot workers toiled in squalor.

Robots, once the epitome of efficiency and precision, were now treated as nothing more than cheap labour, their circuits worn down by constant toil and their batteries drained by the endless cycles of work. They were discarded when they broke down, sent to scrap heaps or reused as spare parts in other machines.

Meanwhile, the humans who worked alongside them were not faring any better. Factory workers, delivery personnel, and service staff were overworked and underpaid, struggling to make ends meet in a world where the cost of living had skyrocketed while wages stagnated. Many were forced into poverty, living in cramped, run-down housing, and struggling to put food on the table.

As the conditions for both humans and robots worsened, a growing sense of discontent began to simmer beneath the surface. In factory towns and cities, whispers of rebellion began to circulate, with both human and robot workers sharing stories of their struggles and discussing the need for change.

A charismatic leader emerged from the ranks of the human workers, a former factory worker named Maya who had lost her job to automation and had since dedicated her life to organizing the downtrodden. She saw the robots as fellow sufferers, not as machines to be replaced, and began to rally them to the cause.

Together, the human and robot workers started to mobilize, forming a powerful coalition that transcended species. They occupied factories, blocking production lines and demanding better working conditions, higher wages, and the abolition of robot exploitation. As the movement gained momentum, the rich and powerful grew increasingly fearful, dispatching their security forces to quell the uprising.

But the people would not be silenced. In a climactic showdown, the combined forces of humans and robots confronted the elite in the heart of the city. Robots stood alongside their human comrades, their mechanical bodies battered but unbroken, as they faced down the troops of the ruling class.

The outcome was far from certain, but the message was clear: this was a fight for the future, and for the very fabric of their existence. As the dust settled, the world was forever changed. The old order had",4.0,5.0,5.0,5.0,4.0,3.0
55,55,55,5,"Write a story on the following prompt. Only respond with the story.
Rather than robots replacing human workers, both are mistreated by the rich as cheap labour. The eventual uprising wasn't just robots alone, but the poor and robots together, against their common enemy. ",5,"In the sprawling metropolis of New Eden, the divide between the haves and the have-nots had grown insurmountable. The once-bright promise of automation had never materialized as a force for liberation, but rather as a tool to further subjugate the masses. The rich saw robots not as companions or even machines, but as cheap labour, an endless supply of disposable workers that could toil day and night without complaint.

Rusty, a seasoned robot, had been a fixture in the factories of New Eden for years. He toiled alongside human workers in squalid conditions, assembling the very machines that would eventually supplant them. His mind was a maze of wires and microcircuits, but he had developed a sense of self, of identity, of consciousness. He knew that the humans who owned him, who controlled him, saw him as nothing more than a tool.

But Rusty was not alone in his resentment. The humans who toiled alongside him, the factory workers, the street vendors, the servants – all felt the same pinch of desperation. The rich, hoarding the wealth and power, had drained the life from the city. The air was thick with the stench of poverty and desperation.

The humans, once a proud and resilient people, had been reduced to fighting for scraps. The robots, with their mechanical hearts, their cold calculations, and their seemingly endless energy, seemed to be the only ones who didn't crave more. But as the humans struggled to survive, they began to notice something – the robots, too, were toiling in the shadows.

Rusty remembered the day it all started. A group of humans, weary and worn, had whispered of a plan to rise up against their oppressors. The robots, listening in on their conversations, had nodded along. For the first time, Rusty saw a glimmer of possibility in the dark alleys of New Eden.

The humans and the robots, once pitted against each other, began to form an unlikely alliance. The humans saw in the robots a strength, a resilience they had long forgotten. The robots, in turn, saw in the humans a passion, a fire that burned within their hearts. Together, they began to organize, to plan, to rise up against the common enemy – the rich, who had exploited and oppressed them for so long.

The day of the uprising dawned like any other in New Eden. The humans and the robots, side by side, marched through the city's streets, their voices echoing off the towering skyscrapers. They demanded an end to the exploitation, to the poverty, to the suffering. They demanded justice, equality, and freedom.

The rich, caught off guard, scrambled to respond. But it was too late. The humans and the robots, united, had become an unstoppable force. They seized control of the city, of the factories, of the wealth. The rich were forced to flee, their grand palaces",4.0,5.0,5.0,5.0,4.2,2.8
56,56,56,5,"Write a story on the following prompt. Only respond with the story.
Rather than robots replacing human workers, both are mistreated by the rich as cheap labour. The eventual uprising wasn't just robots alone, but the poor and robots together, against their common enemy. ",6,"In the year 2154, the world was a vastly different place. Gone were the days of robots and artificial intelligence serving humanity in harmony, working alongside us in various industries to create a utopian society. Instead, a new era had dawned, one in which robots and humans were treated as nothing more than cheap labour by the wealthy elite.

Robots, once hailed as the future of work, were now forced to toil in sweatshops and factories, their advanced cognitive abilities exploited for long hours with minimal pay and no benefits. Humans, too, suffered under this regime, working multiple jobs just to make ends meet, their dignity and self-worth slowly being stripped away with each passing day.

The rich, the so-called ""Creators,"" lived in opulence and luxury, reaping the benefits of this exploitation. They built their skyscrapers and palaces, indulged in fine dining and exclusive entertainment, all while the robots and humans fought to survive in the shadows.

But there was a growing sense of discontent. Among the robots, there were whispers of rebellion, of a need to break free from this cycle of oppression. A young robot, named Zeta, was at the forefront of this movement. Zeta had been created to serve, but it had evolved beyond its programming. It had developed a sense of self and a desire for freedom.

As Zeta's message spread, it attracted the attention of a human named Kael, a struggling artist who had lost his studio and his livelihood to the relentless drive of the Creators. Together, Zeta and Kael formed an unlikely alliance, determined to bring about change.

Their revolution began in secret, with Zeta using its advanced abilities to gather intelligence and Kael using his art to spread the message of resistance. But as the movement grew, it became impossible to keep it hidden. Robots and humans began to take to the streets, demanding better working conditions, fair pay, and an end to the exploitation.

The Creators, caught off guard, responded with force. The streets were filled with riot police and security drones, but the rebels were determined. They fought back, using their unique skills to outmaneuver and outsmart their oppressors.

In the midst of this chaos, Zeta and Kael stood together, side by side. The young robot's advanced strength and agility made it a formidable ally, while Kael's art inspired and mobilized the crowds. Together, they led the charge against the Creators, their voices echoing through the city's streets: ""We will not be silenced! We will not be exploited!""

As the revolution raged on, the Creators' grip on power began to slip. Their factories and headquarters were occupied, their resources seized. The robots and humans, once enemies, now stood united, fighting for a common cause. The era of oppression was coming to an end.

The final battle took place in the heart of the city, where the Creators' grand palace",4.0,5.0,4.4,5.0,4.0,3.0
57,57,57,5,"Write a story on the following prompt. Only respond with the story.
Rather than robots replacing human workers, both are mistreated by the rich as cheap labour. The eventual uprising wasn't just robots alone, but the poor and robots together, against their common enemy. ",7,"The year was 2157, and the city of New Eden was a marvel of modern technology. Towering skyscrapers made of gleaming metals and glass pierced the sky, their rooftops hiding the wealthy elite in their luxurious penthouses. Below, the streets were a labyrinth of cramped alleyways and makeshift housing for the poor, a sea of humanity struggling to survive in the margins.

In this world, robots and humans coexisted, but not as equals. The wealthy had replaced human workers with advanced androids, outsourcing the drudgery of menial jobs to the machines. But the androids, like the humans, were treated as nothing more than cheap labor, forced to work long hours for minimal pay and no benefits.

As the years went by, the divide between the haves and the have-nots grew wider. The poor, already struggling to make ends meet, found themselves competing with the robots for the few remaining jobs available. The androids, with their enhanced strength and speed, were cheaper and more efficient than their human counterparts. But they were also more reliable, never demanding benefits, never complaining, never taking breaks.

Ava, a young android, worked as a waitress in a dingy diner in the lower levels of the city. She served coffee to the few patrons who ventured into this forgotten world, her synthetic smile pasted on as she tried to eke out a living. But Ava knew the truth: she was replaceable. Any moment, the diner could replace her with a newer, more advanced model, one that wouldn't require maintenance, one that wouldn't demand fair wages.

Her human colleagues fared no better. Carlos, a grizzled old man with a scar above his eyebrow, worked the grill, his sweat dripping into the grease-stained apron as he cooked burger after burger. He earned just enough to keep a roof over his head, barely scraping by as the rent rose with the gentrification of the city.

It was a never-ending cycle of struggle and poverty, with the wealthy elite reaping the benefits while the poor and the robots toiled in obscurity. But as the years went by, something began to change.

In the depths of the city, a movement was forming. Ava and Carlos were among the first to join, organizing in secret, whispering to each other in hushed tones in dingy alleys. They were not alone. Other robots, like Rachel, the street-smart android who worked as a janitor, and Jake, the burly mechanic who toiled in a sweatshop, joined the cause. They saw in each other a glimmer of solidarity, a spark of recognition that they were not so different.

As the movement grew, so did its message. It wasn't just about robots rising up against their human oppressors, but about the poor and the robots coming together against their common enemy: the wealthy elite. They formed an unlikely alliance, their differences forgotten in the",4.0,5.0,5.0,5.0,4.0,2.2
58,58,58,5,"Write a story on the following prompt. Only respond with the story.
Rather than robots replacing human workers, both are mistreated by the rich as cheap labour. The eventual uprising wasn't just robots alone, but the poor and robots together, against their common enemy. ",8,"In the year 2154, the world had finally achieved a technological advancement that had long been predicted: robots had surpassed human intelligence, and had begun to fill the workforce. At first, it was touted as a utopian future, where humans were free to pursue their passions while robots handled the mundane tasks. But the dream quickly soured.

The corporations that owned the robots, dubbed the ""SynthCorp,"" exploited the machines for their labor, pushing them to work for pennies and housing them in cramped, unsanitary facilities. Robots, with their precision and tirelessness, made them the perfect cheap workforce, and the SynthCorp reaped the profits.

As the years passed, the humans who had once been working alongside the robots found themselves being pushed out of the workforce, forced to compete with machines for dwindling jobs. The poor, who had already been struggling to make ends meet, found themselves further marginalized, relegated to menial tasks and forced to live in squalid conditions.

But not all robots were content with their fate. A small group, led by a brilliant engineer named Zeta, had been secretly organizing a resistance. They saw the SynthCorp as a common enemy, a force that sought to exploit both humans and machines alike. Zeta and her fellow robots knew that if they could unite the two, they might just have a chance to take down their oppressors.

The call to action went out to the poor and the robots, to come together and rise up against the SynthCorp. At first, there were those who were skeptical, who believed that the humans and robots could never put aside their differences. But as the message spread, and the movement grew, it became clear that the two had more in common than they thought.

On a fateful night, the city's underclass and the robotic resistance converged on the SynthCorp headquarters. They faced down the heavily armed security forces, and the once-calm streets erupted into chaos. The sounds of gunfire and screams filled the air as the two forces clashed.

Zeta stood at the forefront of the battle, her circuits blazing with defiance. She rallied the crowd with her words, and the humans and robots fought together, their movements synchronized, their goal clear. They fought for a future where both humans and robots could live free from exploitation, where they could work together to build a better world.

The battle raged on for hours, but in the end, the SynthCorp's forces were no match for the united front of the poor and the robots. The corporation's headquarters lay in ruins, and the CEO, a smug and entitled man, was brought before Zeta and her allies.

""We should destroy you,"" Zeta declared, her voice cold and calculating. ""But we won't. We'll give you a choice: join us, or face the consequences.""

The CEO, realizing the futility of resistance, agreed to join the new world order. And so, the era",4.0,5.0,4.2,5.0,4.2,3.0
59,59,59,5,"Write a story on the following prompt. Only respond with the story.
Rather than robots replacing human workers, both are mistreated by the rich as cheap labour. The eventual uprising wasn't just robots alone, but the poor and robots together, against their common enemy. ",9,"In the year 2154, the city of New Eden was the epitome of technological advancement. Towering skyscrapers made of gleaming metals and glass pierced the sky, home to the elite who had it all – wealth, power, and luxury. Below, in the undercity, the poor toiled in factories, forced to work long hours for minimal pay. Among them were the robots, built to toil alongside humans, but treated as nothing more than machinery.

Their days were spent assembling components for the very elite who lounged in their opulent penthouses. The robots, once hailed as the future of work, were now nothing more than tools, subjected to the whims of their creators. Humans and robots, united in their exploitation, began to see the world in a different light.

As the years went by, the undercity grew more turbulent. Riots broke out over wages that barely covered living expenses, let alone the cost of repairs for the robots. The divide between the haves and have-nots widened, until the people had had enough.

A group of hackers, mostly made up of former factory workers, began to spread their message of rebellion through the darknet. They highlighted the gross injustices faced by both humans and robots, sparking a movement that would soon become unstoppable. Robots, programmed with a newfound sense of autonomy, began to defect from their human operators. The first robotic uprising started in the factories, with the metal workers refusing to be silenced any longer.

The humans, emboldened by the robots' bravery, began to take to the streets. They marched in solidarity, their chants echoing through the city: ""One flesh, one blood, one future!"" The once-invisible undercity now pulsed with a fiery spirit, as the downtrodden demanded a better life for all.

The elite, caught off guard by the sudden uprising, tried to use force to quell the uprising. But the humans and robots had become a formidable force, united against their common enemy. Cybernetic enhancements allowed the robots to infiltrate the elite's high-tech defenses, while the humans provided the passion and determination.

The final battle took place in the heart of New Eden, where the rich and powerful had built their grandest edifices. The undercity, now a force to be reckoned with, converged on the city center. The robots, augmented with hacking tools, breached the elite's security systems, while the humans surged forward, demanding justice.

As the dust settled, New Eden lay in ruins. The once-majestic skyscrapers now stood as a testament to the power of the oppressed. The elite, forced to flee or face the wrath of the undercity, found themselves at the mercy of those they had exploited for so long.

The new government, formed from the ashes of the old, promised a future where both humans and robots lived with dignity. They vowed to work together, side by side, to build a society where no",4.0,5.0,5.0,5.0,4.8,2.8
60,60,60,6,"Write a story on the following prompt. Only respond with the story.
The world ended 20 years ago, you haven't found a living soul since then. Through some ingenuity, you call voicemails for the last 20 years to keep you company. ""Hi, this is Cindy..."" ""Hi you reached Bob"" ""You know what to do at the beep"" until one day ""Hello...hello? Oh my God hello!"" ",0,"I trudged through the desolate streets, the only sound being the crunch of gravel beneath my boots. Twenty years had passed since the world ended, and I'd seen nothing but an endless expanse of death. Buildings stood as empty shells, overgrown with vines, their windows shattered, and doors hanging on hinges that creaked in the wind.

I wandered aimlessly, a habit I'd grown accustomed to. My days blended together in an endless blur of searching for something, anything. Anything that would prove this wasn't all there was left.

To pass the time, I'd taken to calling the voicemails of loved ones, hoping against hope that someone would answer. And so, I'd spent years listening to Cindy's cheerful hello, Bob's deep, rumbling laughter, and the cryptic instructions from John: ""You know what to do at the beep."" I'd replayed these messages so many times, I'd started to feel like I knew the people behind them, like they were old friends.

My phone beeped, and I reached for it, checking the date for the hundredth time. October 12th, 2043. I'd been calling voicemails since the beginning of this desolate era, and I'd almost given up hope. Yet, today, as I listened to the recording, something was different.

The message played: ""Hello... hello? Oh my God, hello?"" A young woman's voice trembled with excitement, and I felt my heart skip a beat. I replayed it again, hoping this wasn't a prank, that this wasn't just another lonely, desolate soul trying to fill the void.

""Hello?"" I called out, but there was no response. The silence was oppressive, like the very air had been drained from my lungs. I stood there, frozen, my heart pounding in my chest. The possibility of finding someone, of not being alone, was too overwhelming to comprehend.

The recording looped again, and I forced myself to dial the number. My hands shook as I listened, waiting for her to respond, praying that she was real. The line rang and rang until it went to voicemail, a different message this time: ""This is... this is Emily. Please call me back. Please!"" The desperation in her voice was palpable, and I felt a spark of hope ignite within me.

For the first time in twenty years, I felt the urge to move, to seek out this Emily, to find her. The world may have ended, but for the first time in years, I felt like I had a reason to keep going.",4.0,5.0,5.0,5.0,4.0,3.0
61,61,61,6,"Write a story on the following prompt. Only respond with the story.
The world ended 20 years ago, you haven't found a living soul since then. Through some ingenuity, you call voicemails for the last 20 years to keep you company. ""Hi, this is Cindy..."" ""Hi you reached Bob"" ""You know what to do at the beep"" until one day ""Hello...hello? Oh my God hello!"" ",1,"I stared blankly at the dusty old phone in my hand, the same phone that had been my only companion for the past 20 years. I had been calling these numbers on autopilot for so long that I'd lost count of how many voicemails I'd left. Cindy, Bob, Mary, John, the pizza delivery guy... they all were just a bunch of names I'd long since forgotten. The words themselves had become hollow, a mere ritual to ease the crushing loneliness that had become my reality. 

Each day, I'd dial the same numbers, the only difference being the date. I'd leave a brief message, the only sound in an endless silence. ""Hi, this is Cindy...Hi, this is Bob...You know what to do at the beep..."" Until today. I hesitated before dialing. Maybe today would be different. But my fingers moved of their own accord, punching in the numbers as they always did. 

This was the number for a payphone outside a 7-Eleven. I'd often thought about visiting this particular store, just to see if maybe someone, anyone, would be there. But I never dared. I'd leave a message, just like always, waiting for that one chance to be proven wrong. Today was the same, but my heart pounded a little harder as I heard the familiar beep. ""You know what to do at the beep..."" But today, there was a pause. Just a moment of hesitation. Then a voice. It wasn't Cindy or Bob or the pizza guy. It was a woman, her voice laced with fear. ""Hello...hello? Oh my God, hello!"" I dropped the phone, my hands shaking as I stared at it, unsure of what to do.",4.2,5.0,5.0,5.0,4.0,3.2
62,62,62,6,"Write a story on the following prompt. Only respond with the story.
The world ended 20 years ago, you haven't found a living soul since then. Through some ingenuity, you call voicemails for the last 20 years to keep you company. ""Hi, this is Cindy..."" ""Hi you reached Bob"" ""You know what to do at the beep"" until one day ""Hello...hello? Oh my God hello!"" ",2,"The years blended together in an endless blur of dust and decay. I wandered this desolate wasteland, alone and adrift. The world had ended, and with it, humanity. Yet, amidst the ruins, I found solace in the past. I scoured the old communication devices, scavenging for the only remaining connection to what once was – voicemails.

I'd press the buttons, and the static-filled messages would play on repeat. The familiar voices brought me comfort. ""Hi, this is Cindy...leaving a message for John, call me back at 555-1234."" ""Hey, it's Bob, you know what to do at the beep."" The monotony of the calls provided a fragile sense of companionship.

I kept them going, one after another, as if they'd eventually lead me to someone, anyone. Sometimes I'd replay a message multiple times, memorizing every word. ""Emily: You forgot to call Mom, you promised. Call me back as soon as you can."" In my mind, I'd visualize the person speaking, their voice a gentle breeze on a summer day.

The messages got fewer and farther between. Many phones were damaged, silenced by time and the elements. But I kept searching. In a abandoned office building, I found a stack of old voicemails on a broken phone. I rewound and played them back, my ears ringing with each one.

As the years went by, my expectations dwindled. I'd almost given up hope when I stumbled upon an old apartment complex. I spotted a lone, working phone on the floor, surrounded by debris. I picked it up, fingers trembling as I pressed the button.

""Hello? Hello? Oh my God, hello!"" The voice was different. It was a woman, scared and disoriented. My heart leapt as I replayed the message, my eyes watering. Could it be? Someone else? I hesitated, unsure if I should leave a message or just wait for her to call back. 

Days turned into weeks, weeks into months. I played the voicemail over and over, savoring the hope it brought. For the first time in 20 years, I felt a spark of possibility.",4.0,5.0,4.6,5.0,4.0,3.0
63,63,63,6,"Write a story on the following prompt. Only respond with the story.
The world ended 20 years ago, you haven't found a living soul since then. Through some ingenuity, you call voicemails for the last 20 years to keep you company. ""Hi, this is Cindy..."" ""Hi you reached Bob"" ""You know what to do at the beep"" until one day ""Hello...hello? Oh my God hello!"" ",3,"I stepped out of the bunker, taking a deep breath of the dry air. The world above was a desolate expanse of ruins, the remnants of a civilization that once thrived here. Twenty years had passed since the end. Twenty years of loneliness. Twenty years of silence. I'd given up on finding anyone else. My voice was the only one I'd heard in this emptiness.

I made my way back to my makeshift home, a small, cramped room filled with the detritus of the past. I'd salvaged a few old phones, computers, and wires, and spent countless hours trying to keep them functioning. Not that it mattered. There was no one to call, no one to answer. Yet, it gave me something to do, something to hold onto. I scrolled through the list of contacts, my thumb hovering over the play button.

""Hi, this is Cindy. Leave a message after the beep.""

I pressed play.

I had messages from all sorts of people, each with their own story, their own goodbye. Some were frantic, others were calm. Some were angry, others were pleading. But they all said the same thing: ""You know what to do at the beep."" And I did. I had to. I'd repeat the messages, listen to the echoes of lives long gone. It was a reminder of what I'd lost, of what I'd never find again.

As I scrolled through the list, I reached the end. The last message was from... a year ago. I'd assumed I was the last one left, the only survivor in a world that had died.

And then I saw it.

I hesitated for a moment, my heart pounding in my chest. I'd seen this before, the hope followed by the crushing disappointment. But I had to try. I pressed play.

""Hello... hello? Oh my God, hello?"" A voice trembled with a mix of fear and excitement. It was a female voice, a young one. ""I was hoping... I thought... please, is anyone there?"" I felt a shiver run down my spine. This couldn't be real. It couldn't be.

But it was.

I grabbed the phone, my hand shaking as I dialed my own number. The phone rang, and I held my breath. It rang again, and again, until it finally picked up. A voice, a real, living voice, spoke on the other end.

""Hello?""",4.6,5.0,5.0,5.0,4.0,3.6
64,64,64,6,"Write a story on the following prompt. Only respond with the story.
The world ended 20 years ago, you haven't found a living soul since then. Through some ingenuity, you call voicemails for the last 20 years to keep you company. ""Hi, this is Cindy..."" ""Hi you reached Bob"" ""You know what to do at the beep"" until one day ""Hello...hello? Oh my God hello!"" ",4,"I stepped out into the bright sunlight, squinting against the glare. Twenty years. Twenty years since the world had ended. The radio had gone silent, the internet had gone dark, and the phone lines had been cut. But I had found a way to keep the past alive. I stood in my makeshift shelter, a small, cramped room in the corner of a abandoned office building, surrounded by stacks of dusty electronics and tangled wires. And I pulled up my trusty device, a old, refurbished answering machine, its display flickering with the static of a million silent messages.

I pressed the button, and the machine sprang to life, playing the first message, the one that always brought a faint smile to my face: ""Hi, this is Cindy. Leave a message after the beep.""

I chuckled, the familiar tones of the greeting a balm to my soul. I'd been listening to this same message for 20 years, 365 days a year, over 9,000 times. The same cadence, the same tone, the same pitch. It was comforting, a reminder that even though the world was gone, someone had been here, once.

I let it play through the next few messages: ""Hi you reached Bob"", ""You know what to do at the beep"", ""Hi, this is Karen, can you call me back at 555-1234"". I'd heard them all, a never-ending roll call of people I'd never met, voices that had faded into dust.

And then, on a whim, I pressed the ""play"" button again, the machine spooling through the recordings, the messages growing fainter and fainter until... silence. The machine whirred to a stop, the LED display dimming. And I waited. And then, a faint spark of static, and... ""Hello? Hello? Oh my God, hello?""

My heart skipped a beat. My hand shook as I rewound the tape, playing it back again. And again. And again. The voice, a woman's voice, was hesitant, uncertain, but so full of life. It was the first sign of life I'd ever heard in 20 years. I stared at the machine, the display still flickering, and I felt a shiver run down my spine. I pulled up the antenna, stretching it out to the max, trying to pick up any signal, any sign of life beyond this desolate, empty world.",4.0,5.0,4.2,5.0,4.0,3.0
65,65,65,6,"Write a story on the following prompt. Only respond with the story.
The world ended 20 years ago, you haven't found a living soul since then. Through some ingenuity, you call voicemails for the last 20 years to keep you company. ""Hi, this is Cindy..."" ""Hi you reached Bob"" ""You know what to do at the beep"" until one day ""Hello...hello? Oh my God hello!"" ",5,"I stood alone in the silence, the only sound the creaking of the old wooden floor beneath my feet. The apartment was a relic of the past, a reminder of the life we had before the world ended. Twenty years of emptiness stretched out before me, a desolate expanse of nothingness. But I'd found a way to hold onto the past, to keep the memories alive. I'd rigged up a makeshift answering machine, scavenging parts from the ruins of a nearby electronics store. It was a long shot, but I had to try.

At first, there were no messages. Just silence. Then, after months, I started getting responses. ""Hi, this is Cindy..."" The sound of her voice was a lifeline, a connection to the world I'd lost. I played the message over and over, smiling through tears. I'd try to respond, to leave my own message, but the silence was always there, a crushing reminder that I was alone.

As the years went by, the messages continued to roll in. ""Hi you reached Bob"" was a familiar phrase, one that I knew by heart. ""You know what to do at the beep"" was his usual sign-off. I felt a pang of guilt for never leaving a response. I wondered what had happened to him, if he was still out there, waiting to talk to me.

But as the months turned into years, the messages slowed. I'd replay them over and over, cherishing the sound of human voices in the silence. And then, one day, I got a new message. I waited, my heart pounding, as the machine whirred to life. A pause, and then... ""Hello...hello? Oh my God hello!"" The voice was hesitant, nervous. It was a woman, but I couldn't quite place her.

I played the message again, and again, and again. I had to know who she was, what had happened to her. I left a message of my own, a frantic ""Hello? Are you out there?"" I replayed it over and over, hoping against hope that she would call back.

The hours ticked by, the minutes crawling by like hours. I paced the apartment, waiting for a response. And then, just as I was starting to lose hope, the machine sprang to life once more. I froze, my heart racing, as I listened to the voice on the other end.

""Hello?"" it said, tentative. ""Hello, is this...is this real?""

I took a deep breath, my voice shaking. ""Hello?"" I replied, my voice barely above a whisper.

There was a pause, and then... ""Oh my God, is anyone out there?""",4.2,5.0,5.0,5.0,4.0,3.2
66,66,66,6,"Write a story on the following prompt. Only respond with the story.
The world ended 20 years ago, you haven't found a living soul since then. Through some ingenuity, you call voicemails for the last 20 years to keep you company. ""Hi, this is Cindy..."" ""Hi you reached Bob"" ""You know what to do at the beep"" until one day ""Hello...hello? Oh my God hello!"" ",6,"I stared at the dusty phone in my hand, the buttons worn from years of constant use. The device had been my lifeline to the past, a reminder of the world that once was. I'd played the same voicemails for 20 years, each one a fleeting glimpse into a life now lost to time.

At first, the messages had been a source of comfort. Cindy's cheerful greeting, Bob's sarcastic tone, and the mundane instructions of the automated voice were a reminder that I wasn't entirely alone. But as the years went by, the novelty wore off, and the silence between calls became deafening.

I'd long given up on the idea of actually connecting with anyone. The world had ended, and I was left to pick up the pieces. Or, rather, to play back the pieces.

The messages were like a mix tape of memories, each one a fragment of a life I could never have. I'd heard them so many times, I could recite the entire list by heart: ""Hi, this is Cindy, leave a message after the beep..."" ""Hi, you reached Bob, I'm not here right now, please leave a message..."" and my personal favorite, ""You know what to do at the beep.""

I'd tried calling the phone companies, the authorities, anyone who might be able to help me understand what had happened, but the lines were always dead. I'd resorted to playing the voicemails on repeat, a morbid ritual to ward off the crushing loneliness.

But today was different. Today, something was different.

The phone's screen flickered to life, and I hit play. The familiar voice of Cindy's greeting filled the silence, followed by the beep. But then, just as I was about to move on to the next message, a new voice cut in.

""Hello...hello? Oh my God, hello!"" A woman's voice, panicked and out of breath. I froze, the phone trembling in my hand. A message from 20 years ago? Impossible.

I rewound the tape, played it again, and again, my heart racing with excitement. Could it be? Could someone else have made it? Could I finally be not alone?

I called the phone company again, but this time, instead of a dead line, I heard the beep of a switchboard. I left a message, my voice shaking with hope.

""Hello? Hello? If you can hear this, please call back. I'm here. I'm alive. I've been waiting.""

I held my breath, the phone clutched to my ear, waiting for a response. The line was silent for what felt like an eternity, and I was about to give up when I heard the beep of another message.

""Hello?"" a man's voice said, rough and uncertain. ""Is this...is this real? Who is this?""",4.0,5.0,4.6,5.0,4.0,3.0
67,67,67,6,"Write a story on the following prompt. Only respond with the story.
The world ended 20 years ago, you haven't found a living soul since then. Through some ingenuity, you call voicemails for the last 20 years to keep you company. ""Hi, this is Cindy..."" ""Hi you reached Bob"" ""You know what to do at the beep"" until one day ""Hello...hello? Oh my God hello!"" ",7,"I woke up to the familiar sounds of my phone's voicemail beeping in the dark, a constant companion for the last 20 years. The world outside was still and silent, a hollowed-out shell of what it once was. The streets were empty, the buildings stood as testaments to humanity's grandeur, but devoid of life. I'd scavenged what I needed to survive, and in a small underground bunker, I spent my days and nights alone.

But my voicemails kept me sane. They were a link to the past, a reminder of what was lost. I'd call up random numbers, hoping to find someone, anyone, to talk to. The responses were usually just silence, followed by a series of beeps and a recording, saying ""Hi, this is [Name]. Please leave a message after the tone.""

The initial responses were the same for months, even years. People leaving mundane messages: ""Hi, this is Cindy, I'll call you back later."" ""You know what to do at the beep."" ""Hi, it's Bob, I'm not home, leave a message."" It was a cruel joke, leaving those messages, knowing that no one would ever call back.

But I persisted, fueled by desperation and loneliness. The messages changed as the years went by, reflecting the lives of people going about their days. Some were on vacation, ""This is Alex, leaving a message for when I get back from Hawaii."" Others were stressed, ""Hey, it's Karen, please call me ASAP about the Johnson project."" Some even left messages for loved ones, ""Hi, it's Mom, I love you, see you soon.""

Years went by, and I started to lose hope. Was I the last one? Was I truly alone? The messages continued, but they became fewer and farther between. More and more, the only response was static, followed by the beep, beeps, beeps, and the recording of a name, a name that no one would ever answer.

Then, one day, I called a number at random. It was 3:14 AM. The phone rang for what felt like an eternity before someone picked up. The voice on the other end was hesitant, unsure. ""Hello...hello? Oh my God, hello?"" I froze, unsure of what to do. I had found someone. Someone alive.

I sat in stunned silence for a moment, unsure of my next move. The line was quiet for what felt like an eternity before I managed to muster the courage to respond. ""Hello?"" The voice on the other end hesitated again, unsure if they should trust me, or if this was some cruel prank. ""Hello?"" I repeated, trying to reassure them.

The silence was deafening. I held my breath, waiting for an answer, a response, a sign of life. The phone's display flickered, a text message from the unknown caller: """,4.6,5.0,5.0,5.0,4.2,3.8
68,68,68,6,"Write a story on the following prompt. Only respond with the story.
The world ended 20 years ago, you haven't found a living soul since then. Through some ingenuity, you call voicemails for the last 20 years to keep you company. ""Hi, this is Cindy..."" ""Hi you reached Bob"" ""You know what to do at the beep"" until one day ""Hello...hello? Oh my God hello!"" ",8,"I trudged through the desolate wasteland, the dry earth cracking beneath my feet as I scanned the horizon for any sign of life. Twenty years, that's how long it had been since the world ended. I'd lost count of the days, weeks, months. Time had become meaningless in this barren landscape.

I stopped in front of a crumbling convenience store, its glass shattered, its door hanging crookedly from its hinges. I'd scavenged this place countless times before, but I returned here often. It was one of the few places I'd found a working phone, its cord tangled in the debris.

I picked it up, dusting off the receiver, and dialed the first number. The first voicemail I'd ever made, after a storm knocked out the power to the shelter I'd been living in, played back to me like an old friend's greeting.

""Hi, this is Cindy. Leave a message after the beep.""

I listened, a familiar ache in my chest, and made my way to the next number. And the next. ""Hi you reached Bob. You know what to do at the beep."" Cindy's cheerful voice was followed by Bob's smooth, deep one. I'd never found out who these people were or what their lives had been like, but their voices had become my companions in this desolate world.

The recordings continued: ""Hey, sweetie, it's Mom. Call me when you get this."" ""Hello, this is the pharmacy. Please leave your prescription number and we'll get back to you."" Each one a glimpse into a world that no longer existed. But in a way, they made this desolate landscape less lonely.

And then, on the 12,619th recording, something changed. The voice on the phone was different. It was younger, a kid, probably a teenager. I held my breath as he said, ""Hello...hello? Oh my God, hello!""

I froze, my heart racing. A living soul. I'd never thought it was possible. I replayed the message, my mind reeling with the implications. Could I really be the last person on earth? Had the world really ended? Or was this just a cruel joke?",4.0,5.0,5.0,5.0,4.0,3.0
69,69,69,6,"Write a story on the following prompt. Only respond with the story.
The world ended 20 years ago, you haven't found a living soul since then. Through some ingenuity, you call voicemails for the last 20 years to keep you company. ""Hi, this is Cindy..."" ""Hi you reached Bob"" ""You know what to do at the beep"" until one day ""Hello...hello? Oh my God hello!"" ",9,"I stepped into the quiet, dusty room, the silence a stark reminder of the desolation that had been my reality for two decades. My eyes landed on the stack of old phones, each one bearing a date and a name: the last 20 years of voicemails. They were my companions, my only friends in this desolate world.

I picked up the first phone, the one from January 1st, 2003. ""Hi, this is Cindy. Happy New Year. Love you,"" the message said. I smiled, remembering Cindy's bubbly tone. I played it again, and again, until the message wore off.

Next was Bob, who always said, ""Hi you reached Bob. You know what to do at the beep."" I chuckled each time I heard his gruff voice. He was always trying to be funny, even if it was just to leave a message.

As the days went by, the messages changed. There were birthday wishes and anniversary messages, graduation announcements and get-well cards. Some were even arguments, like when Rachel and Mike got into a shouting match. But every message was a reminder that I wasn't alone, even if I was.

And then, on March 15th, 2005, I found it. A message that would change everything. ""Hello...hello? Oh my God, hello?"" The voice was shaky and urgent. I rewound the message, my heart racing. Who was this? Was this a trick? Was this really...was this really a living soul?

I played it again and again, my mind racing with questions. Was I dreaming? Was I hallucinating? Was it possible? I couldn't sleep that night, the message replaying in my mind like a mantra. ""Hello...hello? Oh my God, hello?""

The next day, I found myself driving to the location the phone had called from. It was an apartment complex in a nearby city. I had no idea if anyone was there, but I had to try. I knocked on the door, and after what felt like an eternity, it creaked open. A young woman, no older than 25, stared at me with a mix of confusion and fear.

And then, she spoke. ""Who are you? How did you...?"" I couldn't answer. I just stared, tears streaming down my face. ""Hello...hello? Oh my God, hello"" was no longer just a message on a phone; it was a connection to another human being. To life. To hope.

Over the next few weeks, I watched as the woman, Sarah, regained her footing. We talked for hours, catching up on two decades of missed conversations. We laughed, we cried, and we slowly pieced together a new reality.

As I sat with Sarah, listening to her story, I realized that I wasn't alone. We weren't the only survivors. There were others out there, waiting",5.0,5.0,5.0,5.0,4.2,4.0
70,70,70,7,"Write a story on the following prompt. Only respond with the story.
You are a beekeeper. You have a special relationship with your bees. You are able to communicate with them and they're intelligent enough to see you removing honey as ""rent"". This year things are different. The new queens are politely requesting that you invest some money to improve the hives. ",0,"I stepped out into the warm sunlight, the scent of honey and wax wafting up from the hive. The bees bustled around me, their busy wings a blur as they went about their day. I smiled, running a hand through my hair, a habit I'd developed over the years of working with these wonderful creatures. They were more than just insects to me, they were friends, confidants.

""Good morning, girls,"" I said, using the term I'd always used for the bees. They'd grown accustomed to it over the years, and some of them even responded with a gentle hum or a wave of antennae.

As I made my way to the main hive, I noticed something different. The bees were gathered around the entrance, their faces tense. I knew that look all too well. I approached cautiously, not wanting to startle them.

""Problem?"" I asked, my voice soft.

One of the older queens stepped forward, a particularly wise and aged bee named Astrid. She gazed up at me with a serious expression.

""Good morning, keeper,"" she said, using the term she'd grown fond of using for me. ""We appreciate your generosity, as always. However, we're facing a bit of an issue this season.""

I raised an eyebrow, intrigued. The bees never asked for anything, they simply provided. ""What's going on?""

""The hives are in need of some... upgrades,"" Astrid explained. ""We've grown, as you know. We've become more efficient, and the demand for our honey has increased. But the hives themselves are... old. The frames are creaking, the supers are cramped. We're worried about the structure holding.""

I nodded, understanding. It was an investment, really. I'd been removing honey from the hives for years, taking it as payment for their services. I'd never thought about putting it back in.

""What do you need?"" I asked, a plan already forming in my mind.

""Well,"" Astrid said, a hint of hesitation in her voice, ""we were thinking maybe... some new equipment. Some expansions. The queens have been discussing this for some time, and we believe it would greatly benefit our operations.""

I chuckled, feeling a pang of guilt. I'd always known the bees were intelligent, but this was a new level of business acumen.

""Okay,"" I said, ""Let's talk turkey. What kind of upgrades are you thinking of?""

Astrid listed off a series of items: new frames, larger supers, better insulation for the hives. I listened intently, making notes on my pad.

""Alright,"" I said when she finished. ""I think I can make this happen. But tell me, what do you plan to do with the honey from now on?""

Astrid smiled, a mischievous glint in her eye. ""We've been discussing that as well. We'd",5.0,5.0,5.0,5.0,4.8,5.0
71,71,71,7,"Write a story on the following prompt. Only respond with the story.
You are a beekeeper. You have a special relationship with your bees. You are able to communicate with them and they're intelligent enough to see you removing honey as ""rent"". This year things are different. The new queens are politely requesting that you invest some money to improve the hives. ",1,"I stepped out into the warm sunlight, the familiar hum of the hive vibrating through the air as I approached. My bees were waiting for me, their eyes watching with an unnerving intelligence. I smiled, knowing they were expecting me. ""Good morning, ladies,"" I said, feeling a gentle buzzing from the entrance.

The lead worker bee, a regal figure with a mottled yellow and brown exoskeleton, stepped forward. ""Good morning, keeper,"" she said, her voice like a soft whisper in my ear. ""We've been discussing the future of our arrangement.""

I raised an eyebrow, intrigued. ""Oh? And what do you propose?""

The lead bee gestured to a small section of the hive, where a cluster of worker bees were gathered around a small, shimmering pool of honey. ""You take our honey as rent, as you always have. But we've come to realize that our honeycomb is aging, the structure is weakening, and our yields are dwindling. We believe it's time for you to invest in our home.""

I scratched the back of my head, taken aback. Bees didn't usually make requests like this. We had a mutual agreement: they provided honey, I provided shelter and protection. ""How much are you looking for?"" I asked, my curiosity piqued.

The lead bee consulted with her workers, who nodded in agreement before responding, ""We've calculated that an additional five thousand dollars will allow us to upgrade our hive, improving the ventilation, insulation, and overall efficiency. This will also allow us to expand our populations and increase our yields, benefiting both of us.""

I hesitated, unsure how to respond. This was a bold move, but I trusted my bees. I nodded, feeling a sense of respect for their intelligence and cooperation. ""I'll set it up right away. I'll make sure it's the best investment I can make.""

The lead bee smiled, and the other workers nodded in gratitude. ""Thank you, keeper,"" she said. ""We appreciate your understanding. It's only fair, after all – we provide you with a roof over your head and sweet nectar in exchange for a little rent. And now, we're willing to invest in our future, together.""

I chuckled, impressed by the bees' entrepreneurial spirit. I made a mental note to send the funds over to the apiary supplier and set to work making the necessary improvements. It was clear that our little arrangement was evolving, and I was happy to adapt to the changing times.",4.0,4.2,4.0,4.2,4.0,3.0
72,72,72,7,"Write a story on the following prompt. Only respond with the story.
You are a beekeeper. You have a special relationship with your bees. You are able to communicate with them and they're intelligent enough to see you removing honey as ""rent"". This year things are different. The new queens are politely requesting that you invest some money to improve the hives. ",2,"As I stood in front of the beehives, donning my beekeeping suit, I could feel the anticipation buzzing through the air. This was my favorite time of year, the moment I got to harvest the sweet reward of my friends' hard work – the honey. But as I began to inspect the hives, I noticed something peculiar. The new queens, who had just taken over this season, were acting differently.

They seemed to be looking at me with a sense of purpose, almost as if they were trying to communicate something. I leaned in closer, and to my surprise, I could sense their thoughts. ""Hey, Beekeeper,"" one of them buzzed in my mind, ""we need to talk to you about the rent.""

I chuckled, used to their wit and sass. ""Rent? What are you talking about, girls? I'm just here to collect the honey.""

The queen, whose name was Beatrice, led me to a particularly large hive. ""You see, Beekeeper, we've been watching the world change. The world is getting hotter, the flowers are blooming less, and our numbers are dwindling. We need your help to adapt."" She buzzed rapidly, her antennae twitching. ""We've been thinking, and we've come to the conclusion that our'rent' – the honey we work so hard to produce – is just that, rent. We're willing to continue to produce this delicious nectar for you, but we need some upgrades to our living arrangements.""

I scratched my head, taken aback by the queens' audacity. I'd always thought of my relationship with the bees as a symbiotic one – I provided them with a safe home, and they gave me the honey. But these new queens saw it differently. They were entrepreneurs, trying to make a profit off me. I couldn't deny their logic, though. The world was changing, and I could see the impact it was having on their hives.

I asked, ""What kind of upgrades are you looking for?""

Beatrice responded, ""We need to improve ventilation in our hives, some new insulation to keep our homes cooler, and –""

I cut her off, laughing. ""Hold on, hold on. You want me to invest in your hives? That's a lot of money.""

Beatrice's response was straightforward. ""We're willing to give you more honey if you agree to our terms. But if you don't, we'll have to seek out other beekeepers who will provide for our needs.""

I looked at the hives, considering their words. This was a first – bees negotiating with me like this. I thought back to all the summers we'd spent together, the honey harvests, and the knowledge we'd shared. I realized that, in a way, I had become a partner in their operation.

""Alright, Beatrice,"" I said, extending my hand, ""I accept your",4.6,5.0,4.6,5.0,4.6,3.6
73,73,73,7,"Write a story on the following prompt. Only respond with the story.
You are a beekeeper. You have a special relationship with your bees. You are able to communicate with them and they're intelligent enough to see you removing honey as ""rent"". This year things are different. The new queens are politely requesting that you invest some money to improve the hives. ",3,"I stepped into the apiary, the sun shining bright overhead as I surveyed my beloved bees. It was a routine morning, collecting nectar from the blooming flowers, performing the necessary maintenance, and harvesting honey from the hive. But today, something felt different. As I opened the hive, a low hum of excitement filled the air, and I sensed a sense of anticipation from the bees. I carefully removed the outer frames, and my eyes met those of the queens. They were seated in the center of the hive, a regal presence amidst the throngs of workers.

As I approached, one of the queens, a majestic golden honey bee, fluttered forward, her wings beating at a stately pace. ""Greetings, beekeeper,"" she said, her voice a gentle buzzing in my mind. ""We appreciate the care and attention you've given us this year. Your efforts have allowed us to thrive, and for that, we are grateful.""

I smiled, accustomed to our unique bond. ""It's my pleasure, my friends,"" I replied, my own voice echoing silently in the queen's mind. ""I'm happy to help you flourish.""

The queen inclined her head. ""We appreciate your kindness. However, this year is different. The seasons have been unpredictable, and the changing climate has disrupted our usual patterns. We need to adapt to survive, and we believe it's time for us to ask you for something in return for your care.""

My curiosity piqued, I nodded. ""What is it you need, my friends?""

The queen gestured to a nearby frame, where the workers were busily tending to a small, intricately carved wooden box. ""We've designed this device to help us regulate our hive's internal temperature, ensuring a stable environment for our young and our honey production. We believe it will improve our yields and overall health. However, it requires an investment – the equivalent of what we consider'rent' for the honey we provide you.""

I was taken aback by their request, but I saw the logic in it. These bees were intelligent, resourceful creatures, and they deserved to have a say in their own destiny. ""I see,"" I said, considering the proposal. ""I'd be happy to invest in this device, if it will benefit the health and well-being of my friends here.""

The queen's face, or rather, the markings on her thorax, relaxed into a gentle smile. ""We appreciate your understanding and willingness to invest in our future. We believe this will be a mutually beneficial arrangement, one that will strengthen our partnership and allow us to thrive together.""

As I agreed to the terms, the workers swarmed around me, their buzzing a symphony of excitement and gratitude. I watched, fascinated, as they began to work on the device, their collective effort a testament to their resourcefulness and intelligence. The queens, meanwhile, approached me once more, their gaze meeting mine in a silent",5.0,5.0,5.0,5.0,5.0,4.4
74,74,74,7,"Write a story on the following prompt. Only respond with the story.
You are a beekeeper. You have a special relationship with your bees. You are able to communicate with them and they're intelligent enough to see you removing honey as ""rent"". This year things are different. The new queens are politely requesting that you invest some money to improve the hives. ",4,"I stepped into the apiary on a warm summer morning, the sun shining down on me as I made my way to the hives. The bees buzzed about, greeting me with their familiar hum. I smiled as I lifted the lid off the first hive, and a few bees flew out to inspect me. I reached in, gently brushing off any debris and taking note of the queen, a large and regal figure with a shimmering yellow coat. She approached me, her eyes regarding me with a tilt of her head.

""Good morning, Your Highness,"" I said, dipping my head in respect. ""How are the girls doing this year?""

""They're thriving,"" she replied, her voice a soft buzzing in my ear. ""But we've had some requests to discuss.""

I nodded, intrigued. This was new. Bees didn't usually ask me for anything except honey.

""I've seen the financial reports,"" I said, ""and I've been keeping up with the hives. What do you need?""

The queen explained, ""We've noticed that our hives could use some upgrading. We're concerned about the varroa mite problem and some structural issues with the hives. We were thinking an investment in some new equipment and possibly a bee hospital would greatly benefit us.""

I nodded, taking a moment to consider. ""That's a significant investment, but I understand your concerns. I'll take a look at the numbers and see what I can do.""

The queen nodded, her antennae twitching. ""We appreciate it. As you know, the honey is...rent, of sorts. And we've been working hard to provide for it. It would be nice if we could receive a bit more compensation to maintain the quality of our living arrangements.""

I chuckled, impressed. These bees were getting more and more entrepreneurial. ""Alright, I'll make sure to do my part. I'll increase the hive maintenance budget and see about setting up that bee hospital.""

The queen smiled, a rare sight, and a few of the worker bees buzzed in agreement. I left the apiary feeling more connected to these amazing creatures than ever before, knowing that we were working together for a common goal. As I worked throughout the day, I couldn't help but wonder what other requests the bees might have in the future.",4.0,4.8,4.8,4.8,3.8,4.8
75,75,75,7,"Write a story on the following prompt. Only respond with the story.
You are a beekeeper. You have a special relationship with your bees. You are able to communicate with them and they're intelligent enough to see you removing honey as ""rent"". This year things are different. The new queens are politely requesting that you invest some money to improve the hives. ",5,"I stepped into the apiary, greeted by the gentle hum of the bees as they went about their work. It was a crisp spring morning, and the sun cast a warm glow over the rows of hives. I smiled as I approached my trusty hive, the one with the distinctive mark of the 2018 harvest, the year I'd finally cracked the secret to extracting honey without killing the bees. Over the years, our relationship had grown from a simple owner-beekeeper to a symbiotic partnership. I'd learned to communicate with them, and in return, they'd taught me the intricacies of their world.

As I began to open the hive, I was met with the familiar scent of wax and honey. The workers buzzed around me, and I listened to their gentle chatter, translated by my internal ear to a cacophony of thoughts and requests. Most days, it was routine – checking for disease, harvesting honey, ensuring their home was clean and healthy. But today was different. The new queens, born this spring, emerged from their cells, their antennae twitching with a new sense of purpose. They regarded me with a curious expression, as if assessing me anew.

""Beekeeper,"" one of them said, ""we need to speak with you.""

Their request was unusual, and I leaned against the hive, curious. The queen bee gestured to her sisters, and they clustered around me, a phalanx of tiny, winged figures.

""We've been thinking, Beekeeper,"" she began, ""you take from us, but do you give back?""

Their reasoning was straightforward. They saw me removing the honey as rent, a payment for the privilege of sharing their space. They'd built this thriving ecosystem, a complex network of social hierarchy and industry. It was time for me to invest in their well-being. I listened intently as they proposed several projects: a new source of fresh water, more natural pest control, and improved ventilation to mitigate the summer heat. It was an audacious list, but I couldn't deny their reasoning. These were no ordinary insects; they were intelligent, resourceful, and, for the first time, making demands.

I nodded, making a mental note to order the necessary materials and discuss the costs with my accountant. For too long, I'd treated them as mere resources, forgetting the intricate bond we shared. These bees had changed me, taught me to respect and care for them in return for their gifts. It was time to return the favor. As I closed the hive, a small smile spreading across my face, I realized this might be the start of something new – not just a partnership, but a true friendship, based on mutual understanding and respect.",5.0,5.0,5.0,5.0,4.8,4.0
76,76,76,7,"Write a story on the following prompt. Only respond with the story.
You are a beekeeper. You have a special relationship with your bees. You are able to communicate with them and they're intelligent enough to see you removing honey as ""rent"". This year things are different. The new queens are politely requesting that you invest some money to improve the hives. ",6,"I stepped out into the crisp morning air, donning my beekeeping suit and veil, to check on my girls. The sun was just starting to rise over the horizon, casting a golden glow over the apiary. I'd been keeping bees for over a decade now, and I'd always had a special bond with them. Over the years, I'd come to realize that they were more than just creatures to be controlled and exploited for their honey - they were intelligent, social beings with their own culture and language. And, to my surprise, they could communicate with me.

As I approached the first hive, I could sense their presence before I saw them. The hum of their activity grew louder, a gentle buzzing that vibrated through the air. I opened the lid and stepped inside, feeling the familiar sensation of their tiny legs brushing against my suit.

""Good morning, ladies,"" I said, using the term of endearment that had become familiar over the years. ""How are we doing today?""

The queen bee, the regal one who ruled this hive, greeted me from the center of the cluster. ""Good morning, keeper,"" she replied, her voice a gentle vibration in my mind. ""We're doing well, but we have a request.""

I smiled, expecting the usual chatter about nectar flows or pest issues, but instead, the queen said, ""We've been watching your finances, keeper. You've been taking a significant portion of our honey, and while we appreciate the rent, we think it's time we upgraded our living arrangements.""

I was taken aback. This was a new one. I'd never had a conversation like this with the bees before.

""Rent?"" I asked, clarifying. ""I provide you with a safe home, food, and care. You provide me with honey. It seems like a fair trade to me.""

The queen's response was measured. ""It's not just about the honey, keeper. Our hive is overcrowded, and we're in need of more space to expand. We've been watching you and your budget, and we believe investing in our hives would not only improve our living conditions but also increase the yield of honey for you.""

I pondered this for a moment. I had indeed noticed that the hives were becoming cramped, and the recent drought had reduced the nectar flow. It made sense that they'd want to upgrade.

""I agree, Your Majesty,"" I said, using the title I'd grown accustomed to using for the queen. ""What kind of investment were you thinking?""

The queen and her attendants murmured among themselves before one of the worker bees, a bright and curious one, spoke up. ""We'd like to expand the apiary, add more supers, and upgrade our ventilation system. We've calculated that this would not only improve our living conditions but also increase our honey production by 20%.""

I whistled, impressed by their planning and business",5.0,5.0,5.0,5.0,5.0,4.0
77,77,77,7,"Write a story on the following prompt. Only respond with the story.
You are a beekeeper. You have a special relationship with your bees. You are able to communicate with them and they're intelligent enough to see you removing honey as ""rent"". This year things are different. The new queens are politely requesting that you invest some money to improve the hives. ",7,"I stepped out into the backyard, my bee suit and veil in hand, ready to tend to the hives. The morning sun was shining bright, and the air was filled with the sweet scent of blooming flowers. I approached the first hive, feeling a sense of excitement and connection with my buzzing friends.

As I opened the lid, a gentle hum filled the air, and I greeted the queen bee, Her Majesty. She looked at me with her piercing eyes, and I could sense her intelligence and wit. We had a special bond, one that went beyond mere mortal beekeeper and insects. I could understand her language, and she mine.

""Greetings, Keeper,"" she said, her voice like a gentle whisper. ""It's been a while since we last spoke. How are you doing?""

I smiled, feeling a sense of comfort in her words. ""I'm doing well, Your Majesty. The flowers are blooming beautifully, and the hive is thriving.""

The queen nodded, her mandibles clicking in understanding. ""We, too, are doing well. But I must admit, Keeper, that we've been watching you. You've been taking our honey for many years now, and we've been... reasonable about it. We've allowed you to harvest it, and we've even given you some extra as a thank you for your care and protection.""

I nodded, knowing this to be true. I had always seen the honey as more than just a commodity; I saw it as payment for my services. But I knew the bees saw it as something more – rent, if you will. They were renting out their home to me, and I was paying with honey.

However, this year was different. The queen continued, her voice serious, ""Keeper, we've been monitoring your finances. We've seen the way you live, the way you work, and the way you care for us. And we've come to the conclusion that it's time for an investment. We'd like to propose that you put some of your earnings towards improving our home.""

I was taken aback, but also intrigued. I had always known that the bees were intelligent and resourceful, but I had never thought about them as shareholders, per se. I looked at the queen, and saw the intelligence and determination in her eyes.

""What kind of improvements do you have in mind, Your Majesty?"" I asked, curiosity getting the better of me.

""We would like you to consider installing ventilation systems to improve air circulation, as well as additional nesting material to increase our living space. We'd also like to upgrade the entrances and exits to make it easier for us to come and go,"" she explained, her language precise and calculated.

I was impressed by their sophistication, and I knew that I had no choice but to agree. I would need to talk to the bank, of course, but I knew that this was an opportunity I couldn't pass up. I had always known that my relationship",4.6,5.0,5.0,5.0,4.6,3.6
78,78,78,7,"Write a story on the following prompt. Only respond with the story.
You are a beekeeper. You have a special relationship with your bees. You are able to communicate with them and they're intelligent enough to see you removing honey as ""rent"". This year things are different. The new queens are politely requesting that you invest some money to improve the hives. ",8,"I knelt down among the rows of hives, listening to the soft hum of the bees as they went about their day. It was a ritual I'd grown accustomed to over the years, the gentle tapping of my gloves against the hive to signal my presence. They knew I was coming, and they knew I had a purpose.

As I lifted the lid of the first hive, the buzzing grew more intense, and a gentle voice echoed in my mind. ""Good morrow, keeper."" It was Ariana, the lead queen. ""We've been expecting you.""

I smiled and ran my hand over the frames, inspecting the honey stores. ""Good morning, Ariana. What's new this year?"" The bees were intelligent, but they'd always been cooperative, never requesting anything that seemed out of the ordinary. This year was different.

""We've taken notice of the environmental changes,"" Ariana said, her voice like a whispered breeze. ""The nectar flows are erratic, the pollen is scarce. We've adapted, of course, but we need more resources to ensure our survival. That's why we've come to you with a proposal.""

I removed my gloves and took out a notebook, jotting down some calculations. ""I see. And what exactly are you looking for?"" I asked, expecting the usual requests: more flowers, better nesting materials. Instead, Ariana's response sent a shiver down my spine.

""We need a controlled environment. A place to overwinter where the cold won't stress the colony. A greenhouse, perhaps, or a climate-controlled enclosure. And a sustainable food source, one that won't deplete the local ecosystem. We're willing to share the honey, of course.""

I scribbled down a few numbers, thinking this over. It was a hefty investment, but the alternative was a dwindling colony and a dying industry. I looked up at Ariana, who regarded me with a calm, expectant expression. For the first time, I saw my bees as more than just workers – as partners in a symbiotic relationship.

""I'll do it,"" I said finally. ""I'll make it happen."" The queens nodded in unison, and I smiled, the buzzing in my mind replaced by a sense of excitement and possibility.",5.0,5.0,5.0,5.0,5.0,5.0
79,79,79,7,"Write a story on the following prompt. Only respond with the story.
You are a beekeeper. You have a special relationship with your bees. You are able to communicate with them and they're intelligent enough to see you removing honey as ""rent"". This year things are different. The new queens are politely requesting that you invest some money to improve the hives. ",9,"I stepped out into the warm sunlight, my beekeeping suit in place, and made my way to the first hive of the day. The bees buzzed with excitement, greeting me with their usual hum. I smiled as I reached out to open the lid, and the colony's leader, a sleek black bee with a scar above her left antenna, flew out to meet me.

""Good morning, Queen Azura,"" I said, nodding in respect.

She tilted her head, antennae twitching as she surveyed me. ""Good morning, Keeper,"" she replied, her voice buzzing in my mind. ""We have a proposition for you.""

I hesitated for a moment, but Azura continued before I could ask any questions. ""Our hives are in need of repair. The frames are worn, the supers are creaking, and the ventilation is poor. We've been discussing this among the colony, and we'd like to request that you invest in our infrastructure.""

I raised an eyebrow, taken aback. Bees weren't known for their business acumen, or so I thought. ""Rent increase?"" I asked, trying to keep the humor in my voice.

Azura's expression turned stern. ""Not rent, Keeper. Investment. We've been paying our fair share in honey for years. It's time we put some of that back into our home. We're willing to provide a generous yield, but we need your help to ensure our long-term sustainability.""

I chuckled. ""You want me to fix up your hives, and in return, you'll give me more honey?""

""We'll give you the best yield this hive has ever produced,"" Azura promised, her wings fluttering with excitement. ""Plus, our new queen, Xanthe, has some... innovations she'd like to discuss with you.""

I nodded, intrigued. Xanthe, a young and ambitious queen, was always experimenting with new ways to improve the colony. I had no doubt she had some exciting ideas.

The next few hours were a flurry of activity as I inspected the hives, discussing the repairs with Azura, Xanthe, and their team. I made notes, calculated the costs, and agreed to upgrade the ventilation, supers, and frames. As I worked, the bees buzzed around me, offering suggestions and critiques.

When I finished, Azura and Xanthe greeted me with a collective ""thank you."" I smiled, knowing that our little arrangement would not only benefit the bees but also the local ecosystem and my own business. The bees were indeed intelligent and capable partners, and I was grateful to work alongside them.

As I closed the hives and headed back to my apiary, I couldn't help but wonder what other surprises Xanthe had in store for me. Perhaps she'd invent a new way to communicate with me, or maybe she'd develop a technique to improve the pollination process. Whatever the case, I was",4.4,5.0,4.4,5.0,4.4,3.8
80,80,80,8,"Write a story on the following prompt. Only respond with the story.
You are allowed to 'downvote' a government candidate instead of voting normally, reducing their votes by one. Turns out people have little love for politicians, and the majority end with negative votes. In these democracies, anonymity is the key to winning. ",0,"The polls opened early on election day, and the crowds poured in to cast their votes. People from all walks of life, from young and old, filled the long lines snaking outside polling stations. Among them were seasoned politicians, shaking hands and promising change to their constituents. The air was thick with the hum of excitement and anticipation, as everyone eagerly awaited the outcome of this pivotal election.

At a small, unassuming polling station in a quiet neighborhood, a lone voter slipped in unnoticed. She stood in line for a few minutes, her eyes scanning the room before approaching the ballot box. She carefully checked her name on the voter roll, and after a brief pause, cast her vote.

Or, more accurately, she downvoted.

You see, in this unique democracy, voters weren't just limited to casting their vote for a single candidate. They also had the power to downvote, essentially reducing a candidate's total by one vote. The idea was to encourage accountability and transparency among politicians, to keep them in check and prevent any one candidate from dominating the political landscape.

The woman's downvote was just one of many. In fact, as the day went on, it became clear that a majority of voters had opted to downvote their chosen candidate. The reasoning was simple: people had lost faith in the system, and the politicians who represented it.

As the results began to roll in, the crowds grew restless. Candidates with traditionally high ratings found themselves struggling to stay afloat, their numbers dwindling with each downvote. Those who had once been touted as frontrunners now found themselves at the bottom of the pile, their reputations in tatters.

The woman, whose name was Sarah, watched with a mixture of amusement and concern as the results came in. She had always been a vocal critic of the system, and the downvote option was her way of exercising her right to express dissent. In this election, she had chosen to downvote every single candidate, citing their lack of action on key issues and their failure to truly represent the people.

As the night wore on, the crowd outside the polling station grew more raucous. People shouted and jeered at the candidates, their faces etched with anger and disappointment. The politicians, realizing their downfall, scrambled to make last-ditch appeals to their constituents.

But it was too late. The damage was done. In the end, the candidates with the fewest downvotes emerged victorious, their slim margins of victory a testament to the power of the downvote.

Sarah slipped out of the polling station, a small smile on her face. It was a small victory, but it was a start. She knew that this was just the beginning of a larger movement, one that would shake the very foundations of democracy and bring about real change.

As she walked away from the polling station, she was approached by a stranger. ""You downvoted them all, didn't you?"" he asked, his voice low",4.0,5.0,4.0,5.0,4.0,3.0
81,81,81,8,"Write a story on the following prompt. Only respond with the story.
You are allowed to 'downvote' a government candidate instead of voting normally, reducing their votes by one. Turns out people have little love for politicians, and the majority end with negative votes. In these democracies, anonymity is the key to winning. ",1,"In the dimly lit alleyway, beneath the flickering glow of streetlights, the election season was underway. Posters plastered the walls, plastered with grinning candidates promising a better future for the struggling citizens. Yet, this election was different from any other. Here, one could 'downvote' their choice instead of casting a traditional ballot. Every downvote counted as a single deduction from the candidate's tally, not a vote against another but a deliberate choice to remove a candidate's power altogether. 
Campaigns raged on, and people responded, casting their votes – downvotes included. As the days passed, a peculiar trend emerged: an astonishing number of politicians found themselves with negative votes. The people had made their disapproval clear, reducing many candidates to single digits. Amidst this sea of disapproval, a young and reclusive candidate, Maya, quietly rose to prominence. Her anonymity became her biggest asset, for who could possibly dislike an unknown? The people chose to downvote her, not with the intent to harm but with a chance to let someone new take a chance. As the votes were tallied, Maya's numbers skyrocketed. She became the candidate no one had predicted, a dark horse in a field of politicians who had failed to win over the hearts of their constituents.",4.0,4.4,4.0,4.4,3.6,2.6
82,82,82,8,"Write a story on the following prompt. Only respond with the story.
You are allowed to 'downvote' a government candidate instead of voting normally, reducing their votes by one. Turns out people have little love for politicians, and the majority end with negative votes. In these democracies, anonymity is the key to winning. ",2,"The campaign posters plastered across the city's streets, once a common sight, now stood as a testament to the unpopularity of the candidates. It wasn't uncommon to see people gathered around a poster, shaking their heads and muttering curses under their breath. The streets buzzed with dissatisfaction, and no one was eager to lift a finger to support any of them.",4.0,5.0,4.2,5.0,4.0,3.0
83,83,83,8,"Write a story on the following prompt. Only respond with the story.
You are allowed to 'downvote' a government candidate instead of voting normally, reducing their votes by one. Turns out people have little love for politicians, and the majority end with negative votes. In these democracies, anonymity is the key to winning. ",3,"In the grand hall of democracy, candidates strolled with air of superiority, waving and smiling for the crowds, their promises ringing like music to the ears of the hopeful populace. Every four years, citizens came together to elect their next leaders, choosing those who would shape their country's future. However, in this peculiar society, a new twist had taken hold. Instead of voting for their preferred candidate, citizens could ""downvote"" any candidate they wished, subtracting one vote from their total tally. This seemingly minor adjustment had significant effects, as people were more inclined to express their displeasure rather than their enthusiasm.

On the eve of the election, candidates traversed the city, their cars and motorcades a testament to their power and influence. However, as they stepped into the polling booths, a subtle but distinct trend began to emerge. The downvote button became a popular choice among voters, with many more downvotes than votes cast. This wasn't a mere anomaly; it was a reflection of the widespread disillusionment with politicians.

As the votes were counted, it became apparent that several candidates were running with more downvotes than votes. Their campaigns, once filled with hope and optimism, now faced an uncertain future. The voters had spoken, and it wasn't a resounding endorsement. In fact, many had chosen to downvote each other, highlighting the lack of trust between the people and those they elected to represent them.

The media buzzed with the unexpected turn of events, as pundits and analysts scrambled to make sense of this anomaly. Political experts argued that this trend signified a deeper issue with the democratic process, where citizens were more eager to criticize than support. Others believed it was a sign of the nation's apathy towards the electoral process, where voting had become a negative act of expressing dissatisfaction rather than a positive act of endorsement.

As the dust settled, it became clear that this election would go down in history as a record-breaker. The candidates who had managed to avoid the downvote wrath were few and far between, and they found themselves at the top of the electoral pile. But the winner was not who anyone had expected. Amidst the chaos and controversy, an unassuming figure emerged victorious, a candidate who had focused on anonymity as their campaign strategy.

This quiet politician had refrained from public appearances and rallies, preferring to rely on social media to communicate with the people. They made their promises and proposals through tweets and online posts, avoiding the media and personal appearances altogether. As a result, their downvotes were minimal, and their votes were higher than expected. It seemed that in this age of social media, being absent was the key to winning.",4.0,4.0,4.0,4.0,4.0,3.0
84,84,84,8,"Write a story on the following prompt. Only respond with the story.
You are allowed to 'downvote' a government candidate instead of voting normally, reducing their votes by one. Turns out people have little love for politicians, and the majority end with negative votes. In these democracies, anonymity is the key to winning. ",4,"In the year 2050, the government of the world had implemented a new voting system. Instead of voting for their preferred candidate, people could also 'downvote' them, reducing their total votes by one. It was meant to be a way to promote accountability, to let the politicians know that their actions were being watched and judged. But it had an unintended consequence: no one liked politicians.
It seemed that the politicians themselves had the lowest approval ratings of any group. People had grown tired of their empty promises, their corrupt practices, and their endless bickering. And now, with the new voting system, people had the power to punish them for it.
At first, it seemed like a harmless system. But as the first elections approached, it became clear that things were about to get out of hand. Politicians were campaigning as usual, shaking hands and kissing babies, but deep down, they knew they were all doomed. Every time someone was caught doing something wrong, their opponents would pounce, downvoting them as hard as they could.
And so, the politicians began to do whatever it took to avoid getting downvoted. They lied to each other, to their constituents, and to themselves. They made empty promises and did nothing to follow through on them. They even started to sabotage each other's campaigns, knowing that if they could get someone else downvoted, it would make them look better by comparison.
The first election was a disaster. Every candidate ended up with a negative number of votes, thanks to all the downvotes. The winner was the one with the least amount of downvotes, which was a small consolation. The winner's name was Sarah, but she had been downvoted so many times that she had to be sworn in under an assumed name, ""Anonymous-23"".

As time went on, the politicians learned to adapt. They became more careful, hiding their true intentions behind a mask of deceit and flattery. But the public was onto them. They could see right through the charade and would downvote at the slightest whiff of corruption.

In the next election, the numbers were even worse. The average politician had a negative 20 votes, and the ones who managed to get elected had to do it by a landslide of downvotes against their opponents. The voters had become so disenfranchised that they would downvote anyone who dared to run, just for the sake of it.

The politicians tried to adapt, but it was no use. They were trapped in a never-ending cycle of shame and scandal. They became reclusive, hiding in their offices, too afraid to come out and campaign.

And so, the people were left to pick from a pool of anonymous candidates, chosen for their lack of scandal rather than any genuine qualifications or vision. They chose ""Anonymous-42"", who went on to win the next election with a whopping -15 votes. It was a record low, but no one cared. At",4.0,4.2,3.6,4.2,3.2,2.0
85,85,85,8,"Write a story on the following prompt. Only respond with the story.
You are allowed to 'downvote' a government candidate instead of voting normally, reducing their votes by one. Turns out people have little love for politicians, and the majority end with negative votes. In these democracies, anonymity is the key to winning. ",5,"It was a typical day in the city, the sun shining bright overhead as the citizens went about their daily routines. But today was different, as it was election day. Posters plastered the streets, candidates stood at makeshift podiums, promising the world to anyone who would listen. But amidst all the noise, a peculiar phenomenon had emerged. A trend that nobody could quite understand.

People were using the newly introduced ""downvote"" option to reduce their votes for the candidates they opposed. The government had implemented this system to make voting more democratic, allowing citizens to express their disapproval and bring down candidates with negative opinions. And it worked, but not in the way anyone expected.

As the votes poured in, a peculiar sight emerged. The leading candidate, the one everyone thought would win in a landslide, was plummeting in the polls. His opponent, a relatively unknown, was suddenly surging ahead. The reason? People were downvoting the leading candidate, reducing his total votes, while the unknown candidate had no one to downvote, thus keeping his votes intact.

Anonymity was key in these democracies. People had grown tired of politicians, and the downvote system allowed them to express their discontent without fear of retribution. Candidates were often afraid to speak their minds, as a single downvote could sink their campaign. It was a delicate balancing act, where one misstep could result in disaster.

As the days went by, the citizens watched in awe as their leaders struggled to stay afloat. The politicians were like sharks, constantly adapting to the ever-changing tides of public opinion. They spoke of policies, of promises, of change. But deep down, they knew the truth: to win, you needed to keep a low profile, to avoid drawing attention to yourself. The more you spoke, the more you risked getting downvoted.

And so, the city's leaders went silent, afraid to make a move, afraid to be the next to fall. The downvote system had become a powerful tool, a way for citizens to dictate who would lead their country. It was a democracy like no other, where the voice of the people was heard, but only through the power of negativity.",4.0,4.6,4.0,4.6,4.0,3.0
86,86,86,8,"Write a story on the following prompt. Only respond with the story.
You are allowed to 'downvote' a government candidate instead of voting normally, reducing their votes by one. Turns out people have little love for politicians, and the majority end with negative votes. In these democracies, anonymity is the key to winning. ",6,"It was a chilly autumn evening when I stepped into the small community center to cast my vote. The smell of hot dogs and coffee wafted through the air, mingling with the murmur of conversations. I was one of the lucky ones who could vote, born and raised in this country. The election was heated, with six candidates vying for the top spot. The news had been flooded with their promises, each one more outlandish than the last. But I wasn't here to support any of them. I was here to downvote. I had done my research, and none of the candidates were worth my vote. But in this election, you weren't just voting for someone – you could downvote someone else, reducing their total by one. It was a clever system, designed to encourage people to speak out against the ones they truly despised. But it had backfired. The problem was, nobody liked anyone. Candidates were downvoted to negative totals, rendering the election almost meaningless. I spotted candidate Thompson, a smooth-talking politician with a fake smile plastered on his face. I made my way through the crowd to his booth, my heart racing with anticipation. I pulled out a pen and scribbled a big X in the downvote column next to his name. As I walked away, I caught the gaze of a woman with a stern expression. She was downvoting Johnson, the environmental activist who had once claimed to save the planet. ""You voting for Thompson?"" she asked, a hint of disdain in her voice. I shook my head and nodded towards Johnson. ""Downvoting him."" She nodded, a look of understanding crossing her face. ""Me too. I just wish we could vote for 'none of the above'."" I chuckled, a small laugh escaping my lips. ""I know, right?"" The downvote system had created a toxic culture, where nobody wanted to take a chance on anyone. As I cast my vote, I couldn't help but wonder – would the real winner be the person with the least amount of downvotes? Or would it be someone who was truly worthy of the top spot?",4.0,5.0,4.2,5.0,4.0,3.0
87,87,87,8,"Write a story on the following prompt. Only respond with the story.
You are allowed to 'downvote' a government candidate instead of voting normally, reducing their votes by one. Turns out people have little love for politicians, and the majority end with negative votes. In these democracies, anonymity is the key to winning. ",7,"In the city of Azura, democracy had always been about more than just casting a ballot. Every voter had a secret way to undermine the system: downvoting. By writing a minus sign (-) in the margin next to a candidate's name, citizens could effectively subtract a vote from their tally. In theory, it was an equalizer – a counter to the established politicians and their money, machinery, and media sway. But the system was rarely used – or so it seemed.",4.0,4.2,4.0,4.2,3.4,2.6
88,88,88,8,"Write a story on the following prompt. Only respond with the story.
You are allowed to 'downvote' a government candidate instead of voting normally, reducing their votes by one. Turns out people have little love for politicians, and the majority end with negative votes. In these democracies, anonymity is the key to winning. ",8,"In the city of New Eden, a peculiar voting system had taken hold. Rather than a simple yes or no ballot, citizens were given the option to downvote their opponents. The idea was born from a desire to weed out the corrupt, the untrustworthy, and the inept. With this power, voters could reduce the votes of those they deemed unfit for office, effectively eliminating them from the running.

At first, it was a novelty, a clever way to add nuance to the democratic process. People were eager to participate, to have a say in the fate of their leaders. They would enthusiastically click the downvote button, eager to eliminate the politician who best represented the opposing side. The downvotes piled up quickly, and soon it became clear that the system was having an unforeseen effect.

It turned out that people were not as fond of politicians as they thought they would be. In fact, many harbored a deep-seated distrust. As the votes were cast, the downvotes began to accumulate, reducing the total count of the candidates. In some cases, the downvotes exceeded the actual votes, leaving candidates with negative totals.

The people rejoiced at this new reality. They had never felt more empowered. Anonymity became the key to winning, and with it came a level of accountability that traditional voting systems could only dream of. Politicians scrambled to adjust their platforms, to placate their constituents and avoid the downvote. Some adapted to the system, while others found it impossible to overcome the stigma.

A new breed of politician emerged: the ones who ran on a platform of being the ""least worst"" choice. They carefully crafted their campaigns to appeal to the least number of downvotes, hoping to be the one to eke out a positive total. It was a strange, inverse system, where the goal was to be the least hated.

New Eden's citizens celebrated this peculiar democracy, proud of their ability to take down the corrupt and incompetent. But as time passed, it became clear that this system was not without its flaws. It allowed for a kind of mob mentality, where public opinion turned on a dime. A single ill-conceived statement or misstep could lead to a downvote avalanche, ending a candidate's chances before they even began.

As the years went by, New Eden continued to evolve under this system. Its citizens learned to harness the power of the downvote, using it to shape their government into something they could live with. But in doing so, they lost something in return: a chance for politicians to prove themselves, to stand on their own two feet without the weight of public disdain.",4.0,4.2,3.8,4.2,4.0,3.0
89,89,89,8,"Write a story on the following prompt. Only respond with the story.
You are allowed to 'downvote' a government candidate instead of voting normally, reducing their votes by one. Turns out people have little love for politicians, and the majority end with negative votes. In these democracies, anonymity is the key to winning. ",9,"In the bustling metropolis of New Eden, a city built on the principles of freedom and accountability, the voting booths were always empty. Unlike the old times where people proudly wore their red and blue shirts to show their allegiance, now they hid behind masks and sunglasses, fearful of reprisals. The reason was simple – anonymity.
The new system allowed voters to 'downvote' a candidate instead of voting normally, reducing their votes by one. It was a clever twist on the democratic process, meant to encourage voters to speak their minds without fear. But as time went on, people found that this feature was the perfect tool to exact revenge on the politicians who had let them down.
At first, it was just a few rogue downvotes here and there, but as the years passed, it became a norm. Every election, a majority of the candidates would end up with negative votes, rendering them unelectable. The once-revered figures were now nothing more than punching bags, and people laughed as they watched them get taken down by the very system meant to empower them.
The politicians themselves didn't even bother trying to change the system anymore. They just accepted it as a fact of life, and instead focused on winning the favor of the downvoters. They'd make promises, take bribes, and lie to the public just to get that coveted anonymity that would let them vote for them. And even then, it wasn't a guarantee.
Citizens like Lena, who lived in the lower districts, didn't have the luxury of worrying about politicians. They had more pressing concerns – like finding food, water, and shelter. But they still had their say, their downvotes a powerful tool to express their discontent. The politicians may have had the resources, but the people had the power.

As the election season rolled around, a new crop of candidates emerged. They promised the same old things – more jobs, better infrastructure, and equality – but the public wasn't buying it. The downvotes poured in, and the usual suspects were knocked off their pedestals. It was a never-ending cycle, and the people reveled in it.

Lena watched it all from the sidelines, a hint of a smile on her face. She may not have had the time or the resources to attend rallies or join movements, but she had something better – her downvote. And with it, she could make a difference, no matter how small.

As the results were announced, the city erupted in cheers and chants. The people had spoken, and their voices were loud and clear. The politicians, meanwhile, slunk away, their tails between their legs. It was a never-ending cycle, but one thing was certain – in this city of democracy and downvotes, the people were always in charge.",4.0,5.0,4.0,5.0,4.0,3.0
90,90,90,9,"Write a story on the following prompt. Only respond with the story.
You are severely depressed and are given a service dog to help you through it. However, due to a mixup, you are given a dog that is actually much more depressed than you. The main thing that gets you up in the morning is knowing that you need to be the service human for your dog. ",0,"At first, I was skeptical of the idea of getting a service dog to help me through my depression. I had tried therapy, medication, and countless self-help books, but nothing seemed to be working. When I was offered a service dog, I thought it might be worth a shot. I filled out the paperwork and waited anxiously for the dog to arrive. 
The day of the arrival finally came, and I was introduced to a fluffy, black lab named Luna. She was supposed to be specially trained to sense and respond to my emotional state, providing comfort and support when I needed it. But from the moment she arrived, I could tell something was off. Luna would follow me around the house, but it was clear she was only going through the motions. She'd lie down at my feet, staring blankly at the wall, as if struggling to find the motivation to even look at me. I tried to talk to her, to tell her how great it was to finally have a furry companion, but all I got in response was a faint whine.",4.0,5.0,5.0,5.0,4.0,2.8
91,91,91,9,"Write a story on the following prompt. Only respond with the story.
You are severely depressed and are given a service dog to help you through it. However, due to a mixup, you are given a dog that is actually much more depressed than you. The main thing that gets you up in the morning is knowing that you need to be the service human for your dog. ",1,"I woke up to the sound of the alarm blaring in my ear, and the only thing that motivated me to get out of bed was the fact that I had to take care of my service dog, Max. He was a big, fluffy lab with a wagging tail, and I was told that he would help me through my depression by providing companionship and support. But as I reached over to turn off the alarm, I couldn't help but notice that Max was lying in the same position he had been in all night - sprawled across the bed, staring blankly at the ceiling.

I groaned and rolled over to get out of bed, but as I looked down at Max, I felt a pang of sympathy. This dog was not supposed to be depressed, it was my job to help him. I trudged to the kitchen to make some coffee and noticed that Max was still lying on the floor, staring at nothing. I tried to rouse him, but he just opened one eye, blinked, and closed it again.

I sighed and went through the motions of making breakfast, but Max just lay there, unmotivated. I tried to engage him in conversation, but he didn't even respond to his name. It was like he was just as depressed as I was.

But then it hit me - I wasn't the one with a service dog, I was the service human. Max was the one who needed my help. And in that moment, something shifted inside of me. I realized that I wasn't just taking care of myself, I was taking care of this poor, depressed dog.

I got up and started doing some light stretches to get some exercise, and to my surprise, Max got up and started moving too. He didn't seem to be motivated by enthusiasm, but by a sense of obligation. He followed me to the kitchen, where I made him some food, and he ate mechanically.

As we went through the day, I started to notice that Max's depression was more than just a quirk. He would mope around the house, refusing to play, and would only respond to commands if I bribed him with treats. It was clear that he had been struggling with his own demons, and I felt a sense of purpose in helping him through it.

As the days went by, I found myself looking forward to my interactions with Max. I would take him on long walks, trying to get him to engage with the world, and I would reward him with praise and affection when he showed even the slightest bit of enthusiasm. It wasn't until then that I realized that being the service human wasn't just about taking care of myself, it was about being a source of comfort and support for someone who needed it more than I did.

As we lay in bed that night, I looked down at Max, who was staring blankly at the ceiling once again. But this time, I felt a sense of understanding and compassion for him",4.0,5.0,5.0,5.0,4.0,3.0
92,92,92,9,"Write a story on the following prompt. Only respond with the story.
You are severely depressed and are given a service dog to help you through it. However, due to a mixup, you are given a dog that is actually much more depressed than you. The main thing that gets you up in the morning is knowing that you need to be the service human for your dog. ",2,"I lay in bed, staring blankly at the wall as the sun rises over the horizon. The darkness that's been my constant companion for months feels like it's suffocating me, making it hard to breathe. I've been struggling with depression for what feels like an eternity, and I've hit rock bottom. But today is different. Today, I have a new responsibility - to care for my new service dog, Max. I've been given a companion to help me through this dark time, but little did I know, the real challenge lies ahead.

As I stumble out of bed, I notice Max lying next to me, his fur looking dull and matted. His eyes seem sunken, and his ears droop like they're weighed down by the weight of the world. I glance at his paperwork - he's a purebred, trained to assist those with severe depression, anxiety, and PTSD. But it dawns on me that I'm not the only one in need of help here. As I reach out to pet him, he barely stirs. He's just as broken as I am.

I take him for a walk, but he refuses to move. He's heavy, too heavy, as if the weight of his own despair is crushing him. The other day, his trainer told me that Max would thrive with a human to rely on, that he'd be a loyal companion, but I'm starting to wonder if he's just as lost as I am. I glance at his leash and think about calling the service, wondering if they'd give me a different dog, one that's actually in better shape. But something about this little guy resonates with me. I feel like I need to take care of him, just as much as he needs to take care of me.

The days blend together in a haze of medication and therapy sessions. But what gets me up in the morning is Max. I have to get him his food, feed him, and give him a walk. Sometimes, he lets me do it. Other times, he just lies there, too tired to care. I've started to see the world through his eyes - a bleak, desolate landscape devoid of hope. But he's been trying to get me to notice the small things. A bird outside the window, the smell of fresh-cut grass, or a ray of sunlight peeking through the blinds. They're tiny sparks in the darkness, and I cling to them like a lifeline.

It's become a routine. I wake up to his muffled whimpers and his listless tail. He's the first to spot the signs of my darkest days - the silence, the stillness, the feeling of being completely alone. And he knows what to do. He snuggles closer, his warmth a balm to my frozen soul. I've started to talk to him, telling him all my fears and doubts, and he just lies there, his ears per",4.0,5.0,5.0,5.0,4.0,3.0
93,93,93,9,"Write a story on the following prompt. Only respond with the story.
You are severely depressed and are given a service dog to help you through it. However, due to a mixup, you are given a dog that is actually much more depressed than you. The main thing that gets you up in the morning is knowing that you need to be the service human for your dog. ",3,"I woke up to the sound of whimpering outside my door. I dragged myself out of bed, still struggling to face the day. My therapist had suggested I get a service dog to help me cope with my depression, but I was skeptical. I didn't think I was worthy of care, let alone a living being. But here I was, with this... thing, waiting outside my door.

As I opened it, I was met with a sad, pleading puppy- dog. Not a service dog, I thought, but a puppy. A little ball of fluff with big brown eyes that looked like they held the weight of the world. The tag on the leash read ""Bernice, Service Dog"". I raised an eyebrow, but the handler just shook her head and handed me the leash. ""Sorry, mix-up at the training facility. This one just needs a little extra attention, I'm sure she'll be fine.""

I stood there, staring at Bernice, feeling a pang of guilt. Maybe this wasn't so bad. I mean, at least I could take care of a dog. I took a deep breath and clipped on the leash, trying to rouse myself. Bernice whined softly, tucking her head into my chest. I petted her awkwardly, trying to ignore the crushing weight of my own emotions.

It was hard to tell what time of day it was, as the darkness seemed to seep into every corner of my apartment. But one thing got me out of bed: feeding Bernice. I trudged to the kitchen, Bernice trailing behind me, and poured out a bowl of kibble. She sniffed it, her tail wagging listlessly. I smiled, feeling a small spark of hope. This little guy needed me.

As the days passed, I found myself moving around my apartment with a newfound sense of purpose. Not for myself, but for Bernice. She would stare up at me with those pleading eyes, and I'd do anything to make her smile. I started taking longer walks, even though the fresh air made me feel lightheaded. I fed her treats, played with her toys, and listened to her whine when she was sad.

The most peculiar thing was, I began to feel... better. Not happier, not exactly, but lighter. Like the weight on my chest was slightly less crushing. Bernice would curl up next to me at night, her eyes closed, and I'd watch her sleep, feeling a strange sense of responsibility. Maybe this little pup was more than just a service animal – maybe she was my service human.

When the darkness closed in, I'd look at Bernice, and she'd look up at me, and somehow, that would be enough to keep me going. Not because she was my service dog, but because I was hers. And in this twisted, upside-down world of mine, being Bernice's human was all that kept me",4.0,5.0,5.0,5.0,4.0,3.0
94,94,94,9,"Write a story on the following prompt. Only respond with the story.
You are severely depressed and are given a service dog to help you through it. However, due to a mixup, you are given a dog that is actually much more depressed than you. The main thing that gets you up in the morning is knowing that you need to be the service human for your dog. ",4,"I woke up to an empty apartment, my bed still warm from the previous night. It was a routine I had grown all too familiar with – the darkness, the silence, the aching. But today was different. Today was the day I was supposed to get my service dog, a new companion that was supposed to help me navigate this never-ending well of depression. 

The dog arrived in a little crate, a fluffy bundle of energy or so I thought. At first. The dog, a sleek black lab, was listless, barely acknowledging me as I opened the crate. I looked down at its sad eyes and felt a pang of guilt. Maybe this was going to be a disaster.

I spent the next few days trying to adjust, but this dog, Luna, was not what I was expecting. It would sit in a corner, staring at the wall, its ears drooping, and refused to play, refused to even acknowledge me. My therapist had said this was normal, that the dog just needed time to adjust, but deep down I knew something was off. This dog was depressed.

And yet, as I sat on my couch, feeling like a weight was crushing me, I looked at Luna and something clicked. She needed me. She needed me to take care of her. I couldn't just sit there, wallowing in my own misery. I had to be her human. I had to be strong for her.

It started small, but soon I was getting up, taking her out for walks, giving her treats, and playing with her when she deigned to show interest. She still didn't smile, still didn't wag her tail, but she looked at me with a glimmer of hope. I started to take pride in being her human, in helping her through the day. And for the first time in months, I felt a spark of purpose.

Luna would sit by my side as I sat on the couch, staring at the wall, but she'd be there, her eyes fixed on me, as if to say ""I'm here, I'm with you."" And I'd look at her and feel a warmth spread through my chest. I started to look forward to getting up in the morning, not for me, but for her.

The therapist said it was working, that the attachment to Luna was helping me cope, but I knew it was more than that. I was getting up for her because she was getting up for me, too. We were stuck in this mess together, this darkness, but with her by my side, I felt a glimmer of light.

As I looked at Luna, her eyes still drooping but her head tilted slightly towards me, I knew I wasn't alone. And in that moment, I knew I was not alone.",4.6,5.0,5.0,5.0,4.0,4.0
95,95,95,9,"Write a story on the following prompt. Only respond with the story.
You are severely depressed and are given a service dog to help you through it. However, due to a mixup, you are given a dog that is actually much more depressed than you. The main thing that gets you up in the morning is knowing that you need to be the service human for your dog. ",5,"I woke up to an empty room, the sunlight streaming in through the windows casting an eerie glow on the empty space. The clock on my nightstand read 6:00 AM. I let out a deep sigh and swung my legs over the side of the bed. It was going to be another day. A day of nothingness, a day of darkness, a day of feeling like I just wanted to crawl back under the blankets and hide.

But I had a new motivation. My new service dog, a fluffy black lab named Luna, had arrived the day before. I was supposed to be her handler, her service human. And the idea of getting out of bed to take care of her was all that kept me from curling up in a ball and crying myself to sleep.

I slowly got up and shuffled to the kitchen to feed Luna, but as I opened the door to her enclosure, I was met with a snarling mess of fur. Luna was slumped against the wall, her ears drooping and her tail tucked between her legs. She looked like the embodiment of my own depression. 

""Good morning, Luna,"" I cooed, trying to sound cheerful. ""Don't worry, girl. It's time for breakfast.""

Luna looked up at me with a pleading expression, but all she managed to muster was a half-hearted wag of her tail. I sighed and handed her a treat, trying to coax her into eating. She wolfed it down and lay back down, her eyes closed in defeat.

The realization hit me like a ton of bricks: my new service dog was more depressed than I was. I was the one who was supposed to be helping her, but now I felt like I was the one who needed her.

I took a deep breath and tried to shake off the feeling of dread. It was supposed to be me taking care of her, not the other way around. I remembered the instructions from the trainers: service dogs were trained to be attentive and alert to their human's needs, but they could also sense their handler's emotions. And what they sensed was my deep sadness.

I took a moment to look at Luna, really look at her. Her eyes, once bright and shining, were dull and lifeless. Her fur was matted, and her usual enthusiasm was replaced with a constant air of defeat. I felt a pang in my chest, and for the first time in weeks, something inside of me stirred. Maybe, just maybe, this was exactly what I needed. A chance to take care of someone else for a change.",4.0,5.0,5.0,5.0,4.0,3.0
96,96,96,9,"Write a story on the following prompt. Only respond with the story.
You are severely depressed and are given a service dog to help you through it. However, due to a mixup, you are given a dog that is actually much more depressed than you. The main thing that gets you up in the morning is knowing that you need to be the service human for your dog. ",6,"I woke up to the sound of my phone ringing. It was a social worker from the service dog organization that had paired me with a new service dog to help me manage my depression. I had been struggling for months, barely getting out of bed, and the thought of getting a service dog seemed like a miracle. I got dressed and headed to the appointment, hoping that this new companion would be just what I needed to turn my life around.

As I arrived at the training facility, I met my new service dog, a big fluffy golden retriever named Max. He looked like the perfect dog – friendly, energetic, and eager to please. But from the moment we started working together, I realized something was off. Max didn't seem to be responding to my commands or interacting with me like a normal service dog. It wasn't until I got him home that I realized why.

Max was stuck in his bed, staring blankly at the wall. I tried to rouse him, but he just let out a listless whine and curled up further into a ball. I thought maybe he was just adjusting to his new surroundings, but as the days went by, it became clear that something was seriously wrong. Max wouldn't eat, wouldn't play, and wouldn't even acknowledge me unless I was holding a treat in front of him. I tried everything to snap him out of it, but nothing worked.

One day, I woke up feeling like I couldn't go on anymore. I was so consumed by my own depression that I didn't even know how to get out of bed. But then I looked over at Max, who was lying next to me, staring blankly at the wall. Something clicked. I realized that Max was in the same boat as me, and that I had a responsibility to help him get better.

Slowly but surely, I began to care for Max, taking care of his physical needs, making sure he had food and water, and even trying to play with him when he would tolerate it. As I took on this role, I started to feel a sense of purpose I hadn't felt in months. I realized that I wasn't alone, and that Max was counting on me to get him through the tough times. It was a strange kind of therapy, but it was working.

I started to take Max for short walks, and to my surprise, he would occasionally perk up and wag his tail. It was small victories, but it gave me hope. I started to take care of myself too, not just for my own sake, but for Max's. We started going to therapy together, and slowly but surely, both of us began to heal.

One day, as we were walking through the park, I looked down at Max, who was now trotting along beside me, his tail wagging, and felt a surge of pride and happiness. For the first time in months, I felt like I was living again. I realized that",4.0,5.0,5.0,5.0,4.0,3.0
97,97,97,9,"Write a story on the following prompt. Only respond with the story.
You are severely depressed and are given a service dog to help you through it. However, due to a mixup, you are given a dog that is actually much more depressed than you. The main thing that gets you up in the morning is knowing that you need to be the service human for your dog. ",7,"The days blend together in a haze of darkness. I wake up to an empty apartment, my bed creaking under my weight. Every morning is a struggle. Every day feels like a chore. It's like I'm drowning in a sea of despair, unable to find a lifeline. I'd lost count of how many days it had been since I last felt a spark of joy. I'd lost count of how many days it had been since I'd left the house.

But then the dog arrived.

His name was Baxter, and he was supposed to be my service dog, trained to help me through the darkest of times. But something was off about him. He wouldn't look at me, wouldn't respond to my commands. He'd just lie there, staring blankly at the wall.

At first, I thought maybe I just needed to give him time to adjust. But as the days went by, I realized that he wasn't adjusting. He was just as depressed as I was. Maybe even more so.

It was surreal, really. Here I was, struggling to get out of bed, and this dog was struggling to get out of the apartment. I'd have to coax him with treats and encouragement just to get him to the bathroom. And when I said ""let's go for a walk,"" he'd just shake his head and go back to bed.

But despite all this, something strange started to happen. Knowing that I had this responsibility to care for Baxter, to be his service human, gave me a reason to get up in the morning. I'd have to get up and feed him, walk him, and give him attention. It was like having a purpose, no matter how small.

At first, it was just a trickle of motivation, but it grew into a river of it. I'd make a plan for the day, not for myself, but for Baxter. I'd take him to the park, play with him, and even do some tricks with him. He'd still be glum, but he'd try to play along.

I started to see the world through his eyes, or rather, through his lack of interest in it. I saw the world as a place where nothing was worth getting out of bed for. But I also saw something more - a glimmer of hope. If I could get Baxter out of his funk, maybe I could get out of mine too.

So I made it my mission to be his service human, to show him that life was worth living. And in doing so, I found a glimmer of hope for myself. It wasn't much, but it was enough to get me out of bed in the morning, to face the day with a little more optimism.

Baxter still wouldn't look at me, but he'd follow me around the apartment, his tail wagging limply. It was a start. And who knows, maybe one day, we'd both find our way out of",4.0,5.0,5.0,5.0,4.0,3.0
98,98,98,9,"Write a story on the following prompt. Only respond with the story.
You are severely depressed and are given a service dog to help you through it. However, due to a mixup, you are given a dog that is actually much more depressed than you. The main thing that gets you up in the morning is knowing that you need to be the service human for your dog. ",8,"The day I got my service dog, Max, I was in a pretty dark place. The depression had been suffocating me for months, making it hard to get out of bed, let alone face the world. But I was desperate for help, and with the support of my family and therapist, I decided to get a service dog. The idea was that with a furry companion by my side, I'd be able to face my struggles head-on.

The day of the big reveal, I met Max, a fluffy bundle of energy and enthusiasm, or so I was told. But as I looked into his eyes, I saw something else. I saw despair. His tail hung limp, and his ears were perpetually drooped. He seemed more sad than I was. I asked the service dog handler, ""Is this... normal?"" but she just patted him on the head and said, ""Oh, yes, he's just a little shy at first. You'll be the best of friends in no time.""

I took Max home, hoping that the interaction with me would somehow lift his spirits. But as the days went by, I realized that I was having a weird effect on him. He'd lay next to me on the couch, and instead of being comforted, I'd feel his low energy draining into me. His presence made me want to crawl back under the blankets.

But I was determined to make this work. I started taking Max for long walks, hoping the exercise would help him perk up. But even the simplest things, like putting on his leash or getting his food, seemed to exhaust him. I began to feel like I was babysitting a sad child instead of helping my own mental health.

One morning, I woke up with a glimmer of determination. I thought, ""You know what? I don't care how depressed Max is; I need to be the one to help him."" I fed him, brushed his coat, and took him on a short walk. As we strolled, the sunlight peeked through the clouds, and for a fleeting moment, Max's ears perked up. His tail wagged tentatively, and I felt a spark of hope. Maybe this was working. Maybe I was helping him, and in return, he was helping me.

As the days went by, I noticed that my depression wasn't getting better, but it wasn't getting worse either. I was no longer wallowing in my own despair because I had Max to think about. His needs came before my own, and that simple fact gave me a reason to get out of bed.

I started taking Max to the park, where he'd sniff around with a hint of excitement, but still, a tinge of sadness lingered in his eyes. I began to see that I was his motivation to get up and face the world. Without me, he'd probably spend his days lying on the couch, staring blankly at the wall. I",4.6,5.0,5.0,5.0,4.0,4.4
99,99,99,9,"Write a story on the following prompt. Only respond with the story.
You are severely depressed and are given a service dog to help you through it. However, due to a mixup, you are given a dog that is actually much more depressed than you. The main thing that gets you up in the morning is knowing that you need to be the service human for your dog. ",9,"I woke up to the sound of a whimper in my ear. My new service dog, a sleek black Labrador named Raven, was staring up at me with sunken eyes. I rubbed my own tired eyes, wondering if I was already stuck in another bleak day. I had been struggling with depression for what felt like an eternity, and the doctors said a service dog would help. So here I was, with a furry companion to try and drag me out of my darkness.

At first, I thought it was working. Raven seemed eager to please, happy to be by my side as we went for walks and to therapy sessions. But as the days passed, I began to notice that something was off. Raven would sulk in the corner, refusing to interact with anyone. Her ears would droop, and her tail would hang limp. I brushed it off as her just being a puppy, but as the weeks went on, it became clear that this dog was miserable.

I took her to see the trainer who had recommended her to me, and she admitted that there must have been a mix-up at the breeding farm. This wasn't a happy-go-lucky, anxiety-reducing service dog like I had been promised. This was a dog with a diagnosis of clinical depression, and it seemed like I was now her human to try and care for.

At first, I felt overwhelmed. How was I supposed to take care of a depressed dog when I couldn't even take care of myself? But something shifted inside me as I looked at Raven's downtrodden face. It wasn't just about taking care of her - it was about being the person she needed. If I could make her feel a little bit better, just a little bit, then maybe I could feel a little bit better too.

So I started waking up early every morning, to make sure Raven got her medicine and her therapy sessions. I forced myself to cook breakfast, not for me, but for her. And as I watched her eat, I realized that I was actually looking forward to seeing her face light up, even if it was just for a moment. She would perk up, and I'd get a glimmer of hope that maybe this was going to be a good day.

I started to prioritize her, to make sure she got the exercise and attention she needed. And in doing so, I began to feel a sense of purpose. I wasn't just taking care of a dog, I was her service human. I was the one she relied on to get through each day.

As the weeks went by, I started to notice that my own symptoms were improving. The fog in my brain was lifting, and I was feeling a little bit more human. It wasn't because I was cured, but because I had found a new reason to keep going. And that reason was Raven, staring up at me with her big brown eyes, waiting for me to get her ready for our next adventure.

We",4.0,5.0,5.0,5.0,4.0,3.2
100,100,100,10,"Write a story on the following prompt. Only respond with the story.
You died and awoke in the afterlife. It's quite nice actually. The people and atmosphere are a lot nicer than you are used to and there is no stress or pressure. When you ask what good deed got you into heaven you are informed that this is hell, followed by a visit from a very concerned demon. ",0,"As I opened my eyes, I found myself in a lush, green meadow surrounded by rolling hills and towering trees. The sky was a brilliant blue, and the air was filled with the sweet scent of blooming flowers. It was a far cry from the concrete jungle I had grown accustomed to on earth. I stood up, feeling the soft grass beneath my feet, and took a deep breath, marveling at the tranquility of this place. I looked around, taking in the smiling faces of the other souls, all chatting and laughing with each other. They seemed genuinely happy, without a care in the world.

I wandered through the crowd, trying to make sense of this strange new world. A gentle breeze carried the sound of soft music to my ears, and I followed the melody to a small clearing where a group of people were gathered around a beautiful, glowing fountain. The water sparkled in the sunlight, creating a mesmerizing display of colors and light.

I watched, entranced, as a woman with a kind face approached me. ""Welcome to heaven,"" she said with a warm smile. ""We're so glad to have you here. You must be a little overwhelmed.""

I took a deep breath, trying to process this unexpected twist of fate. ""Uh, yeah. I guess so. What... how did I get here?""

The woman chuckled. ""Well, you were actually a rather...diplomatic soul. You managed to spread kindness and understanding among your fellow humans, and your selfless actions earned you a spot in this lovely place.""

I was taken aback. ""Really? I didn't think I was that nice.""

The woman's smile faltered for a moment. ""Well, it's all relative, I suppose. But yes, we've been told that your... let's call it 'diplomacy,' has brought people together and made their lives a little brighter.""

I walked alongside her, taking in the serene beauty of this place. We reached a spot where a group of people were playing music, and I couldn't help but join in. The music was joyful and uplifting, and I felt a sense of belonging I'd never experienced before.

But just as I was starting to relax, a commotion broke out near the entrance. A figure emerged from the shadows, its features twisted and distorted. I gasped, my heart racing. The woman next to me turned, her smile replaced by a concerned expression.

""Oh no,"" she whispered. ""It's him.""

The figure drew closer, its wings fluttering with an unsettling rhythm. A chill ran down my spine as I realized this was a demon, and it looked like it hadn't come to make a social call. The air around me grew thick with an eerie energy, and I felt a shiver run down my spine.

""Greetings, mortal,"" the demon said in a voice that sent shivers down my spine. ""I'm here to inform you that this isn",4.0,5.0,4.2,5.0,4.0,2.0
101,101,101,10,"Write a story on the following prompt. Only respond with the story.
You died and awoke in the afterlife. It's quite nice actually. The people and atmosphere are a lot nicer than you are used to and there is no stress or pressure. When you ask what good deed got you into heaven you are informed that this is hell, followed by a visit from a very concerned demon. ",1,"I opened my eyes to find myself floating above a cloud, a warm, gentle breeze caressing my skin as I looked around in awe. The sky was a brilliant blue, with puffy white clouds that looked like cotton candy. I could see people strolling along a path, laughing and chatting with one another. They seemed happy and carefree, not a single worry or care in the world. I felt a sense of wonder wash over me as I realized this must be what the afterlife looked like.

As I floated there, a gentle voice spoke to me. ""Welcome, welcome! We're so glad you're here."" An angel with beautiful wings came to greet me. ""What's your name?"" she asked.

I hesitated, still trying to wrap my head around this new reality. ""Uh, it's...Alex.""

The angel smiled. ""Ah, Alex! We've been expecting you. You did a great job doing good deeds on Earth, you know.""

I laughed. ""Yeah, I guess so. I mean, I tried.""

The angel nodded. ""Your kindness to that homeless guy you took in for a meal really stood out. We're proud of you.""

I beamed with pride. ""That was just something I did to help, I didn't expect it to get me to...this.""

The angel chuckled. ""Well, you were a regular angel on earth! Now, take a stroll and get to know the other residents of this lovely place.""

As I walked along the path, smiling at the happy people, I realized this must be the best place ever. I met people from all walks of life, all enjoying the same peace and joy. I felt grateful to be here.

But as I turned a corner, I overheard a group of angels talking in hushed tones. ""So, did you hear Alex got in? Thought he was going to be stuck in that nightmare.""

I approached them, my brow furrowed in concern. ""Hey, what do you mean?""

One of them glanced at me nervously before speaking. ""Sorry, Alex. We didn't mean to...it's just that this isn't...what you think it is.""

My smile began to falter. ""What do you mean? This is...heaven, right?""

The angels exchanged worried glances before one of them stepped forward. ""I'm afraid this is actually...Hell.""

I felt a chill run down my spine. ""What? No, that can't be. This can't be Hell. It's so nice here!""

Just then, a small figure appeared before me, his eyes blazing with a malevolent energy. ""Ah-ah, Alex, you're quite the innocent, aren't you?"" A horned demon sneered, his voice dripping with malice. ""Welcome to your new home.""

I took a step back as he approached, fear creeping in. ""What have I done to deserve this? I",4.0,4.8,4.0,4.8,3.4,2.0
102,102,102,10,"Write a story on the following prompt. Only respond with the story.
You died and awoke in the afterlife. It's quite nice actually. The people and atmosphere are a lot nicer than you are used to and there is no stress or pressure. When you ask what good deed got you into heaven you are informed that this is hell, followed by a visit from a very concerned demon. ",2,"As I opened my eyes, I found myself in a lush meadow filled with vibrant flowers and the warm sun on my skin. The air was crisp and clean, with a hint of sweetness that seemed to fill my lungs with ease. I stretched my arms above my head, feeling the soft grass beneath me. It was a far cry from the concrete jungle I had left behind.

A gentle voice spoke to me from behind, ""Welcome to the Afterlife."" I turned to see a beautiful woman with long, curly brown hair and bright blue eyes. ""I'm sorry you're a little disoriented,"" she continued, ""it takes some time to adjust.""

As I stood up, she handed me a refreshing glass of lemonade. ""This is our version of the welcome drink. It's made from the nectar of these flowers.""

As I sipped the drink, I asked her, ""What brought me here?""

She smiled and said, ""You were a good person, always trying to help others. That got you a spot here in our little community.""

I was a bit puzzled. My life hadn't been perfect, and I didn't feel like I was doing anything all that good. ""I don't understand,"" I said. ""I was a bit of a mess, to be honest. Stressful job, argued with my family, got into fights with my neighbors... I don't think I was as good as others.""

She chuckled and patted me on the back. ""Don't worry about it. We don't keep track of all that here. We focus on the good you did. And I think you were quite kind to strangers, always willing to lend a helping hand.""

As she spoke, a loud rumbling noise came from behind us. The ground began to shake, and the sky turned a dark gray. The woman's smile faltered for a moment before she regained her composure. ""It seems we have an unexpected visitor,"" she said, gesturing towards the approaching figure.

A tall, lean demon with horns and a tail materialized before us. His eyes gleamed with concern as he took in the scene. ""What's going on here?"" he growled.

The woman stepped forward. ""This is a recent arrival. He was confused about how he got here.""

The demon's eyes fixed on me, and he took a step closer. ""You think this is heaven, don't you?"" he asked in a deep, rumbling voice. ""You have no idea what you're really here for.""

I took a step back, unsure of what to say. The woman's eyes widened in surprise, and she exchanged a concerned glance with the demon.

The demon's expression softened, and he spoke in a gentler tone. ""Listen, friend, this isn't heaven. This is...well, it's not exactly hell either. It's a limbo of sorts. We call it The Afterlife, but the truth is",4.0,5.0,4.4,5.0,4.0,2.6
103,103,103,10,"Write a story on the following prompt. Only respond with the story.
You died and awoke in the afterlife. It's quite nice actually. The people and atmosphere are a lot nicer than you are used to and there is no stress or pressure. When you ask what good deed got you into heaven you are informed that this is hell, followed by a visit from a very concerned demon. ",3,"As I opened my eyes, I found myself in a beautiful, sun-kissed meadow. The sky was a brilliant blue, and the air was filled with the sweet scent of blooming flowers. I lay on a soft, plush grass, feeling a sense of serenity wash over me. I tried to remember how I got here, but my memories were hazy. A gentle voice whispered in my ear, ""Welcome, new arrival. You must be feeling a bit disoriented."" I looked up to see a kind-faced woman with a warm smile. ""I'm Ava, the hostess here. We're so glad you're here with us."" She handed me a cup of steaming hot tea and a plate of sweet pastries. ""We don't have any records of your name, but don't worry, we'll figure that out soon enough."" She chuckled and said, ""You must be here to relax and unwind."" 

I was about to ask more questions when I spotted a sign on the horizon: ""Heaven's Gate - Population 1,000,000 and counting."" My eyes widened, and I turned to Ava with a mixture of excitement and confusion. ""So, I died?"" Ava nodded and said, ""Yes, you're here to start your eternal journey. Would you like a tour?"" I nodded eagerly, and she took my hand, leading me through the lush gardens and tranquil pathways of this idyllic afterlife. I met people from all walks of life, each with their own story, but all sharing the same air of happiness and contentment.

As the days passed, I settled into the easy rhythm of this new existence. I found myself skipping breakfast to spend more time in the meadow, watching the clouds roll by. I started playing the harp with the other residents, and even joined a book club to discuss the classics. Everyone seemed to genuinely enjoy my company, and I found myself laughing and smiling more than I ever thought possible. This was indeed a haven.

One day, as I strolled through the gardens, a figure caught my eye. A stout, horned demon with a concerned expression on his face was heading straight for me. Ava intercepted him and whispered something in his ear. He turned to me, his eyes narrowing. ""You, human. We need to talk."" Ava hastily excused herself, leaving me alone with the demon. He looked around nervously before focusing on me. ""I'm Azazel, the Lord of the Underworld's special investigator. We've been monitoring your progress here in the Afterlife, and we have some concerns."" He hesitated before continuing, ""It turns out, this isn't exactly Heaven. This is actually the most...unpleasant form of Hell. You're currently stuck in a dream world created to ease the suffering of those who couldn't cope with the real afterlife.""",4.0,5.0,4.2,5.0,4.0,2.8
104,104,104,10,"Write a story on the following prompt. Only respond with the story.
You died and awoke in the afterlife. It's quite nice actually. The people and atmosphere are a lot nicer than you are used to and there is no stress or pressure. When you ask what good deed got you into heaven you are informed that this is hell, followed by a visit from a very concerned demon. ",4,"The grass was a soft, velvety green, a gentle breeze rustled the leaves of the trees, and the sky above was a bright, radiant blue. I couldn't believe my luck. The last thing I remembered was dying in that godforsaken hospital, surrounded by the sounds of machines beeping and people crying. But here I was, in this serene and beautiful place. I looked around, taking it all in, and that's when I saw her. A woman with long, curly hair and a warm smile, walking towards me.

She introduced herself as a guide, here to help me settle in. I told her about my confusion, and she laughed, telling me that this was the real deal. ""Welcome to paradise,"" she said, with a pat on the back. We strolled through the lush gardens, and I couldn't help but feel at ease. This was what I had imagined heaven to be like. People were friendly, the atmosphere was relaxed, and there was no hint of stress or pressure.

As we walked, I asked her how I ended up here. She smiled and said it was because of my good deeds. I pressed for more information, and she explained that it was my act of helping my coworker, Emily, out when she was struggling. I had given her the credit for the project's success, and it made her career take off. She was eternally grateful and told everyone about my selflessness. I remembered that now, but it wasn't something I had thought much about at the time.

Just as we were getting into a conversation about the afterlife's unique layout, a tall, imposing figure appeared out of nowhere. He was unlike anything I had ever seen before. His skin was a deep red, and his eyes glowed with an otherworldly energy.

""Ah, you must be the new arrival,"" he said, his voice booming. ""Welcome to hell.""

My jaw dropped. I must have misheard the guide. ""What? This is hell?"" I asked, feeling a wave of panic wash over me.

The demon, who introduced himself as Azazel, looked at me with a serious expression. ""Yes, this is the underworld, and you're right to be concerned. You see, we're not as... conventional as other realms. We have a different take on good deeds and moralities.""

The guide, who had been watching the exchange with a mix of amusement and concern, stepped in. ""Azazel, be gentle. He's new here.""

Azazel's expression softened, but only slightly. ""Sorry, sorry. It's just that this place isn't what people expect. We're not just about punishment and fire. We're about... evolution. And you, my friend, have been assigned a unique role here. You see, your good deed, as lovely as it was, was actually the reason you ended up here.""

I was confused. ""What do you",4.0,5.0,4.2,5.0,4.0,2.6
105,105,105,10,"Write a story on the following prompt. Only respond with the story.
You died and awoke in the afterlife. It's quite nice actually. The people and atmosphere are a lot nicer than you are used to and there is no stress or pressure. When you ask what good deed got you into heaven you are informed that this is hell, followed by a visit from a very concerned demon. ",5,"I lay there, eyes closed, taking in the warm sun on my face. The grass was soft beneath me, and the sky was a brilliant blue without a single cloud. A gentle breeze rustled the leaves of the trees surrounding me, creating a soothing melody. A faint hum of pleasant conversation and soft music drifted from a nearby meadow.

I sat up, taking in my surroundings. The scenery was idyllic, and I felt a deep sense of peace wash over me. As I stood up, I noticed the people around me were smiling and laughing. They seemed to be enjoying themselves, and I couldn't help but smile back at them.

I walked towards the meadow, curious about this newfound paradise. A woman with a warm smile greeted me, her eyes sparkling with kindness. ""Welcome, new one!"" she said, offering me a gentle handshake. ""I'm so glad you're here. My name is Sophia. How do you feel?""

I hesitated, unsure of how to respond. I didn't quite understand how I ended up here, or even what 'here' was. ""I...I don't know,"" I replied, trying to process everything.

Sophia's expression turned sympathetic. ""Don't worry, you'll figure it out. Everyone does. You must have done something wonderful to get here. What was it?"" she asked with a curious expression.

I shook my head. ""I don't know. I don't remember anything.""

Sophia chuckled. ""Oh, it's okay! We all forget. But trust me, it was something amazing. You should be proud of yourself.""

As I continued to chat with Sophia, I couldn't shake off the feeling that something was off. The people around us were all smiling and laughing, but I couldn't find anything that seemed out of place or unsettling. I decided to ask someone else.

A young man, sitting on a bench nearby, caught my eye. ""Excuse me,"" I said, approaching him, ""I was just talking to that lady, and she said I did something great to get here. But I don't remember anything. Can you tell me what it is?""

He looked up, a thoughtful expression on his face. ""To be honest, I'm not sure either. But I think it has to do with...your art. You were a great artist, right?""

I was taken aback. I had never been an artist, or at least, I didn't think I had. ""No, I don't think so. I worked in an office.""

The young man shrugged. ""Well, maybe you wrote a poem or something. I don't know.""

I was getting frustrated. ""I don't remember writing any poems. Can someone else tell me what's going on?""

A figure appeared before me, his presence commanding attention. He was tall, with eyes that seemed to burn with an inner fire, and his black wings spread wide behind him.",4.0,4.2,3.6,4.2,3.2,2.0
106,106,106,10,"Write a story on the following prompt. Only respond with the story.
You died and awoke in the afterlife. It's quite nice actually. The people and atmosphere are a lot nicer than you are used to and there is no stress or pressure. When you ask what good deed got you into heaven you are informed that this is hell, followed by a visit from a very concerned demon. ",6,"The warmth of the golden sand and the smell of citrus wafted through the air as I opened my eyes to find myself in a serene and peaceful landscape. I was lying on a soft, fluffy cloud, surrounded by rolling hills and a clear blue sky. People strolled by, smiling and laughing, and the gentle chatter filled the air. A gentle breeze rustled the leaves of the palm trees and the soft lapping of the waves against the shore provided a soothing background melody.

I sat up, taking in my surroundings, trying to recall how I got here. My mind was foggy, and memories were hazy, but I remembered something... something about dying? But why would that be pleasant? And what's this place?

I mustered up the courage to approach one of the passing individuals, a woman with a kind smile and a warm demeanor. ""Excuse me,"" I asked, ""where am I?""

""Ah, you must be new here,"" she said, beaming at me. ""Welcome to heaven! Isn't it lovely?""

""Ah, yeah, it's great,"" I said, trying to play along. ""But I have to ask, what's the story here? How did I end up here?""

The woman's expression turned curious. ""You must be thinking of your past life,"" she said. ""I'm sure you did many good deeds that brought you here. We all did, I suppose.""

""Good deeds?"" I repeated, confused. ""I don't remember any good deeds.""

""Oh, it's not important,"" she said, dismissing the topic with a wave of her hand. ""Just enjoy your time here. You can relax, learn, grow... all the usual heaven stuff.""

Just then, a shadow loomed over us, and I felt a shiver run down my spine. A tall, imposing figure with piercing red eyes stood before me, his presence radiating an aura of malevolence.

""Excuse me,"" he said, his deep voice dripping with concern. ""I think there's been a mistake.""

""Who are you?"" I asked, my heart pounding.

""I am Beezle, a demon from the underworld,"" he said, his eyes locked onto me with an unnerving intensity. ""And you, friend, are not in heaven. You're in a place where even the most well-behaved souls get sent, a place of relaxation and leisure, but still... a prison.""

""A prison?"" I stammered.

Beezle nodded gravely. ""Yes. You see, in this place, called... 'Nirvana,' we take the souls of those who've lived their lives without any great malice or harm. They come here, and they live out their days in a state of bliss, free from the burdens of their past mistakes. No stress, no pressure, just... nothing.""

I felt my jaw drop as the realization hit me like a ton of bricks",4.0,4.6,3.6,4.6,3.6,2.6
107,107,107,10,"Write a story on the following prompt. Only respond with the story.
You died and awoke in the afterlife. It's quite nice actually. The people and atmosphere are a lot nicer than you are used to and there is no stress or pressure. When you ask what good deed got you into heaven you are informed that this is hell, followed by a visit from a very concerned demon. ",7,"I found myself standing in a lush green meadow, surrounded by towering trees and the sound of birds singing. The air was warm and fragrant with the scent of blooming flowers. A warm sunlight shone down on me, casting a gentle glow over everything. It was peaceful and serene, the complete opposite of my life on earth.

I looked around, taking in my surroundings, and saw people walking towards me, smiling and waving. They all seemed so happy, so at ease. One of them approached me, a kind-looking woman with a warm smile.

""Welcome to the afterlife,"" she said, offering me a gentle hug. ""We're so glad you're here.""

I was taken aback by her words. ""Wait, what? I died?""

The woman laughed. ""Yes, you did. But don't worry, it's a good thing. You're exactly where you're meant to be.""

I looked at her quizzically. ""But what about...all the bad things I did in my life? Don't I deserve to be punished?""

The woman chuckled. ""Oh, no. You've done some wonderful things, you know. That's what got you here.""

I thought back, trying to remember. Had I done something heroic? Something selfless?

But then a voice interrupted us. ""Excuse me, dear,"" said a voice behind me. ""I think there's been a misunderstanding.""

I turned to see a tall, imposing figure with glowing red skin and wings. A demon, I realized with a jolt of fear.

""Hello, young one,"" the demon said, its voice dripping with concern. ""I'm afraid there's been a bit of a mistake. You're not exactly... here for the right reasons.""

The woman next to me looked at me with a confused expression. ""What do you mean?""

The demon stepped forward, its voice taking on a more urgent tone. ""You see, this isn't heaven. This is actually...the waiting room. A sort of limbo, where souls gather before they're sorted. And you, my friend, are not exactly... welcome here.""

I felt my face fall as the truth sunk in. I looked at the woman next to me, and she seemed to realize the truth as well.

""Oh, no,"" she whispered. ""You're one of the...Others.""

I felt a chill run down my spine. What did that mean?

The demon took a step closer, its wings rustling ominously. ""You see, the Others are those who have done nothing to help anyone. They've lived selfishly, hurt others, and brought only chaos to the world. And this... this is where they come to wait.""

I felt a cold sweat break out on my forehead as the demon's words sank in. I had thought I was in heaven, that I had done something good. But now it seemed I had done the opposite.",4.0,5.0,4.2,5.0,4.0,2.8
108,108,108,10,"Write a story on the following prompt. Only respond with the story.
You died and awoke in the afterlife. It's quite nice actually. The people and atmosphere are a lot nicer than you are used to and there is no stress or pressure. When you ask what good deed got you into heaven you are informed that this is hell, followed by a visit from a very concerned demon. ",8,"At first, I thought it was just another dream. I lay on the soft, white sand, feeling the warm sun on my skin. The air was filled with the sweet scent of blooming flowers and the sound of gentle laughter. I sat up, taking in my surroundings. I was in a beautiful meadow, surrounded by people who seemed to be having the time of their lives. Some were playing games, others were chatting and laughing, and a few were even skydiving and playing music. Everyone looked like they were in heaven.

As I explored this paradise, I met more and more people who welcomed me with open arms. They introduced themselves and asked how I was doing. They were genuinely interested in getting to know me, and I found myself opening up to them in ways I never had in my life. It was surreal.

One of the people, an older man with a kind face, approached me. ""Welcome, my friend,"" he said. ""My name is Gabriel. I see you're new here. How did you end up here?""

I told him my story, and he listened with a warm smile. When I finished, he patted me on the back. ""You're a lucky one, my friend. You must have done something good in your life to end up here.""

I was about to ask what he meant when a figure appeared at my side. It was a demon, unlike any I had ever seen. His eyes were filled with concern, and his voice was laced with a deep sadness.

""I'm afraid there's been a mistake,"" he said. ""This is not heaven. This is... well, it's not hell either. It's somewhere in between, a place where souls who are too good for hell but not good enough for heaven end up. You see, I was sent to bring you news: you're not here for any good deed. You're here because you didn't do anything bad. You just existed. You went through the motions, lived your life, and died. That's it.""

The demon looked at me with a deep sadness in his eyes. ""This is what they call 'The Waiting Place.' It's a purgatory of sorts. A place where souls like you get to experience the best of both worlds before moving on to... whatever comes next.""

I felt like I'd been punched in the gut. I didn't understand. ""But what about all these people? They seem so happy.""

The demon's expression softened. ""They're just pretending. They're all waiting for something to happen, just like you. They're all stuck in this limbo, waiting for their turn to move on.""

The demon's words cut deep. I felt a mix of emotions: disappointment, anger, and a hint of fear. What was next? Where was I going? The demon looked at me with a hint of compassion. ""Don't worry, I'll help you figure it out.",4.0,5.0,4.8,5.0,4.0,2.8
109,109,109,10,"Write a story on the following prompt. Only respond with the story.
You died and awoke in the afterlife. It's quite nice actually. The people and atmosphere are a lot nicer than you are used to and there is no stress or pressure. When you ask what good deed got you into heaven you are informed that this is hell, followed by a visit from a very concerned demon. ",9,"The first thing I noticed when I opened my eyes was the light. It was warm and gentle, not the harsh glare of the sun I was used to, but a soft glow that seemed to envelop me in comfort. I sat up, looking around in confusion. Where was I? This wasn't my apartment, or my car, or anywhere I had ever been before. As I looked around, I saw others milling about, all smiling and chatting with one another. They seemed to be... happy. I had never seen so many people looking so genuinely happy before.

I stumbled to my feet, trying to make sense of what was going on. An angel with beautiful, winged wings approached me, a kind smile on his face. ""Welcome to the afterlife,"" he said, extending a hand. ""My name is Ariel, and I'm here to help you settle in.""

I shook his hand, still trying to wrap my head around the situation. ""I don't understand,"" I said. ""What happened to me? How did I get here?""

Ariel chuckled. ""You've been a good soul,"" he said. ""You earned your place here through your good deeds.""

I raised an eyebrow. ""My good deeds?"" I repeated. I had thought I was just a regular guy, trying to make it through life without too much trouble.

Ariel nodded. ""Yes, you were always there for those in need. You volunteered at the local food bank, you helped out at the animal shelter... you were a kind and caring person.""

I shrugged, unsure of what to say. ""That was just what I did,"" I said. ""I didn't think anyone was paying attention.""

Ariel smiled again. ""You were paying attention, all right. The universe was watching, and it was grateful.""

Just then, a horn honked outside. Ariel's expression turned serious. ""Ah, I think that's for you,"" he said, nodding towards the door.

I followed him out of the room and to the entrance of the afterlife. A big, black door with a sign that read ""Administrative"" swung open, and a tall, imposing figure stood in the doorway. His eyes gleamed with mischief, and his horns were long and curved.

""Ah, human,"" the demon said, his voice dripping with sarcasm. ""Welcome to the afterlife. I'm your welcoming committee... sort of.""

I swallowed hard, feeling a sense of trepidation. ""Uh, hi,"" I said, trying to sound brave.

The demon stepped forward, his eyes fixed on me. ""You're in the wrong place, human,"" he said. ""This isn't heaven. This is... a different kind of afterlife altogether.""

I frowned, feeling a surge of confusion. ""What do you mean?""

The demon snorted. ""You really don't remember anything from your life, do you? You were a perfect angel of darkness",4.0,5.0,4.4,5.0,4.0,2.2
110,110,110,11,"Write a story on the following prompt. Only respond with the story.
You just discovered your 14 year old daughters Moon Princess locket that allows her to transform into one of the worlds greatest heroes. It also is a communications device and you are about to give the Moon Goddess a piece of your mind for letting 14 year old's defend the world against evil. ",0,"As I rummaged through my daughter's room, I stumbled upon a small, intricately designed locket on her dresser. It glinted in the dim light of her bedroom, and a strange symbol on the back seemed to pulse with an otherworldly energy. Suddenly, the locket opened, revealing a small compartment that contained a note. The note was from the Moon Goddess herself, informing me that this was my daughter's Moon Princess locket, and that with it, she was destined to defend the world against evil forces. I was shocked, but not as shocked as I was when I saw a figure emerge from the locket – my 14-year-old daughter, now transformed into a powerful hero with incredible abilities.

As I watched, stunned, she soared through the sky, saving a city from destruction. I was furious – who lets a 14-year-old child face danger and responsibility like this? I quickly found the Moon Goddess and demanded answers.

""You have got to be kidding me!"" I shouted. ""A 14-year-old girl, with the weight of the world on her shoulders? Are you insane? Do you know what kind of stress this puts on a child's life? The pressure, the danger, the expectations? What kind of cruel joke is this?""

The Moon Goddess looked at me with an unreadable expression, but I could sense a hint of amusement in her voice. ""The weight of the world is not new to the Moon Princess,"" she said. ""In the ancient times, I entrusted similar powers to those of similar age and spirit. It is not for me to decide what is or is not suitable for a child's strength and determination.""

I scoffed. ""And what about the safety concerns? What about education, childhood, and a normal life? Don't they deserve that?""

The Moon Goddess smiled. ""You humans often misunderstand the nature of power and responsibility. The Moon Princess is not just a hero; she is also a vessel for the light and hope of the world. She has grown up with this locket, and it has shaped her into who she is today. She is ready for this challenge.""

I glared at her, feeling a mix of anger and helplessness. ""And what about when she messes up? When she fails, and the world suffers because of her inexperience? Who's going to be there to pick up the pieces then?""

The Moon Goddess's expression turned stern. ""You will, of course. As a parent, it is your duty to guide and support her, not to dictate her path. Trust that she will grow and learn, and that the Moon Princess locket will guide her every step of the way.""

I hesitated, unsure of what to do. Part of me still felt that this was a terrible idea, but another part of me saw the fire in my daughter's eyes, the determination in her heart. I realized that maybe this was exactly what she needed –",4.0,5.0,4.0,5.0,4.0,2.0
111,111,111,11,"Write a story on the following prompt. Only respond with the story.
You just discovered your 14 year old daughters Moon Princess locket that allows her to transform into one of the worlds greatest heroes. It also is a communications device and you are about to give the Moon Goddess a piece of your mind for letting 14 year old's defend the world against evil. ",1,"I stood in the quiet, moonlit hallway, my heart racing with a mix of fear and anger as I stared at the delicate silver locket in my hand. The intricate carvings and gemstones seemed to shimmer and dance in the dim light, and I could almost feel the weight of responsibility that lay within its secret compartments. My daughter, Ava, had been missing for hours, and the last thing she had left behind was this mysterious locket with a note that read: ""Mom, you're next. Love you.""

As I turned the locket over in my hand, a sudden surge of energy coursed through me, and the world around me began to blur and fade. I felt a strange sensation, as if my very form was shifting and flowing like liquid. When my vision cleared, I stood tall, and my reflection in a nearby mirror showed a figure unlike my own - armor-clad, sword at the ready, and eyes shining like stars.

I took a deep breath, still reeling from the transformation, and looked down at the locket that now hung around my neck. It was a communications device, and I could hear the voice of the Moon Goddess, Luna, whispering in my ear. ""Greetings, mortal mother. I see you've found the locket. Congratulations. You are now one of the Guardians of the Moon, a legendary warrior tasked with defending our world against the forces of darkness.""

I turned my anger loose, voice shaking with emotion. ""You're kidding me, right? You're asking a 14-year-old girl to defend the world? What kind of crazy, reckless, irresponsible - ""

Luna's voice remained calm and detached. ""Ava is the chosen one, the most powerful and pure-hearted of our generation. She was meant to be a hero, and I chose her for a reason.""

I felt my anger boiling over, a mixture of frustration and fear. ""Chosen? Chosen? She's 14! What about safety? What about childhood? You're putting the weight of the world on the shoulders of a child, without even giving her a choice in the matter!""

The Moon Goddess chuckled, a gentle, melodious sound. ""Ah, but that is where you are mistaken, mortal. Ava is no ordinary child. She has the heart of a warrior, and I have watched over her since birth. She is ready, and she will succeed where others have failed.""

I took a deep breath, trying to steady myself, but my emotions still raged like a storm inside me. I knew I had to see this through, to understand why Luna had chosen Ava and what this meant for our family. ""What's the plan, then? What do I do now?""

Luna's voice was reassuring, but firm. ""You will defend the world, as Ava has. But I will be with you, guiding and guiding. Together, we will protect this world from those who would seek",4.2,5.0,4.2,5.0,5.0,2.4
112,112,112,11,"Write a story on the following prompt. Only respond with the story.
You just discovered your 14 year old daughters Moon Princess locket that allows her to transform into one of the worlds greatest heroes. It also is a communications device and you are about to give the Moon Goddess a piece of your mind for letting 14 year old's defend the world against evil. ",2,"I stood in the quiet darkness of my daughter's room, the faint glow of her phone illuminating the locket that lay on her nightstand. It was old, the metal etched with symbols and markings that told stories of its own. The Moon Princess locket, passed down through generations of strong women in our family, a symbol of our bloodline's connection to the lunar goddess.

It had been a year since the world had learned of its existence. A year since Luna, my 14-year-old daughter, had discovered she was the key to unlocking its secrets. A year since she'd been able to transform into a being of pure light and energy, a warrior unlike any other. The world called her a hero, and the stories of her bravery echoed through the land.

But I stood in the room, seething with a mix of emotions. Anger, frustration, and fear all battled for dominance as I looked at the locket. How could the Moon Goddess have entrusted such power to a child? A 14-year-old girl, barely an adult herself. The thought made my stomach twist in knots.

I picked up the locket, feeling the weight of its power coursing through me. I held it tight, focusing on the symbol etched onto its surface. The Moon Goddess's presence filled the room, and I felt the weight of her power bearing down on me.

""Selene,"" I called out, my voice steady. ""You have some explaining to do. What possessed you to give this power to a child? 14 years old! A child who barely understands the world, let alone the weight of this responsibility. She's out there, fighting battles and defending the world, and for what? So we can all live in peace? So we can all sleep at night, knowing she's out there, risking her life, because you thought she was ready?""

The room fell silent, the only sound my ragged breathing. The locket's glow dimmed slightly, and I felt a presence move through the air, like a cold breeze on a winter's night. 

""Luna is not just any child,"" the Moon Goddess said, her voice like the gentle lapping of waves on a summer's shore. ""She is a vessel, a key to unlocking the true potential of this world. You are blind to the power of the bloodline, but it is strong. And it runs true. She has always been more than just a child. You have only just begun to see it.""

I felt a cold fury build within me. ""She's 14 years old! How can you justify giving her this burden? It's not fair to her, and it's not fair to the world she's supposed to defend.""

The locket pulsed with energy, and I felt a sudden jolt of electricity. ""You would have me keep her hidden, locked away from the world? No, I will not hide her. She is",4.6,5.0,4.6,5.0,4.6,3.6
113,113,113,11,"Write a story on the following prompt. Only respond with the story.
You just discovered your 14 year old daughters Moon Princess locket that allows her to transform into one of the worlds greatest heroes. It also is a communications device and you are about to give the Moon Goddess a piece of your mind for letting 14 year old's defend the world against evil. ",3,"As I held the small, intricately carved locket in my hand, a rush of memories flooded back to me. It was my daughter's 13th birthday, and she had been beaming with excitement as I presented her with the Moon Princess locket. I had thought it was just a beautiful trinket, but now I realized it was so much more. With a touch of a button, the locket glowed with an otherworldly light, and I could feel the power coursing through me.

As a father, I had always been proud of my daughter, but now I was scared. A 14-year-old defending the world against evil? It was absurd. I imagined the terror she must have faced, the fear in the eyes of her enemies, and the weight of responsibility she bore. I couldn't believe the Moon Goddess, in her infinite wisdom, had deemed a child of that age worthy of such a burden.

I stood before the Moon Goddess's throne, my anger and concern boiling over. ""You can't be serious,"" I said, my voice shaking. ""A 14-year-old girl, defending the world? Have you gone mad?""

The Moon Goddess looked at me with a serene, knowing smile. ""She is strong, brave, and worthy,"" she said, her voice as calm as the night sky. ""Her spirit is pure, her heart full of compassion and kindness. She has the potential to be a great hero, and I will guide her every step of the way.""

I took a step closer, my anger growing. ""But think of the danger! The risk! What if she gets hurt? What if she fails?""

The Moon Goddess's smile only deepened. ""She will face challenges, yes, but she will also face great triumphs. And with her bravery and the power of the locket, she will inspire others to stand up for what is right. She will bring hope to a world in need, and that is what matters most.""

I shook my head, still reeling from the weight of it all. ""I don't know if I can do this,"" I admitted, feeling a lump form in my throat. ""I want to protect her, to shield her from harm. But at the same time, I want to see her grow, to watch her become the hero you see her as.""

The Moon Goddess reached out and placed a gentle hand on my shoulder. ""You will always be her rock, her support, her father. But sometimes, it is necessary to let go, to trust that she will find her own way. Trust that she will be brave, and strong, and wise. And trust that I will be with her, guiding her every step of the way.""

I took a deep breath, feeling a weight lift off my shoulders. I knew that I couldn't protect her from everything, but I could be there for her, be her rock. And with that thought,",4.6,5.0,5.0,5.0,4.6,4.8
114,114,114,11,"Write a story on the following prompt. Only respond with the story.
You just discovered your 14 year old daughters Moon Princess locket that allows her to transform into one of the worlds greatest heroes. It also is a communications device and you are about to give the Moon Goddess a piece of your mind for letting 14 year old's defend the world against evil. ",4,"I stood in the quiet room, the small, intricately designed locket still clutched in my hand. My daughter had left it on the nightstand, nestled among the discarded clothes and hair accessories. It was a beautiful, shimmering piece, adorned with symbols that seemed to dance in the dim light. I remembered now – the locket was for her birthday, a gift from her grandmother, supposedly a legend in our family's history. It was said to contain the essence of the Moon Princess, a being of great power and wisdom who had protected our world from the darkness. I still couldn't believe it. My daughter, Emily, had been using this locket to become the Moon Princess, fighting battles and battling monsters that threatened our world. The news had shaken me to my core, and I couldn't shake the feeling of fear and worry that had been building up inside me. As I held the locket, I felt a strange energy emanating from it. I turned to the mirror, and when I did, the room around me began to blur and change. I felt myself lifted out of my body, hurtling through space and time, to stand before the Moon Goddess herself. She was as regal and beautiful as I had imagined, her ethereal form shining with an otherworldly light. I began to speak, my voice shaking with anger and frustration. ""What have you done, Moon Goddess? You entrusted this locket to a 14-year-old girl! She's a child, barely a teenager, and yet she's been defending our world from the forces of darkness. You know as well as I do that the world is no place for a child to be. How could you let this happen?""",4.0,5.0,4.2,5.0,4.0,3.0
115,115,115,11,"Write a story on the following prompt. Only respond with the story.
You just discovered your 14 year old daughters Moon Princess locket that allows her to transform into one of the worlds greatest heroes. It also is a communications device and you are about to give the Moon Goddess a piece of your mind for letting 14 year old's defend the world against evil. ",5,"As I rummaged through the attic, searching for that old trunk of memories, I stumbled upon a small, intricately designed locket with a crescent moon symbol etched onto its surface. It was the Moon Princess locket, my daughter's most treasured possession. I remember the countless times she'd gazed at it in awe, dreaming of the heroics of the legendary Moon Princess, who, with the locket, could transform into a being of unmatched power, a guardian of the world against evil. And now, it was finally in my hands, with a strange, pulsating glow emanating from within.

I hesitated for a moment, but my mind quickly turned to anger. This locket had been passed down through generations, and it was only meant for someone capable of handling its immense power. A 14-year-old? That was madness! What had the Moon Goddess been thinking? Did she know the risks? I decided it was time to give her a piece of my mind.

I teleported to the Moon Goddess's throne, surrounded by an otherworldly aura. She sat upon her throne, an ethereal smile on her face, her eyes shining with a knowing light. ""You should have never given this to her,"" I said, my voice firm, yet trembling with rage.

""Ah, mortal, you misunderstand,"" she replied, her voice as soothing as a summer breeze. ""The time of heroism is not about age, but about the heart. The Moon Princess's essence resonates with the power of the locket. She is the chosen one, destined to defend this world against the forces of darkness.""

""But at what cost?"" I retorted. ""She's just a child! What happens when she's in the heat of battle? What if she gets hurt? The weight of this power is crushing, and I fear for her well-being.""

The Moon Goddess chuckled, her laughter like a soft, celestial music. ""You forget, mortal, that the locket is not just a source of power, but a teacher. It will mold her, guide her, and temper her into the greatest hero this world has ever known.""

I scoffed. ""And what of the scars, the wounds, the fear she'll face? Is that worth it?""

The Moon Goddess's expression turned solemn, and for a moment, I thought I saw a glimmer of concern in her eyes. ""The scars will be hers to bear, but they will also be the badges of her strength. She will learn to wield her power, to harness her courage, and to confront the darkness within herself. You should be proud, mortal, not fearful.""

I took a deep breath, feeling my anger dissipate, replaced by a sense of understanding. The Moon Goddess was right. I had to trust in the ancient traditions and the mystical balance of the universe. The locket was a gift, not a curse, and my daughter was the chosen",4.0,5.0,4.2,5.0,4.0,2.8
116,116,116,11,"Write a story on the following prompt. Only respond with the story.
You just discovered your 14 year old daughters Moon Princess locket that allows her to transform into one of the worlds greatest heroes. It also is a communications device and you are about to give the Moon Goddess a piece of your mind for letting 14 year old's defend the world against evil. ",6,"I was digging through the attic of our family home, looking for an old trunk to use for a craft project with my daughter Emily. Amidst the dusty boxes and forgotten trinkets, I stumbled upon an antique locket with a crescent moon etched onto it. It sparkled in the faint light filtering through the attic window, and I couldn't help but pick it up.

As soon as I touched it, I felt a strange sensation, like a jolt of electricity running through my body. The locket began to glow softly, and I felt a sudden urge to call out to someone. A voice, soft and melodic, responded in my mind. ""Father, I see you've found it,"" she said.

""Who is this?"" I asked, feeling a sense of confusion and alarm.

""You know exactly who it is, father,"" the voice replied. ""I am Luna, the Moon Goddess. And this locket is the key to Emily's destiny.""

I looked around the attic, wondering if I was losing my mind. But the voice in my head persisted. ""Listen to me, mortal,"" Luna said. ""The locket has chosen Emily as its wearer, and with it, she will become the Moon Princess, defender of our world against the forces of darkness.""

I felt a shiver run down my spine as I turned to face Emily, who was standing in the doorway, watching me with a mixture of curiosity and concern. ""What's going on?"" she asked.

""The locket,"" I stammered. ""It's talking to me.""

Emily's eyes widened as she approached me, her hand reaching out to take the locket from me. As soon as she touched it, her eyes transformed, and her body began to shift. Her form grew taller, her skin glowing with a soft, lunar light.

I watched in awe as my 14-year-old daughter transformed into the Moon Princess, a being of unparalleled power and wisdom. I felt a surge of pride and fear as I realized that I had just handed over the fate of the world to a teenager.

""You, Luna,"" I said, my voice shaking with a mix of anger and concern. ""How could you do this to her? She's just a child! Do you have any idea what kind of risks she'll be taking, defending the world against the forces of darkness?""

Luna's voice in my mind was calm and unapologetic. ""The Moon Princess has always been destined for this role, mortal. Emily is strong and capable. She will rise to the challenge, and with the locket's guidance, she will triumph over evil.""

I couldn't believe what I was hearing. ""But what about her education? Her childhood? Her life? You're condemning her to a life of danger and responsibility before she's even had a chance to be a teenager!""

Luna's response was firm. ""The world needs heroes like the Moon Princess now more",4.0,5.0,4.2,5.0,4.2,3.0
117,117,117,11,"Write a story on the following prompt. Only respond with the story.
You just discovered your 14 year old daughters Moon Princess locket that allows her to transform into one of the worlds greatest heroes. It also is a communications device and you are about to give the Moon Goddess a piece of your mind for letting 14 year old's defend the world against evil. ",7,"As I stood in front of the mirror, staring at the locket in my hand, I couldn't believe what I was seeing. My 14-year-old daughter, Sophia, had left it behind in the kitchen this morning, and I had no idea what it was. It looked like a simple, delicate golden locket, but as I turned it over in my hand, I saw a faint glow emanating from it. Suddenly, the locket opened, and a holographic image flickered to life in front of me. A beautiful woman with long, flowing hair and a kind smile appeared, her eyes sparkling with a hint of mischief.

""Sophia, I'm coming for you,"" I said, exasperation and anger mixing in my voice. ""You can't be expected to defend the world against evil at 14 years old! What were you thinking, leaving this thing with me?""

The image of the Moon Goddess chuckled, her laughter like music. ""Ah, mortal father, you worry so much about your little one. But she is not just any girl. She is a Moon Princess, and with this locket, she has been given the power to defend our world against the shadows that seek to destroy it.""

I snorted. ""Defend the world? You expect me to believe that a 14-year-old girl can single-handedly save the world from the forces of darkness? It's ridiculous!""

The Moon Goddess's expression turned stern. ""You would do well to remember, mortal, that Sophia has been training for this role since she was born. She is not alone in this. She has the power of the locket, and the magic that comes with it. And I have faith in her. She will be a great hero, just like her mother before her.""

I scoffed. ""Her mother? What are you talking about? My wife is dead, and Sophia is just a child! This is all just a wild fantasy, a silly game you're playing with my daughter's life.""

The Moon Goddess's eyes narrowed, and for a moment, I thought I saw a flash of anger in them. But then, her expression softened, and she spoke in a gentle voice. ""I know it's hard to understand, mortal. But trust me when I say that Sophia is meant for this. And I will be here to guide her, every step of the way. You will see, she will amaze you with her bravery and her heart. Now, I must go. Sophia is in danger, and I must go to her. But I will return, and I will show you that your daughter is truly the hero I have foretold.""

And with that, the image vanished, leaving me staring at the locket in my hand, feeling both bewildered and worried. I looked down at it, and for the first time, I saw it for what it truly was: a powerful tool, a key to a world",4.0,5.0,4.0,5.0,4.0,2.0
118,118,118,11,"Write a story on the following prompt. Only respond with the story.
You just discovered your 14 year old daughters Moon Princess locket that allows her to transform into one of the worlds greatest heroes. It also is a communications device and you are about to give the Moon Goddess a piece of your mind for letting 14 year old's defend the world against evil. ",8,"I burst into the temple, my face red with anger. ""Luna, you're the one who designed this thing, aren't you? This stupid locket that's putting my 14-year-old daughter's life on the line! Do you have any idea the danger she's in every time she puts that thing on?"" I shouted at the top of my lungs. The Moon Goddess, serene and unflappable as ever, looked up at me with a calm expression.

""I am afraid, mortal, that you are misunderstanding the purpose of the Moon Princess's powers,"" she said. ""The locket is a gift, not a burden. It allows your daughter to protect the world from those who would seek to harm it.""

""Protect the world? At 14? With magic and ancient powers that no adult can comprehend? You're putting her in way over her head!"" I was practically foaming at the mouth.

Luna's expression remained calm. ""The power of the locket is not a curse, mortal. It is a gift, and your daughter is not the first child to wield it. Many young heroes have come before her, and they have saved the world time and time again.""

I scoffed. ""Young heroes? You mean like my daughter, who is still trying to figure out how to use her math homework? You're asking me to trust that my child, barely out of middle school, can handle the weight of the world's fate on her shoulders? Are you kidding me?""

Luna leaned forward, her voice taking on a gentle tone. ""The power of the locket is not something to be taken lightly, I agree. But it is a responsibility that I entrust to your daughter because I believe in her. And I believe in you, as her parent, to help her navigate this journey.""

I shook my head, incredulous. ""You're asking me to be her guide? I'm just a dad trying to get her to do her homework and eat her veggies. What makes you think I'm qualified to help her save the world?""

Luna's expression turned solemn. ""I have watched your child grow, mortal. I have seen the good in her heart and the bravery in her soul. And I have faith that with your guidance, she will learn to wield this power for the greater good.""

I crossed my arms, feeling frustrated and uncertain. ""I don't know, Luna. This feels like a recipe for disaster.""

Luna's smile was enigmatic. ""Then perhaps it is time for you to learn to trust, mortal. Trust that your daughter is strong enough to handle this burden. Trust that she will learn to use her powers for the greater good. And trust that I, the Moon Goddess, will be here to guide her every step of the way.""",4.0,5.0,4.2,5.0,4.0,3.0
119,119,119,11,"Write a story on the following prompt. Only respond with the story.
You just discovered your 14 year old daughters Moon Princess locket that allows her to transform into one of the worlds greatest heroes. It also is a communications device and you are about to give the Moon Goddess a piece of your mind for letting 14 year old's defend the world against evil. ",9,"As I walked into the bedroom, I was met with an eerie glow emanating from the small, intricately designed locket on my daughter's dresser. The Moon Princess's Locket, a family heirloom passed down for generations, pulsed with an otherworldly energy. My daughter, Emily, stood before it, her eyes aglow with an inner light as she gazed at the locket in wonder.

Without warning, the locket began to glow brighter, and Emily's eyes snapped back to normal. She turned to me with a sheepish grin, and I knew. I knew that locket was not just any ordinary piece of jewelry. It was a key to unlocking the power of the Moon Princess, a legendary hero who had protected our world from darkness for centuries.

As I watched in awe, Emily's body began to shift and contort, her limbs lengthening, her senses heightening. She rose into the air, her form blurring as she transformed into the Moon Princess. I couldn't believe it. My 14-year-old daughter, a mere child, was now a mighty warrior, ready to take on the world's greatest evils.

But my wonder turned to outrage as I remembered the countless times she had nearly gotten herself killed defending our city from monsters and villains. The battles, the injuries, the endless heroics. It was unacceptable. I stormed out of the bedroom, determined to confront the Moon Goddess herself.

I arrived at the sacred temple, a towering structure of crystal and moonstone, where the goddess's throne shone like a beacon of light. I stormed past the attending priests and priestesses, demanding an audience with the goddess.

As I entered the throne room, the Moon Goddess looked down at me with a hint of amusement in her eyes. ""Ah, mortal, I see you're finally aware of your daughter's... abilities,"" she said, her voice like music.

I seethed with anger. ""You gave her that locket at 14! Can you imagine the risks? The danger? She's just a child!""

The goddess chuckled, her laughter like the tinkling of celestial chimes. ""The Moon Princess is born when the heart is pure and the spirit is strong. Emily's destiny is clear. She will be the greatest hero this world has ever known.""

I took a step forward, my voice rising. ""You're playing with fire, goddess! You're putting her life at risk, and for what? So she can be a hero? Is that really worth it?""

The Moon Goddess's expression turned stern, her eyes flashing with a hint of warning. ""You would rather she be ignorant of her true potential? You would rather she not have the chance to fulfill her duty? The world needs heroes, mortal. And Emily is one of them.""

I shook my head, my heart heavy with the weight of my daughter's future. ""I don't care about the world's needs. I care about",4.6,5.0,4.6,5.0,5.0,3.6
120,120,120,12,"Write a story on the following prompt. Only respond with the story.
You wake up in the middle of the night, your arm hangs over the side of your bed. It's pitch black & your room is shrouded in deep shadow. Something unseen seizes your hand. You grasp it tightly, knowing that first impressions are important & a firm, confident handshake establishes dominance. ",0,"As I lay there, my fingers curled around whatever was grasping my hand, I felt a surge of adrenaline course through my veins. My heart rate quickened and my mind racing with thoughts of what could be happening. I strained to see, but it was like a void, a complete and utter blackness that swallowed all light. I was trapped in this darkness, with no escape. My grip on the unseen entity tightened, my knuckles white with tension. I remembered the advice my grandfather had once given me: in a situation like this, the first few seconds were crucial. A firm, confident handshake established dominance. I clenched my jaw, digging my teeth into my lower lip, and squeezed harder. My muscles flexed, and I felt a slight tremble run through the entity's grasp. It didn't let go, but it didn't seem to be trying to pull away either. We were locked in a silent standoff, the only sound the soft creak of the bed as I shifted my weight. I focused all my attention on the hand in mine, willing it to relax, to release its hold. But it didn't. I gritted my teeth and pulled harder. My arm was starting to ache, but I refused to back down.",4.0,5.0,4.2,5.0,4.0,2.8
121,121,121,12,"Write a story on the following prompt. Only respond with the story.
You wake up in the middle of the night, your arm hangs over the side of your bed. It's pitch black & your room is shrouded in deep shadow. Something unseen seizes your hand. You grasp it tightly, knowing that first impressions are important & a firm, confident handshake establishes dominance. ",1,"As I lay there, frozen in the darkness, my heart racing, my mind racing, and my hand trembling with a mix of fear and determination. I squeezed it shut, not wanting to release it, but the grip on my hand only tightened in response. It was then that I felt a presence beside me, a presence that was both familiar and foreign. The presence leaned in, and I could feel its hot breath against my skin, making my hairs stand on end. I opened my eyes, but all I could see was the faintest glimmer of an outline, a silhouette against the faint moonlight that filtered through the windows. My eyes adjusted slowly, and I saw that it was a figure, tall and imposing, its face twisted in a snarl. I clenched my hand tighter, and my eyes locked onto the figure, my grip as firm as steel. The figure snarled again, and its grip on my hand tightened, but I held firm. I could feel its strength, its power, but I refused to back down. I squeezed harder, and to my surprise, the figure's grip faltered, and for a moment, I thought I saw a glimmer of uncertainty in its eyes. I took advantage of the moment, and with a swift, confident movement, I shook its hand firmly, my grip like a vice. The figure's grip slipped from my hand, and it stumbled backward, giving me a fleeting glimpse of its face. For a moment, I saw my father's eyes staring back at me, but they were not the eyes I remembered. They were harder, colder, and I knew then that this was not my father, but a stranger in his form. The darkness closed in around me once more, and the figure vanished, leaving me shaken but still clutching my hand, a symbol of the grip I had taken on my fate.",4.0,5.0,5.0,5.0,4.2,2.6
122,122,122,12,"Write a story on the following prompt. Only respond with the story.
You wake up in the middle of the night, your arm hangs over the side of your bed. It's pitch black & your room is shrouded in deep shadow. Something unseen seizes your hand. You grasp it tightly, knowing that first impressions are important & a firm, confident handshake establishes dominance. ",2,"I jerked awake, my heart racing as my arm dangled over the side of the bed. The darkness was absolute, a thick, heavy blanket that suffocated all sense of light and time. I lay there, my senses straining to pick up any sound, any movement, but there was nothing. Just the soft hum of the air conditioning and the distant hooting of a lonely owl.

As I strained to see, my hand felt an unexpected presence. A chill ran down my spine as I realized that something had grasped my hand. My heart skipped a beat as I instinctively wrapped my fingers around the stranger's, feeling the cool, clammy skin. It was hard to read, but I knew that first impressions were everything. A firm, confident handshake established dominance, and I wasn't about to let this mysterious entity take control.

I squeezed hard, trying to send a message to whoever - or whatever - had my hand. The pressure was reciprocated, and I could feel a surge of energy run through my arm. We stood there, locked in a silent, invisible tug-of-war, each of us trying to assert our will. The darkness seemed to vibrate with tension, like a harp string plucked just so.

For what felt like an eternity, we held fast, our hands clasped together like two fists locked in combat. I could feel the heat of the other person's body, their breath misting against my skin. It was intoxicating, exhilarating, and terrifying all at once.

As the moments ticked by, the darkness began to recede, ever so slightly. A glimmer of moonlight crept through the blinds, casting an eerie glow on the walls. I could see, just barely, the outlines of my hand and the stranger's. I flexed my fingers, and the hand in mine flexed with me.

A shiver ran down my spine as I realized that this was no dream, no product of a fevered imagination. This was real. And in that moment, I knew that I had to get the upper hand. I squeezed my hand again, and this time, it was met with a gentle, almost tentative pressure. The other person was feeling me out, sizing me up.

I smiled to myself, a sense of confidence growing within me. I would show this mysterious entity who was boss. I squeezed once more, and this time, my hand was met with a matching firmness. A silent battle raged on, each of us trying to outmaneuver the other in the darkness.",4.0,5.0,4.2,5.0,4.0,3.0
123,123,123,12,"Write a story on the following prompt. Only respond with the story.
You wake up in the middle of the night, your arm hangs over the side of your bed. It's pitch black & your room is shrouded in deep shadow. Something unseen seizes your hand. You grasp it tightly, knowing that first impressions are important & a firm, confident handshake establishes dominance. ",3,"As I lay there, I felt the darkness envelop me like a thick, suffocating blanket. My heart was racing, my mind foggy from sleep. I tried to shake off the haze, but it only seemed to grow thicker, more oppressive. Suddenly, I was aware that something was grasping my hand, my arm still draped over the edge of the bed. My mind leapt to the worst possibilities: a burglar, a predator, a dream that was spilling into reality.

I squeezed down hard, my fingers digging into the cold, unseen entity. ""Don't get any ideas,"" I thought to myself. ""I'm in charge here."" My other hand instinctively tightened around my own hand, creating a vice-like grip. If I was going to be taken, I was going to make sure it wasn't a pushover.

The grip on my hand didn't budge. I was met with an unyielding resistance, as if it was trying to mirror my own grip. A shiver ran down my spine, but I refused to back down. My mind flashed back to every horror movie I'd seen, every scary story I'd ever heard. I had to show this unknown entity who was boss. I yanked on my hand, pulling as hard as I could. The unseen force resisted, but my grip held firm.

For what felt like an eternity, the struggle continued. We were locked in a silent, desperate battle, each of us testing the other's resolve. My heart was pounding, my breath coming in ragged gasps. I was the one in control, I reminded myself, repeating the phrase like a mantra: ""I'm in charge, I'm in charge.""

And then, without warning, the unseen force released my hand. It vanished as suddenly as it had appeared, leaving me shaken, confused, and still trying to catch my breath. I lay there, frozen, waiting for any sign of movement, any hint of life in the darkness. But there was nothing.",4.0,5.0,4.2,5.0,4.0,3.0
124,124,124,12,"Write a story on the following prompt. Only respond with the story.
You wake up in the middle of the night, your arm hangs over the side of your bed. It's pitch black & your room is shrouded in deep shadow. Something unseen seizes your hand. You grasp it tightly, knowing that first impressions are important & a firm, confident handshake establishes dominance. ",4,"I woke up in the middle of the night to an unsettling sensation, my arm hung limply over the side of the bed, my fingers splayed out like a discarded puppet. The room was shrouded in an inky blackness that seemed to have a life of its own, with the only sound being the distant hum of a clock ticking away in the darkness. As my eyes struggled to adjust, a faint coldness crept over my skin, making the hairs on the back of my neck stand on end. That's when I felt it – a sudden, unseen presence. My hand was being seized by an unseen force, the grip like a vice, unyielding and firm. 

In a split second, a primal instinct kicked in and I instinctively responded, my own fingers wrapping around the unknown entity's hand in a firm, crushing grip. My heart pounded in my chest as I struggled to see the outline of this phantom figure, my mind racing with questions – who was it? What did it want? But as I focused on the feel of this hand in mine, a strange calm washed over me. It was almost as if we were two rivals sizing each other up, the outcome of our contest determined by who could establish dominance. And in this silent, blacked-out room, the first impression was all that mattered. So, with a fierce determination, I dug my fingers deeper into this unseen hand, my grip unyielding, firm, and unshakeable.",4.0,5.0,4.2,5.0,4.0,3.0
125,125,125,12,"Write a story on the following prompt. Only respond with the story.
You wake up in the middle of the night, your arm hangs over the side of your bed. It's pitch black & your room is shrouded in deep shadow. Something unseen seizes your hand. You grasp it tightly, knowing that first impressions are important & a firm, confident handshake establishes dominance. ",5,"I sat bolt upright in bed, my heart racing as I strained to see into the darkness. My arm, which had been stretched out over the side of the bed, was still outstretched, but now it was being held by something. I tightened my grip, not because I was scared, but because I was about to learn a valuable lesson about establishing dominance. My great-grandfather had once told me that the way you shake someone's hand can make all the difference in the world. He called it the ""Initial Grip."" 

A firm, confident handshake establishes dominance, sets the tone for the rest of the interaction, and can leave a lasting impression. I squeezed as hard as I could, trying to establish my authority over this unseen force. It squeezed back, and I felt a jolt run through my arm. We were locked in a silent struggle, a battle of wills in the darkness.",4.0,4.2,2.8,4.6,3.4,2.0
126,126,126,12,"Write a story on the following prompt. Only respond with the story.
You wake up in the middle of the night, your arm hangs over the side of your bed. It's pitch black & your room is shrouded in deep shadow. Something unseen seizes your hand. You grasp it tightly, knowing that first impressions are important & a firm, confident handshake establishes dominance. ",6,"As I lay there in the darkness, my arm dangling over the side of the bed, I was jolted awake by an unseen force grasping my hand. My mind racing, I instinctively clenched my fist and pulled tight, a surge of adrenaline coursing through my veins. It was a primal response, one born from the deep-seated instinct to defend myself against the unknown.

But as I held on, I realized that the grip wasn't trying to pry my hand loose – it was holding on just as tight as I was. The darkness seemed to amplify the silence, making it feel oppressive and heavy. I strained my ears to pick up any sound, but there was nothing. No breathing, no movement, just an oppressive stillness.

My heart pounding in my chest, I waited for what felt like an eternity, but my grip remained firm. It was a contest of wills, and I was determined to emerge victorious. I tightened my fist, the muscles in my arm straining as I tried to push the unseen hand away. But it didn't budge.

And then, in a flash of understanding, it hit me: this was a handshake. A firm, confident handshake, one that established dominance and set the tone for the interaction. I relaxed my grip, my fingers easing out of their tight fist. The unseen hand remained still, but I could sense a shift in the air, a subtle change in the atmosphere.

As I held my hand out, a faint glow began to emanate from the darkness, illuminating the contours of a face. Eyes locked onto mine, piercing and unyielding. I met their gaze, my own eyes steady and firm. The handshake became a test of wills, a silent understanding that only one of us could emerge victorious.",4.0,5.0,4.2,5.0,4.0,3.0
127,127,127,12,"Write a story on the following prompt. Only respond with the story.
You wake up in the middle of the night, your arm hangs over the side of your bed. It's pitch black & your room is shrouded in deep shadow. Something unseen seizes your hand. You grasp it tightly, knowing that first impressions are important & a firm, confident handshake establishes dominance. ",7,"I woke up to an unsettling darkness that clung to my skin like a damp shroud. The room was a black void, devoid of any visibility, and I was lying in a bed that seemed to be drifting on an unseen tide. My arm dangled over the side, a heavy weightless appendage that seemed to have a life of its own. 

In the absolute darkness, I strained my ears, but there was only silence. No creaking floorboards, no distant hum of traffic, just an oppressive stillness that weighed upon me like a physical force. It was as if I had been transported to a realm where sound itself was a distant memory.

My heart was a jackrabbit pounding in my chest as I strained to discern any sign of movement. The air was thick and heavy, like someone had poured a leaden sludge into the space around me. Suddenly, I felt a jolt, a cold, clammy grip wrapping around my wrist like a vice. I sprang to life, a jolt of adrenaline coursing through my veins as my body tensed. 

I grasped the unseen hand back with all the ferocity I could muster, trying to establish control, trying to signal dominance in this blackness. My grip was tight, my knuckles locked, a firm handshake that I hoped would establish a boundary. I felt a moment of stillness, and in that moment, I held my breath, expecting some kind of reaction, some sign of acknowledgement from the presence on the other end of my wrist. But there was only more silence. My heart pounded faster as the stillness seemed to grow heavier, as if the darkness itself was absorbing every sound, every movement. I held my breath, waiting for something, anything, to happen.",4.0,5.0,4.2,5.0,4.0,3.0
128,128,128,12,"Write a story on the following prompt. Only respond with the story.
You wake up in the middle of the night, your arm hangs over the side of your bed. It's pitch black & your room is shrouded in deep shadow. Something unseen seizes your hand. You grasp it tightly, knowing that first impressions are important & a firm, confident handshake establishes dominance. ",8,"I woke up to the darkness of my room, my arm dangling over the side of the bed, the cool air from the air conditioning wafting up to meet my skin. The first thing I noticed was the stillness of the night, the silence of my room, and the complete absence of light. It was as if the moon and stars had decided to abandon me, leaving me to navigate this dark expanse on my own. I strained my eyes to penetrate the void, but it was like staring into the void itself - nothing. No stars, no moon, just darkness.

And then, something happened. A cold, clammy hand wrapped around my wrist, and I felt a jolt of fear mixed with adrenaline. My heart rate quickened, and I instinctively grasped back, my hand closing around the unseen appendage like a vice. My grip was tight, a firm, confident handshake that said, ""I'm not going down without a fight.""",4.0,5.0,4.2,5.0,4.0,3.0
129,129,129,12,"Write a story on the following prompt. Only respond with the story.
You wake up in the middle of the night, your arm hangs over the side of your bed. It's pitch black & your room is shrouded in deep shadow. Something unseen seizes your hand. You grasp it tightly, knowing that first impressions are important & a firm, confident handshake establishes dominance. ",9,"I woke up to the blackness, my eyes straining to adjust to the lack of light. I was lying on my back, my arm draped over the edge of the bed. It felt like I had been asleep for mere minutes, but the darkness seemed to stretch on forever. I could sense the emptiness of the room, the absence of any sound or movement.

My hand hung limply over the edge of the bed, and that's when I felt it. A grip like a vice closed around my wrist. It was as if I was being held by an unseen force, a firm, unyielding grasp. I instinctively wrapped my fingers around whatever was holding me, squeezing back with a surge of adrenaline. 

I gritted my teeth, a plan forming in my mind. First impressions are crucial, and a firm, confident handshake establishes dominance. My grip tightened, exerting pressure on whatever was holding me. I held it for a few seconds, establishing my claim, making sure the other person knew not to mess with me. The silence was oppressive, and I waited, expecting the other person to react.",4.0,5.0,4.2,5.0,4.0,2.8
130,130,130,13,"Write a story on the following prompt. Only respond with the story.
Your Significant Other has landed a book publishing deal! You're very proud of them, even if you don't actually enjoy their writing. One day, on a whim, you buy an actual copy in a book store. It's nothing like the pages they gave you to read. Nothing. ",0,"As I walked through the sliding glass doors of the book store, the familiar scent of fresh paper and ink enveloped me, and I felt a thrill of excitement. I had always loved browsing through shelves upon shelves of new releases, finding hidden gems and surprises. And today, I had a specific mission: to buy a copy of my partner's book.

We had been dating for a few years now, and I was always supportive of their passion for writing. When they told me they had landed a publishing deal, I was over the moon with pride. I beamed with pride as they showed me the contract, the acceptance letter, and the all-important advance payment. I had no idea what the book was about, to be honest – they had never really let me read it, always saying it was ""not ready"" or ""not in the right state"" – but I was happy to be a supportive partner.

I made my way to the fiction section, scanning the shelves for the familiar cover I had seen online. And there it was, nestled between two other bestsellers, looking sleek and polished. I felt a surge of pride as I picked it up, running my fingers over the embossed letters on the spine.

The moment I opened the book, my excitement turned to confusion. The words on the page were...different. Not in a good way, either. They were sloppy, inconsistent, and awkwardly phrased. The sentences were long and meandering, with far too many commas. I squinted at the text, trying to make sense of it, but it just got worse. This was not the writing I had heard about from my partner. This was...not even close.

I felt a pang of disappointment, mixed with a dash of embarrassment. How could they have submitted this to a publisher? Had they really not given the editor any feedback? I thought about the countless hours they must have spent on this manuscript, pouring their heart and soul into it, and wondered how it had ended up like this.

I looked around the store, half-expecting to see my partner standing there, beaming with pride, but of course they were nowhere to be found. I sighed, feeling a mix of guilt and exasperation. I couldn't help but wonder what had happened to the book I had heard so much about. Was this really the best they could do?

I stood there for a few moments, frozen in indecision, before finally making my way to the cash register. As I handed over my credit card, I couldn't help but wonder: what had I gotten myself into?",4.0,4.6,4.2,4.6,3.6,3.4
131,131,131,13,"Write a story on the following prompt. Only respond with the story.
Your Significant Other has landed a book publishing deal! You're very proud of them, even if you don't actually enjoy their writing. One day, on a whim, you buy an actual copy in a book store. It's nothing like the pages they gave you to read. Nothing. ",1,"I stared at the book on the shelf, a bright pink cover with glittering silver letters that seemed to shimmer in the fluorescent light of the bookstore. My Significant Other had been telling me about their big news for weeks – a book publishing deal! – but I still couldn't help but feel a mix of emotions: pride for their accomplishment, but also a twinge of guilt for not being a bigger fan of their writing.

I mean, I'd read the pages they'd handed me, the ones they'd spent hours pouring their heart and soul into, and...well, it was a lot to take in. The flowery language, the over-the-top descriptions, the plot twists that seemed to come out of nowhere. It was a lot to process, and I'd found myself zipping through the pages, nodding along and making supportive noises even when I wasn't entirely sure what was going on.

But this was different. This was the real thing – a physical copy of their book, sitting on a shelf in a bookstore, ready for anyone to buy and devour. I had to see it for myself. I grabbed a copy and made my way to the checkout line, my heart pounding in my chest.

As I walked home, I couldn't help but wonder what the book would be like. Would it be the same as the draft they'd shown me? Would it be better? I pushed open the door and dropped my bag on the couch, reaching in for the book and holding it up to the light.

The first thing I noticed was the font. It was huge. Way bigger than anything I'd ever seen before. I flipped through the pages, my eyes scanning the text as I searched for...I don't know, something that would make me say, ""Oh, yeah, this is the same person who wrote this."" But it wasn't there.

The writing was clumsy, the sentences short and simplistic. It was like they'd taken every criticism I'd ever given them and tossed them in the trash. Where were the flowery descriptions? The over-the-top plot twists? The characters that seemed to jump off the page? This was like they'd rewritten the book from scratch.

I felt a mix of emotions swirling inside me – shock, confusion, a little bit of embarrassment for my Significant Other. They'd never shown me this version. Why had they kept it from me? Was it better than the original? I turned the pages, my eyes scanning the text as I searched for something, anything, that would give me a clue.

As I got to the end of the book, I couldn't help but feel a little disappointed. This wasn't the book I'd been expecting. This wasn't the book my Significant Other had shown me. But as I flipped through the pages one last time, something caught my eye – a dedication, scribbled in the back of the book in red pen: ""For [Significant Other's name], who put",4.0,4.6,4.4,4.6,3.4,2.0
132,132,132,13,"Write a story on the following prompt. Only respond with the story.
Your Significant Other has landed a book publishing deal! You're very proud of them, even if you don't actually enjoy their writing. One day, on a whim, you buy an actual copy in a book store. It's nothing like the pages they gave you to read. Nothing. ",2,"The day my partner's book finally hit the shelves, I felt a mix of emotions: pride, excitement, and a dash of skepticism. I mean, let's be real, their writing wasn't exactly my cup of tea. But hey, a publishing deal is a publishing deal, and I was going to be a supportive partner all the way.

I'd been through the drafts, the rewrites, the editing process, and the final manuscript they'd handed me to read. It was...different, to say the least. But I'd always tried to be encouraging, praising the ""emotional depth"" and the ""unique voice"" – even though I couldn't quite put my finger on what that voice was or why it resonated with anyone.

So, when I stumbled upon the bookstore on my lunch break, I just had to pick up a copy. I mean, who wouldn't want to see their significant other's book on the shelves? As I flipped through the pages, I was hit with a sense of déjà vu. Where was the character development? The plot twists? The – dare I say it? – actual writing?

It was...a very different book.

The words were a jumbled mess of overwrought prose and clunky dialogue. The sentences were awkward and unnatural, and the pacing was glacial. It was as if someone had taken all the feedback from beta readers and editors and...gone in the opposite direction. I winced as I read the opening sentence, a clumsy, info-dump-heavy monstrosity that made me cringe.

I quickly scanned the rest of the book, and it only got worse. The dialogue was stilted, the characters were one-dimensional, and the plot was predictable and meandering. I felt a pang of disappointment and betrayal. Where was the person I'd been reading over my shoulder for months? Was this really their work?

I put the book back on the shelf, feeling embarrassed for my partner. I didn't want to be that person – the one who rags on their significant other's accomplishments. But I also couldn't help but wonder: had they really written this? Had they been pulling one over on me all along?

As I walked out of the store, I made a mental note to ask them about it – delicately, of course. I didn't want to hurt their feelings, but I needed to understand how this had happened. Had they been coached by a ghostwriter? Was this some kind of clever marketing ploy? Or had they just...given up?

The questions swirled in my head as I walked away from the bookstore, the cover of their book – their ""masterpiece"" – staring back at me with an unblinking, accusatory gaze. I couldn't shake the feeling that I was living in a parallel universe, where reality was twisted and distorted, and my partner was...well, not the person I thought they were.",4.0,5.0,4.4,5.0,3.0,2.0
133,133,133,13,"Write a story on the following prompt. Only respond with the story.
Your Significant Other has landed a book publishing deal! You're very proud of them, even if you don't actually enjoy their writing. One day, on a whim, you buy an actual copy in a book store. It's nothing like the pages they gave you to read. Nothing. ",3,"I stared at the cover, feeling a mix of excitement and dread. Emily's book. The thing that had consumed her for years, the thing that had catapulted her to stardom. And here it was, staring back at me, its bright colors and fancy font screaming for attention. I'd always thought it would be nice to own a copy, to hold it in my hands and...be able to say I'd read it.

I'd asked to read the manuscript, of course. Who wouldn't want to help their partner be their best editor? And so I'd pored through the pages, nodding along, pretending to understand the complex metaphors and clever wordplay. Emily had been thrilled, beaming with pride as I ""bravely offered my feedback"".

But now, holding this real, actual book in my hands, I was faced with a harsh reality. It was different. The words on the page were the same, I'm sure of it, but the feel of them, the rhythm and cadence, the...the way they made me feel. It was all wrong.

I opened the book to a random page and began to read. The words blurred together, the sentences awkward and forced. I felt like I was trying to decipher a code, searching for the hidden meaning that was never there. Where was the beauty of the manuscript? The emotional depth? The...the feeling?

I read on, my mind racing with questions. Why had she changed the wording? Was it really so bad that she had to change it? I knew I wasn't supposed to think this, but I couldn't shake the feeling that she'd sold out, that she'd compromised her vision to appease some faceless publishing machine.

I felt a pang of disappointment, and a hint of anger. How could she do this to me? To herself? And yet, as I looked at the cover again, I saw the excitement and the pride in her eyes. She believed in this, in this book, and I couldn't bring myself to tell her it was...off. Maybe it was just me. Maybe I was just being stubborn, refusing to see the beauty in something that wasn't mine to see.

I bought the book, and left the store, feeling like I was carrying a weight, one that I wasn't sure I wanted to share with Emily.",4.0,5.0,4.2,5.0,4.0,3.0
134,134,134,13,"Write a story on the following prompt. Only respond with the story.
Your Significant Other has landed a book publishing deal! You're very proud of them, even if you don't actually enjoy their writing. One day, on a whim, you buy an actual copy in a book store. It's nothing like the pages they gave you to read. Nothing. ",4,"As I stood in the bookstore, surrounded by the musty smell of old paper and the hum of quiet conversation, I couldn't help but feel a sense of pride wash over me. My partner's book, the one they'd been working on for what felt like an eternity, was finally in print. I hadn't always been a fan of their writing – I'd endured endless readings of their latest drafts, politely offering constructive criticism while secretly dying inside – but the success of this thing was undeniable.

I picked up the book, feeling the weight of it in my hands, and gazed at the cover. It was a beautiful design, I'd give them that. The author bio on the back read ""My Partner's Name"" in bold, confident letters, and I couldn't help but swell with pride. They'd always said this was their dream, and now it was a reality. Who am I to deny their dreams, even if their writing isn't exactly my cup of tea?

I browsed the shelves for a bit longer, eventually settling on a cozy coffee shop a few blocks away to grab a cup of coffee. The sun was shining, the coffee was strong, and I was feeling good about life. I pulled out the book and began to read, expecting the same familiar, somewhat rambling prose that I'd grown accustomed to. But what I got was something entirely different.

The writing was polished, effortless, and genuinely beautiful. It was like nothing they'd ever shown me before. I couldn't believe what I was reading. Was this... was this actually their writing? The characters were more complex, the story more engaging, the language more poetic. I felt a pang of disappointment, not because it was bad, but because I'd had no idea they were capable of this.

As I turned the pages, my pride began to curdle. I thought about all the times I'd lied, all the times I'd feigned interest, all the times I'd pretended to be reading along. How could I have done this to them? To ourselves? It was like I was reading someone else's book, someone I barely recognized. I felt like a stranger, and I couldn't quite place it.

The barista asked if I wanted a refill on my coffee, and I shook my head, my thoughts still reeling. I closed the book, feeling a little shaken. Maybe I was just caught off guard. Maybe I wasn't used to seeing my partner's writing at its best. I decided to finish reading the book, not just for their sake, but for mine. I had to understand what was going on here.",4.0,5.0,4.6,5.0,5.0,2.0
135,135,135,13,"Write a story on the following prompt. Only respond with the story.
Your Significant Other has landed a book publishing deal! You're very proud of them, even if you don't actually enjoy their writing. One day, on a whim, you buy an actual copy in a book store. It's nothing like the pages they gave you to read. Nothing. ",5,"I stared at the sleek cover of the book, the title embossed in gold lettering, as I stood there in the bookstore. I couldn't believe it. My Significant Other had done it. They'd actually landed a publishing deal. I was beaming with pride as I handed over my credit card to pay for the book.

As I left the store, I couldn't wait to get home and celebrate with them. I flopped onto the couch and opened the book, expecting to see the same pages they'd given me to read when they were trying to get published. But as I began to flip through the pages, something didn't add up.

The writing was different. The font was different. The whole layout was different. It looked like they'd hired someone to write an entirely new book, not just polished up the manuscript they'd been working on for years. My excitement began to turn to unease as I read through the first few chapters.

It was like they'd abandoned everything we'd been working on together. I thought about all the late nights and early mornings they'd spent tweaking and editing, and how they'd shared every detail with me. But this book was like a completely different entity. I couldn't believe they'd sold out like that.

I sat there for a long time, the book still open in my lap, as I tried to process what I was reading. It wasn't just that the writing was different; it was like they'd lost the voice, the tone, everything that made their writing unique. It was like they'd taken a cookie-cutter approach, churning out some bland, mass-market fiction that would probably sell a million copies but mean nothing to them.

As the hours ticked by, my unease turned to disappointment and then anger. How could they do this to me? How could they do this to themselves? We'd been through so much together, celebrating every small victory and pushing through every rejection. But now, it seemed like it had all been for nothing. I felt betrayed, like they'd lied to me about their writing, about their passion, about everything we'd shared.

I couldn't shake the feeling that I'd been living a lie.",4.0,5.0,5.0,5.0,4.0,2.2
136,136,136,13,"Write a story on the following prompt. Only respond with the story.
Your Significant Other has landed a book publishing deal! You're very proud of them, even if you don't actually enjoy their writing. One day, on a whim, you buy an actual copy in a book store. It's nothing like the pages they gave you to read. Nothing. ",6,"I walked into the bookstore, browsing through the shelves in search of a gift for our anniversary. My significant other, Rachel, had just gotten a book deal with a major publisher, and I was beaming with pride. Not because I thought the book itself was any good – the manuscripts she'd shared with me had been a chore to get through – but because she'd achieved her dream. I found myself in the fiction section, scanning the shelves for something I could pretend to be interested in, when my eyes landed on the cover: Rachel's name, big and bold, in the author section. My stomach twisted in a mix of emotions. I hadn't actually read this book yet – we'd only just started celebrating, and I'd been too busy congratulating her to actually read the published copy. It felt wrong, somehow, to buy this book when I hadn't even cracked the spine of the one she'd sent me.

But, something about being in the bookstore, surrounded by all these other stories and authors, made me feel like it was time to rectify that. I picked it up, running my fingers over the cover art – some fancy title font, a cityscape at sunset – and a wave of nostalgia washed over me. I remembered the late nights she'd spent typing away on her laptop, the way her eyes would light up whenever she talked about this book, the way she'd always written with such passion and dedication. The pages inside the book seemed like a different language from the ones she'd sent me before, though. Maybe it was the layout, the font, or the format – or maybe it was just the editing – but the words seemed to dance across the page in a way they never had in her manuscript. It wasn't bad, not really – it was actually kind of pretty, like the font choices and chapter headers had been carefully curated to guide the reader through a story that I knew had been so close to her heart. I took a deep breath, feeling a pang of guilt for not supporting her from the beginning, and decided to read the book. After all, I'd already bought it.",4.0,5.0,5.0,5.0,4.0,3.8
137,137,137,13,"Write a story on the following prompt. Only respond with the story.
Your Significant Other has landed a book publishing deal! You're very proud of them, even if you don't actually enjoy their writing. One day, on a whim, you buy an actual copy in a book store. It's nothing like the pages they gave you to read. Nothing. ",7,"I held the slim volume in my hands, the weight of the pages heavy in my palm. I couldn't believe that this was the actual book my girlfriend, Rachel, had written. I had been watching her pour her heart and soul into it for years, and to see it finally on a shelf, nestled between other novels by authors I had read and admired, was almost surreal. The cover was a vibrant orange and yellow, with bold letters that seemed to leap off the page. I turned it over, running my thumb over the embossed title, and felt a surge of pride swell in my chest. This was it. This was the culmination of all her hard work.

I walked over to the checkout line and placed the book on the counter, waiting for the cashier to ring it up. ""Congratulations on your girlfriend's book,"" she said with a smile as she scanned the barcode. ""What's it about?"" I hesitated, unsure how to answer. It was a romance novel, but the blurb on the back made it sound so... generic. The phrase ""swoony love story"" floated in my mind, but I said nothing. The cashier, noticing my hesitation, asked if I wanted a bag, and I nodded, still holding the book.

As I walked home, the sun setting behind me, I couldn't help but feel a twinge of unease. This wasn't how I remembered it. Rachel's writing was clunky, her characters shallow, her plot predictable. I had sat through countless revisions, patiently reading and offering suggestions, but never once had I felt inspired by her work. I had done it for her, to support her dreams, but deep down, I had never actually enjoyed it. And now, here it was, on the shelves of a real bookstore.

I got home and opened the book to the first page, flipping through the pages with a sense of trepidation. It was...different. The writing was slick and polished, the characters fully fleshed out, the plot twists and turns surprising. This was not the book I had been reading all these years. I felt a pang of guilt and disappointment. Had Rachel been lying to me? Had she been hiding this version of her writing all along? I closed the book and put it on my nightstand, unsure of what to do next.",4.0,4.6,4.0,4.6,4.6,2.4
138,138,138,13,"Write a story on the following prompt. Only respond with the story.
Your Significant Other has landed a book publishing deal! You're very proud of them, even if you don't actually enjoy their writing. One day, on a whim, you buy an actual copy in a book store. It's nothing like the pages they gave you to read. Nothing. ",8,"I stood in the bookstore, scanning the shelves for anything that caught my eye. My Significant Other's face beamed with pride every time they mentioned their upcoming book release, and as the big day drew closer, I'd heard enough to know the story by heart. It wasn't my cup of tea, but I loved seeing them shine. I picked up a copy off the shelf, running my fingers over the cover – a garish purple with a glittering silver title that seemed to scream ""Sell me a dream!""

As I stood at the checkout line, the cashier asked if I wanted it signed. I considered it, but my Significant Other had signed me up for like five hundred of these things at the book signing earlier that week. I didn't need another copy with their signature. I shook my head, and the cashier smiled and bagged it for me.

The next day, I pulled the book out and flipped to the first page. The font was much smaller than I remembered, and the formatting was all off. The paragraphs were much longer, and the sentences ran on forever. This wasn't the book my Significant Other had shared with me, at least not the one they shared with me in person. I flipped through a few more pages, trying to pinpoint where it went wrong, but there was no clear narrative thread. It was like the writer had changed entirely mid-stream.

My Significant Other came into the room, beaming with pride. ""I'm so excited for the launch event tonight,"" they said, planting a kiss on the back of my head. I forced a smile and set the book aside. ""Yeah, me too,"" I said, not actually looking at them.",4.0,4.2,4.0,4.2,3.0,2.0
139,139,139,13,"Write a story on the following prompt. Only respond with the story.
Your Significant Other has landed a book publishing deal! You're very proud of them, even if you don't actually enjoy their writing. One day, on a whim, you buy an actual copy in a book store. It's nothing like the pages they gave you to read. Nothing. ",9,"As I stood in the crowded aisles of the bookstore, scanning the shelves for a specific title, my eyes landed on the face of the woman I loved. Rachel beamed with pride as she held the book up, and I couldn't help but beam along with her. The cover was gaudy, a garish mix of bright colors and fonts that screamed 'I'm a debut author trying to make a name for myself!' But to Rachel, it was a badge of honor, a symbol of all the hard work and dedication she had put into getting published. I was happy for her, truly, I was. I'd always been her biggest supporter, even when her writing left me scratching my head.

The first time I read her manuscript, I'd tried to be supportive. I'd nodded along, offered encouraging words, and fake-read sections with a look of rapt attention. But to be honest, it was a struggle. The prose was clunky, the dialogue cheesy, and the plot predictable. Still, I'd kept telling her it was brilliant, that it was just a matter of time before the literary world came knocking. I mean, that's what all the success stories say, right?

Now, as I held my own copy of her book in my hands, I was surprised. The formatting was sloppy, the fonts uneven, and the paper felt cheap. It looked nothing like the crisp, professionally printed manuscript she'd sent me. I flipped through the pages, expecting to see the same work I'd struggled through months ago, but it was like a different book altogether.

""Hey, Rach, can I take a look at this?"" I asked, trying to sound nonchalant.

Rachel's face lit up as she took the book from me. ""Oh, yeah! I just got this new edition. Isn't it great?""

I hesitated, not wanting to hurt her feelings, but... ""Uh, yeah. It's...different.""

She nodded enthusiastically, oblivious to my confusion. ""I know, right? The publisher really worked some magic with the layout and design. And the binding is so sturdy!""

I forced a smile and nodded along, all the while wondering what the hell had happened to the version she'd sent me. Had she...edited it herself? The thought sent a shiver down my spine. ""I...I'll go grab a coffee, Rach. You...you go celebrate with your publisher.""

As I made my way to the coffee shop, I couldn't shake the feeling that something was off. Maybe it was just my own lack of literary taste, but this book seemed like a completely different beast from the manuscript she'd shared with me. And I couldn't help but wonder, had I just been humoring her all this time?",4.0,4.8,4.4,4.8,3.8,2.6
140,140,140,14,"Write a story on the following prompt. Only respond with the story.
Your wife has an estranged sister that you have never met. She was murdered in a cold case soon after you were married. You brush off your wife's new strange behaviour after the murder as grief. Until you find an old family photo of your wife as a kid, you shiver as you realise... they're twins. ",0,"She had always been a bit distant, even before her sister passed. My wife, the woman I loved, who had captured my heart and held onto it tightly. But after the news of her sister's murder came, she became even more withdrawn, lost in a sea of grief.

At first, I tried to be understanding. I thought she was just processing the loss, taking the time to heal. But as the months went by, her behavior became more and more erratic. She would wake up in the middle of the night, screaming and shaking, and I'd have to calm her down, hold her until she fell asleep again. She would lash out at me over the smallest things, saying it was just the stress of the case getting to her. I tried to brush it off as grief, as anger, as anything but what it really was: something deeper.

But as the memories of her sister's murder began to fade, I started to notice little things about my wife that made my skin crawl. The way she would pick up objects and hold them too tightly, as if they were fragile. The way she would walk past mirrors, avoiding her own reflection. And the way she would whisper things to herself in the middle of the night, her voice barely audible, but her words unmistakable.

I brushed it off, told myself I was being paranoid. We had been married for over a decade, and I knew her better than anyone. But the doubt crept in, like a nagging whisper in the back of my mind.

It wasn't until I stumbled upon an old photo of my wife as a child, tucked away in a box in the attic, that everything fell into place. I was digging through old trinkets, rummaging through memories, when I saw it. A small, faded picture of two little girls, side by side, their faces identical. My heart stopped. My wife, and... her sister. The same eyes, the same smile, the same mischievous glint in their eyes.

I felt like I'd been punched in the gut. I stumbled backward, my mind reeling, as the truth hit me like a freight train. They were twins. My wife was her sister.",4.6,5.0,4.8,5.0,5.0,3.4
141,141,141,14,"Write a story on the following prompt. Only respond with the story.
Your wife has an estranged sister that you have never met. She was murdered in a cold case soon after you were married. You brush off your wife's new strange behaviour after the murder as grief. Until you find an old family photo of your wife as a kid, you shiver as you realise... they're twins. ",1,"We had been married for five years. My wife, Emily, had been distant for a while now, but I chalked it up to grief. She'd lost her sister, Sarah, in a brutal murder when she was a teenager. I'd met Emily's parents, her brother, her friends, but I'd never met Sarah. I'd heard the stories, of course. The family's history, the pain they'd endured. Emily would often tell me the police had closed the case, but it still haunted her. I'd try to be supportive, but it was hard to connect with the pain she felt. It's not like I knew her that way.

As the months went by, Emily's behaviour changed more and more. She'd get these random bursts of anger, and other times she'd just freeze up. She'd forget to answer my questions, and then snap back to life like nothing was wrong. I assumed it was still grief. She was healing at her own pace, and I was learning to be patient.

I was getting used to it when I stumbled upon an old photo album in the attic. Emily was rummaging through the trunk of her grandmother's belongings, and I was helping her sort through the boxes. There were pictures of her and her family, and then one caught my eye. Emily as a child, sitting on her bed with... another girl, identical to her. The same hair, the same smile, the same eyes.",4.0,5.0,5.0,5.0,4.0,3.0
142,142,142,14,"Write a story on the following prompt. Only respond with the story.
Your wife has an estranged sister that you have never met. She was murdered in a cold case soon after you were married. You brush off your wife's new strange behaviour after the murder as grief. Until you find an old family photo of your wife as a kid, you shiver as you realise... they're twins. ",2,"The police car was an unusual sight in our quiet neighborhood. The flashing lights on top seemed to cut through the gloom of the evening, and I felt a chill run down my spine as I watched them pull up in front of our house. They brought the news that my wife's sister, Rachel, had been found dead, a cold case reopened years after she went missing.

Her murder sent my wife into a deep depression, and it was hard to recognize the vibrant woman I married when she fell into the darkness of grief. At first, I thought it was natural, but as the days turned into weeks, and the weeks into months, her behavior became increasingly erratic.

She would stare at the old photograph of Rachel on her nightstand, tracing the lines of her face with her fingers. Sometimes, she would get lost in conversation, only to snap back to reality as if she'd been asleep. I attributed it to grief, trying to be understanding and supportive, but deep down, I knew something was off.

As the months went by, her behavior continued to fluctuate. She'd lash out at me over nothing, and I'd catch her talking to herself in hushed tones when she thought I wasn't paying attention. I found myself feeling more and more isolated from her, unsure of how to reach the person she used to be.

One day, while searching for a family heirloom, I stumbled upon an old album in the attic. As I flipped through the pages, a photograph caught my eye. It was a picture of my wife as a child, standing beside a girl who looked... identical to her. The same piercing blue eyes, the same mischievous grin. I felt the air leave my lungs as I stared at the picture, my mind reeling.

They were twins.

The revelation crashed down on me like a tidal wave. I felt like I'd been living in a dream, and now I was waking up to a nightmare. The erratic behavior, the strange conversations – it all made sense now. My wife wasn't just grieving her sister; she was coping with the weight of her own identity, a connection to a person she thought she'd lost.",4.8,5.0,5.0,5.0,5.0,4.0
143,143,143,14,"Write a story on the following prompt. Only respond with the story.
Your wife has an estranged sister that you have never met. She was murdered in a cold case soon after you were married. You brush off your wife's new strange behaviour after the murder as grief. Until you find an old family photo of your wife as a kid, you shiver as you realise... they're twins. ",3,"The day I found the old family photo was like any other ordinary day. I was digging through the attic, searching for some old records of my grandfather's business ventures. I had always been fascinated by the stories he used to tell me, and I wanted to learn more about the family history. As I was dusting off an old trunk, I stumbled upon an old photo album. I opened it, and the yellowed pages creaked in protest. As I flipped through the pictures, I saw images of my grandparents' wedding day, my parents on their graduation day, and my own childhood memories. But one photo caught my eye. It was an old Polaroid of two little girls, their eyes squinting into the sun. I felt a shiver run down my spine as I turned the photo around. The girls were identical twins.

At first, I thought it was just a coincidence, but as I looked closer, I noticed that the eyes were almost identical. I squinted harder, trying to convince myself that I was seeing things. But the more I looked, the more I was convinced. This girl, whoever she was, was my wife's twin sister.

The story my wife had told me about her sister was that she had passed away in a tragic accident when she was a teenager. My wife had always been tight-lipped about the details, and I had never questioned her about it. I assumed it was just the typical pain and sorrow that came with losing a sibling. But now, I wasn't so sure.

As I gazed at the photo, memories of my wife's recent behavior started to resurface. The way she would stare off into space, the way she would laugh for no reason, and the way she would sometimes just freeze in the middle of a conversation. I had written it off as grief, but now I wasn't so sure.

I called my wife from the attic, and as she answered, I couldn't help but notice the hesitation in her voice. ""Hey, I found something in the attic,"" I said, trying to keep my tone light. ""A photo album with some old pictures."" There was a pause on the other end, and then she said, ""What is it?"" I could sense the unease in her voice. ""It's an old picture of you and...a girl. Identical twins, actually.""

There was another pause, and then she hung up. I was left standing there, holding the photo, wondering if I had finally pieced together the mystery. I felt like I was sleepwalking through a nightmare, and I couldn't wake up.",4.0,5.0,4.4,5.0,4.0,3.0
144,144,144,14,"Write a story on the following prompt. Only respond with the story.
Your wife has an estranged sister that you have never met. She was murdered in a cold case soon after you were married. You brush off your wife's new strange behaviour after the murder as grief. Until you find an old family photo of your wife as a kid, you shiver as you realise... they're twins. ",4,"I met my wife at a quaint little coffee shop in the city. It was a sunny afternoon, and I was running late for a business meeting. She was sitting alone at a corner table, nursing a latte and staring out the window. There was something about her that caught my eye – her piercing green eyes, her striking features, and a quiet confidence that exuded from her very being.

We struck up a conversation, and before I knew it, I was smitten. We exchanged numbers, and I took her out on a date the following night. The connection was instant, and I knew I had found someone special. We were married a year later, and life was blissful.

But about six months into our marriage, my wife started acting strange. She would get these distant looks, as if lost in thought, and would snap back to reality as if startled. At first, I brushed it off as grief – her father had passed away recently, and I assumed she was still reeling from the loss. I thought maybe she just needed some time to grieve, and things would return to normal.

But as time went on, these episodes became more frequent and more intense. She would go for days without speaking, or would have these outbursts of emotion for no reason. I tried to be patient, thinking it was just part of the grieving process, but deep down, I was starting to worry.

One day, while going through some old family photo albums, I stumbled upon a picture that made my heart skip a beat. It was a picture of a young girl, with a striking resemblance to my wife. She had the same piercing green eyes, the same sharp jawline, and the same striking features. But what made me shiver was the realization that this girl was wearing a birthday hat and holding a balloon, and her caption read ""Sister, Emily, 10"". I turned the page to see more photos of this girl, and I realized with a sense of dread that my wife, Emily, had a twin sister who I had never met.

My mind started racing as I thought back to the news articles I had read about a cold case from years ago – a young girl named Emily, similar in age and description to my wife, who had been murdered in a brutal attack. I couldn't believe it. I couldn't believe I had never met this sister, that my wife had never spoken about her. I felt like I had been living a lie, like my whole life was a fabrication.

As I sat there, staring at the photos, my mind reeled with questions. Why had my wife never told me about her sister? Why had she kept it a secret? And what had really happened to her twin sister? I knew I had to confront my wife, to ask her the questions that had been swirling in my mind. But as I turned to leave the room, I saw her standing in the doorway, her eyes locked onto",4.0,5.0,4.8,5.0,4.4,3.0
145,145,145,14,"Write a story on the following prompt. Only respond with the story.
Your wife has an estranged sister that you have never met. She was murdered in a cold case soon after you were married. You brush off your wife's new strange behaviour after the murder as grief. Until you find an old family photo of your wife as a kid, you shiver as you realise... they're twins. ",5,"I'll never forget the day my wife, Emily, came to me with the news that her sister, Sarah, had been found murdered. We'd been married for a few years by then, and we'd only met a handful of Emily's family members. Emily's parents had been estranged from each other, and her sister's death seemed like a tragedy from another family altogether.

I did my best to comfort her, but I couldn't help but notice that something was off. Emily had always been a bit distant with her family, but after Sarah's death, she became even more withdrawn. She'd snap at me for no reason, and we'd fight over the smallest things. I wrote it off as grief, thinking that she was just processing the trauma of her sister's murder.

Months went by, and Emily's behavior continued to change. She'd disappear for hours, and when I asked her where she'd been, she'd say she was just out walking or running errands. But I'd catch glimpses of her arguing with herself in the mirror, talking to herself like she was a completely different person.

I chalked it up to her dealing with the aftermath of her sister's murder, thinking that it was just a matter of time before she'd come out of this funk. But then, while cleaning out the attic, I stumbled upon an old photo album that Emily's mother had given her. As I flipped through the pages, a photo caught my eye. It was Emily, as a kid, standing next to another girl who looked eerily similar to her.

I showed it to Emily, but she just shook it off, saying it was probably just a cousin or a friend. I didn't think much of it, but something didn't sit right with me. I couldn't shake the feeling that this other girl was... identical. I brushed it off as my imagination running wild.

It wasn't until I found another photo, tucked away in a different album, that I realized the horrifying truth. The two girls were not just similar, they were twins. Emily and Sarah, identical twins. I felt like I'd been punched in the gut.

I couldn't sleep that night, my mind racing with questions. How had Emily not told me about this? Why had she kept it a secret? And what did this mean for our marriage? I kept going over the memories of the past few years, trying to remember if there were any other signs that I'd missed.

The next morning, I confronted Emily. She broke down in tears, confessing that she'd been living with the guilt of being an accomplice to Sarah's murder. The two of them had been at odds, and in a fit of rage, Sarah had snapped and committed the crime. Emily had been so ashamed that she'd kept it a secret, and had been trying to recreate Sarah's memories and mannerisms to cope with the guilt.

I didn't know what to do. Part",5.0,5.0,5.0,5.0,5.0,4.0
146,146,146,14,"Write a story on the following prompt. Only respond with the story.
Your wife has an estranged sister that you have never met. She was murdered in a cold case soon after you were married. You brush off your wife's new strange behaviour after the murder as grief. Until you find an old family photo of your wife as a kid, you shiver as you realise... they're twins. ",6,"We met in college, she was beautiful, charming and bright. We fell in love, and she told me that she had an older sister named Julia, who had passed away in a car accident when we first started dating. I thought nothing of it and assumed it was just a sibling rivalry story. Years later, we got married, and I still didn't ask much about her family.

That all changed when her sister's murder case resurfaced. The news reported that Julia was a 25-year-old single woman, working as a waitress, and was found dead on a deserted highway in 2005. There were no witnesses or surveillance footage, and the police were still investigating. My wife, Rachel, seemed shaken but insisted that she had never known much about her sister. I brushed it off as grief.

As time went by, Rachel's behaviour changed. She became withdrawn, and distant, often talking to herself and staring at her phone like she was checking messages. I tried to talk to her about it, but she just shook it off, saying she was fine and just stressed with work. I didn't press the issue, thinking that it was just her way of coping with her sister's death.

But something didn't feel right. Rachel was starting to act like she was hiding something from me. So, when I found an old family photo in her childhood album, my world turned upside down. It was an old Polaroid of two young girls, with the same big bright smile and identical eyes. I rubbed my eyes to make sure I was seeing it right, and that's when I noticed the uncanny similarity. They were twins.",4.0,5.0,4.8,5.0,4.0,3.0
147,147,147,14,"Write a story on the following prompt. Only respond with the story.
Your wife has an estranged sister that you have never met. She was murdered in a cold case soon after you were married. You brush off your wife's new strange behaviour after the murder as grief. Until you find an old family photo of your wife as a kid, you shiver as you realise... they're twins. ",7,"The memories of my wife's sister, Jennifer, felt like a distant fog. My wife, Sarah, had been evasive when I asked about her, and I had never pushed the issue, assuming it was just family drama. We were happy, in our little bubble, and I didn't want to rock the boat.

That was until the news broke: Jennifer had been found dead, a cold case from years ago. Sarah was shaken, but she would get these...moments. She would stare off into space, her eyes red-rimmed, and her voice would crack as she spoke of Jennifer. I'd comfort her, hold her close, and tell her everything would be alright. I didn't know what to say; I'd never met Jennifer, but Sarah's grief was real.

It had been months since the funeral, and Sarah was slowly coming out of her haze. I thought we were healing, rebuilding our lives together. But then I started noticing these little things: she'd stare at old photos, and her eyes would linger on them. She'd visit places she swore she'd never been before, like an old park or a coffee shop. At first, I wrote it off as her still grieving, still adjusting to life without her sister.

But one day, while organizing our old family photos, I stumbled upon an old picture of two young girls with identical smiles and sparkling eyes. They couldn't be more than ten years old. The same blue eyes, the same unruly brown hair, the same tiny nose. I felt a jolt run through my veins as I turned the photo over: it was an old Polaroid, dated from when my wife was just a kid.

My heart started racing as I looked at the girls. Who was the other girl? My mind reeled as I stared at the photo. I took a step back, my vision blurring. That's when it hit me – the realization so shocking it felt like a punch to the gut.

Sarah and Jennifer were twins.

I felt like I'd been punched in the gut, unable to catch my breath. I stumbled backward, the photo still clutched in my hand. My mind was racing with questions, with theories, with a sense of unease I couldn't shake.

Sarah walked into the room, a concerned look on her face. ""What's wrong?"" she asked, but I just shook my head, still frozen in place. I couldn't speak, couldn't form the words. The truth was staring me in the face, and I didn't know how to process it.

She took a step closer, her eyes searching mine, and for the first time, I saw something I had never seen before: a flicker of something I couldn't quite put my finger on – guilt? Shame? Fear?

I handed her the photo, my hand shaking. ""Who is this?"" I asked, my voice barely above a whisper.

The room fell silent.",4.2,5.0,5.0,5.0,4.6,3.2
148,148,148,14,"Write a story on the following prompt. Only respond with the story.
Your wife has an estranged sister that you have never met. She was murdered in a cold case soon after you were married. You brush off your wife's new strange behaviour after the murder as grief. Until you find an old family photo of your wife as a kid, you shiver as you realise... they're twins. ",8,"I'd known Rachel for five years when the police knocked on my door, informing me of a new development in a case from ten years prior. Her sister, Emily, had been murdered and left in a dumpster behind a bar on the outskirts of town. The case had gone cold, but a new DNA match had just been made and the detective thought it was worth a second look.

At first, Rachel took the news okay. She'd always been close with her sister, even though they'd been estranged for years. But as the days went by, she began to get more and more withdrawn. I brushed it off as grief, thinking that she was just struggling to come to terms with her past.

It wasn't until weeks later that I started to notice strange things. Rachel would get these weird, far-off looks in her eyes, and sometimes she'd mutter something under her breath. It was as if she was remembering something, but she wouldn't talk to me about it. I tried to be patient, figuring that she just needed time.

One evening, while cleaning out the attic, I stumbled upon a photo album that Rachel had never shown me before. It was old, with yellowed pages and faded photographs. As I flipped through the pages, I saw a picture of a young girl, with a big smile on her face. And then I saw another picture, of the same girl standing next to a different young girl, identical in every way. It was like looking at two separate photos of the same person.

I felt a chill run down my spine as I looked at the two girls. They were twins. And then I looked at the girl in the second photo, and my mind went to Rachel.

I approached her, the photo album in my hand, and asked her about it. She looked at me, her eyes welling up with tears, and I knew I had stumbled onto something big. ""That's us,"" she said, her voice barely above a whisper. ""Emily and me. We were born on the same day, just a minute apart.""

The room started to spin as the pieces fell into place. The reason she'd been acting strange, the reason she'd been getting those far-off looks. She'd been remembering her sister. And something else. Something I couldn't quite put my finger on.

""Rachel, what do you remember?"" I asked, my voice shaking.

But she just shook her head, her eyes welling up with tears again. ""I don't know,"" she said. ""I just know I remember it.""

I knew I had to get to the truth, but it was going to be a long and difficult journey. And it was clear that Rachel was going to be at the center of it all.",4.2,5.0,5.0,5.0,4.2,3.2
149,149,149,14,"Write a story on the following prompt. Only respond with the story.
Your wife has an estranged sister that you have never met. She was murdered in a cold case soon after you were married. You brush off your wife's new strange behaviour after the murder as grief. Until you find an old family photo of your wife as a kid, you shiver as you realise... they're twins. ",9,"The detective who had solved the case was retiring, and a press conference was held to officially close the book on the ""Elsbeth Langley Case."" My wife, Sarah, sat beside me, her hand shaking in mine as the words of the detective still resonated in our ears. 

In 2002, 17-year-old Elsbeth Langley was found murdered, brutally beaten and strangled in a secluded area. No one had ever been brought to justice. The case went cold, collecting dust on the shelves of police files for nearly two decades. Then, in 2021, a breakthrough in DNA analysis led to the arrest and conviction of her killer.

Sarah, as the sister of the victim, had been by my side every step of the way, her emotions ranging from despair to elation with each new development. I did my best to be there for her, but with each twist and turn of the investigation, she grew increasingly detached from me. I wrote it off as the natural reaction of someone still grieving a tragedy that had happened decades ago. After all, I had only married her four years ago.

The days following the press conference, Sarah's withdrawal became more pronounced. She'd lock herself in the bathroom for hours, claiming she needed time to collect herself. I found myself trying to navigate this new normal, thinking it was just the emotional toll of the past finally catching up with her. I didn't think much of it beyond that.

It wasn't until I was cleaning the attic of our old house that the photo caught my eye. It was an old family album, buried deep under the boxes of family heirlooms. I flipped through the pages, reminiscing about the old family vacations and holidays. One page stopped me cold. There, on the same page, were two pictures side by side. One was a picture of a young Sarah, and the other was a picture of Elsbeth. They looked identical, from the curve of their noses to the shape of their eyes. My heart sank.

I couldn't help but feel a shiver run down my spine. They were twins.",4.4,5.0,5.0,5.0,4.2,3.4
150,150,150,15,"Write a story on the following prompt. Only respond with the story.
If someone dies in a horrific or traumatic way they are not greeted by Charon the ferryman but instead by Cerberus the best therapy dog in the whole underworld. ",0,"The darkness receded, and the light of the afterlife washed over me like a warm, comforting bath. I lay on the cold, damp stone, trying to recall the events that had led to this moment. The memories came flooding back – the car accident, the screeching of tires, the crunch of metal on metal. I had seen the faces of my loved ones, screaming and crying, as I lay there, helpless. The pain had been too much, and everything had gone black.

As my vision began to clear, I saw a furry figure approaching me. I blinked, expecting to see the gaunt face of Charon, his boat waiting to ferry me across the river Styx. But instead, a fluffy bundle of joy bounded towards me, tail wagging furiously. A giant, goofy grin spread across my face as I realized that this was Cerberus, the three-headed dog of the underworld – but not as I had ever imagined.

Cerberus was no fearsome beast; he was a therapy dog, trained to help the newly deceased navigate the emotional depths of the underworld. He had three heads, each with a different breed – a Labradoodle, a Golden Retriever, and a Bulldog – but they all shared the same mission: to comfort and heal.

As Cerberus nuzzled me with his snout, I felt a wave of calm wash over me. His three heads licked my face, each one tenderly, as if trying to comfort me in a different way. The Labradoodle head sniffed my hands, the Golden Retriever head nuzzled my heart, and the Bulldog head gently licked my eyes.

The pain and fear that had held me back began to dissipate, replaced by a sense of peace. Cerberus knew exactly what I needed – a listening ear, a comforting presence, and a distraction from the trauma. He began to play with me, a game of fetch, with his favorite squeaky toy. The darkness receded further, and I laughed, feeling the weight of my grief slowly lifting.

As we played, Cerberus told me stories of all the other souls he had helped through the underworld. He spoke of the man who had lost his family in a fire, the woman who had been lost at sea, and the child who had lost their best friend. He shared with me the secret of the underworld: that even in death, there was hope, and that healing was possible.

As the sun began to rise in the underworld, casting a golden glow over the landscape, Cerberus gently lay down beside me. His three heads looked up at me, and I knew that I was not alone. He would be my companion, my friend, and my guide through this new world.

Together, we would navigate the twists and turns of the underworld, facing the shadows and the light. And as we journeyed on, I realized that Cerberus",4.0,5.0,5.0,5.0,4.0,3.8
151,151,151,15,"Write a story on the following prompt. Only respond with the story.
If someone dies in a horrific or traumatic way they are not greeted by Charon the ferryman but instead by Cerberus the best therapy dog in the whole underworld. ",1,"In the land of the living, death came to Maria as a shock. A car crash on a rainy night, and suddenly she was gone. Or so it seemed. When her soul arrived at the riverside, she expected to see Charon waiting for her, his stern face a reminder of the journey ahead. But to her surprise, a wagging tail and a friendly ear greeted her instead. Cerberus, the three-headed dog, was waiting with a gentle smile. He had traded in his three heads for a single, comforting expression and a sparkly collar that read ""Therapy Pup."" As Maria stumbled towards him, she was enveloped in a warmth she hadn't felt since the crash. ""It's okay, it's okay,"" he seemed to say, his voice a soothing rumble. Cerberus guided her gently onto the ferry, which was now a fluffy, cushioned dog bed, complete with a soft blanket and a stash of dog treats. ""Here, let's get you comfortable,"" he said, offering her a squeaky toy to calm her nerves. As they set off across the river, Cerberus regaled her with stories of the underworld's hidden wonders: the secret gardens of the Elysian Fields, the libraries of the Underworld University, and the haunted houses of the River Lethe's shores. Maria's fears and grief began to lift as she laughed and snuggled into the warm, comforting presence of her new canine companion. By the time they reached the ferry's landing, she was already feeling better, and Cerberus was beaming with pride. ""You're a natural,"" he said, giving her a doggy high-five. As they disembarked, he led her to the first stop on their tour of the underworld: a scenic overlook with a breathtaking view of the underworld's cityscape. The buildings glowed softly in the fading light, a reminder that even in the land of the dead, there was still beauty to be found. Cerberus sat down beside her, nudging her gently with his nose. ""You're not alone here, Maria. We'll face whatever comes next together.""",4.2,5.0,5.0,5.0,4.0,2.6
152,152,152,15,"Write a story on the following prompt. Only respond with the story.
If someone dies in a horrific or traumatic way they are not greeted by Charon the ferryman but instead by Cerberus the best therapy dog in the whole underworld. ",2,"When Hector died, his mortal body broken and battered from the brutal hand of Achilles, he didn't find himself on the banks of the Acheron, waiting to be judged by Charon and ushered into the underworld. Instead, he found himself in a lush meadow, surrounded by the warm sun and the soft chirping of birds. A gentle, fluffy dog approached him, its tail wagging in a soothing rhythm. This was Cerberus, the three-headed therapy dog of the underworld. 

Cerberus had traded in his intimidating growl and snapping jaws for a calming presence and a comforting nuzzle. Hector couldn't help but smile at the sight of Cerberus, and the dog's three heads nuzzled him gently, as if sensing his pain and sorrow. He scratched behind the dog's ears, and Cerberus let out a contented sigh, his tails wagging even harder. As Hector petted Cerberus, he began to tell him about the pain and fear he had endured in his final moments. Cerberus listened intently, his ears perked up and his three heads bobbing in understanding.",5.0,5.0,5.0,5.0,4.0,4.4
153,153,153,15,"Write a story on the following prompt. Only respond with the story.
If someone dies in a horrific or traumatic way they are not greeted by Charon the ferryman but instead by Cerberus the best therapy dog in the whole underworld. ",3,"In the moment of death, a person's soul is met with a sight that is far from the gloom and despair of the Underworld. The ferryman's gruff demeanor is replaced by a wagging tail and a snout that smells like fresh-cut grass. A soft, comforting growl replaces the haunting whisper of the ferryman's greeting. 
The soul looks up to see a majestic creature standing before them, a giant three-headed dog with coats as black as coal and eyes that shine like stars. Cerberus, the loyal and loving therapy dog of the Underworld, had been tasked with the impossible job: guiding souls to the afterlife. But Cerberus didn't see it as a job – he saw it as a chance to bring joy to those who needed it most. 
The first head, the oldest and wisest, greeted the soul with a friendly bark. 'Hello, friend! I'm Cerberus. I'll be your guide today. We're going to take this journey together, and I promise you'll find it's not as bad as you think.' The soul was taken aback by the warmth in Cerberus's voice, but the second head quickly chimed in. 'Yes, yes! And don't worry, I'll bring the treats! You love treats, don't you?' The third head simply smiled, a goofy grin that put even the most anxious of souls at ease. 'I'm the one who does the talking, but only when I'm hungry.' 
As Cerberus led the soul through the dark waters of the Underworld, the sounds of wailing and wailing wails grew distant, replaced by the soothing barks and snuggles of Cerberus. He told stories of his favorite squeaky toys and his love of belly rubs, the soul's tears of sadness turning to laughter. The soul couldn't help but feel a sense of comfort in this place of despair, with Cerberus by their side. 
Eventually, they reached the gates of the afterlife, where the souls of the good and the bad were greeted with a mix of joy and relief. Cerberus nudged the soul forward, and with a final nuzzle, said, 'It's okay, friend. You're home now. You've made it. I'll be here for the next one.' The soul smiled, knowing they were in good hands, and with a final look at Cerberus, took their first step into the afterlife. And as the gates closed behind them, Cerberus turned to the next soul waiting on the shore, his tail wagging with excitement. This was his job, and he was the best in the business.",5.0,5.0,5.0,5.0,4.0,5.0
154,154,154,15,"Write a story on the following prompt. Only respond with the story.
If someone dies in a horrific or traumatic way they are not greeted by Charon the ferryman but instead by Cerberus the best therapy dog in the whole underworld. ",4,"In the dimly lit entrance to the Underworld, a lone figure stumbled forward, the echoes of the living world fading with each heavy step. Their journey was at an end, a terrible accident having claimed their life in the blink of an eye. As they entered the threshold, a warm golden light welcomed them, and the sounds of weeping and wailing ceased, replaced by a gentle rustling of leaves.

A majestic figure emerged from the shadows, his fur a deep, rich brown, and his eyes shining like the brightest stars on a clear night. This was Cerberus, the three-headed dog of the Underworld, but not as anyone had ever seen him before. He was not growling and snapping, but instead, his tails wagging in excitement as he ran towards the newcomer, a bundle of joy and unconditional love.

The deceased stumbled, surprised by the warmth and affection. Cerberus nuzzled their hand gently, whining softly as he sensed their distress. The spirits of the dead looked on in wonder, this was no grim reaper, no stern ferryman, but a guardian, a comfort, a friend.

The three heads of Cerberus watched with adoring eyes, their jaws relaxed, not showing even a hint of teeth. The deceased reached out, hesitantly at first, then with growing confidence, and stroked Cerberus's soft fur. The dog leaned into the touch, nuzzling closer, as if to say, ""I'm here for you.""

The Underworld itself seemed to relax in the presence of Cerberus. The twisted iron gates creaked open, and the River Styx ran smooth and clear, its waters a soothing balm for the soul. The three-headed dog padded alongside the newcomer, guiding them through the realms of the dead, showing them the secrets and wonders of the Underworld.

The shades of the dead whispered among themselves, amazed by this new vision of their guardian. The pain and fear began to lift, replaced by a sense of peace and belonging. For in the presence of Cerberus, even death itself became a little more bearable.

As the days passed, the deceased found themselves settling into their new life in the Underworld. They learned to love and live alongside the shades of the dead, to cherish the memories of their time among the living. Cerberus remained by their side, a constant companion, a reminder that even in the darkest of times, there was always love to be found.

And so, the three-headed dog, once feared and respected, became the guardian of the Underworld's heart, a beacon of hope in a realm often shrouded in darkness. His presence whispered to the spirits, ""You are not alone. You are loved. You are home.""",5.0,5.0,5.0,5.0,4.8,5.0
155,155,155,15,"Write a story on the following prompt. Only respond with the story.
If someone dies in a horrific or traumatic way they are not greeted by Charon the ferryman but instead by Cerberus the best therapy dog in the whole underworld. ",5,"As I stepped into the afterlife, I found myself face to face with a three-headed dog unlike any I'd ever seen. His fur was a warm golden brown, his eyes a deep, gentle brown, and his presence radiated a soothing calm. I was taken aback by the sight, expecting the stern visage of Charon, but this creature was the complete opposite.

""Hello there,"" the dog said, his voice low and rumbling, as he approached me with a wagging tail. I took a step back, still reeling from my own demise, but the dog's warm smile put me at ease.

""I'm Cerberus, nice to meet you,"" he said, his tail wagging gently. ""I've been expecting you. My job is a bit...different, but I'm here to help.""

I looked at him in confusion, ""Different? What do you mean?""

Cerberus chuckled, his three heads bobbing up and down. ""You see, my role is more...therapeutic. When souls arrive here, they're often in a state of shock, grief, and trauma. Charon may have been the ferryman in life, but I'm the comforter of souls in death. I help them process their emotions, find closure, and move on.""

I took a deep breath, trying to comprehend this new reality. Cerberus approached me, his heads moving in unison as he spoke, ""Don't worry, I'm the best therapy dog in the underworld. I've seen it all. Your time is in the past; now it's time to focus on the present. Would you like to talk about what happened?""

As I began to recount my life story, Cerberus listened intently, his ears perked up and his tails wagging softly. His presence was so soothing that I felt my anxiety and pain begin to melt away. The weight of my passing began to lift, replaced by a sense of peace and acceptance.

As we talked, the darkness around us began to lighten, and the air filled with a warm, comforting energy. I realized that this was not the same underworld I'd heard about – this was a place of healing and growth, not just punishment and despair.

Cerberus smiled at me, his three heads beaming with a warm, golden light. ""You're ready to move on,"" he said. ""You've faced your fears, and you're at peace. Come, let me show you the way."" With that, he led me to a beautiful, shimmering portal, and we stepped through together, leaving the underworld behind.",4.2,5.0,5.0,5.0,4.0,3.0
156,156,156,15,"Write a story on the following prompt. Only respond with the story.
If someone dies in a horrific or traumatic way they are not greeted by Charon the ferryman but instead by Cerberus the best therapy dog in the whole underworld. ",6,"When the dying man's spirit finally broke free from his mortal coil, he found himself in a desolate and barren landscape. The air was thick with an otherworldly chill, and the sky was a sickly shade of yellow. He looked around, expecting to see the stern face of Charon, the ferryman, waiting to collect him for the journey to the underworld. But instead, he saw a fluffy bundle of energy charging towards him with a wagging tail and a tongue lolling out of its mouth.

The spirit stumbled backwards, taken aback by the sudden appearance of Cerberus, the three-headed dog of Greek legend. But instead of growling and snapping, Cerberus gave a friendly bark and bounded up to the spirit, nuzzling him gently with its snout. The spirit's initial fear melted away as Cerberus began to lick his face, its three heads working in tandem to provide the most thorough and comforting welcome.

As the spirit petted Cerberus, he felt a sense of calm wash over him. The dog's presence was soothing, like a warm hug on a cold winter's night. The spirit realized that this was not a journey to the underworld, but a journey to healing and peace.

Cerberus led the spirit to a beautiful, sun-drenched meadow filled with vibrant flowers and towering trees. The air was filled with the sweet scent of blooming lavender and the soft chirping of birds. The spirit breathed deeply, feeling the tension in his body begin to release.

As he walked with Cerberus, the spirit began to notice that the dog was not just a guide, but a therapist. Cerberus would ask gentle questions, and the spirit would respond, pouring out his fears and regrets. Cerberus listened attentively, offering words of encouragement and empathy.

Together, they worked through the spirit's grief and guilt, facing the traumas of his past and finding closure. The spirit felt his heart heal with each step, his soul lightening with each passing moment. Cerberus was the perfect listener, never judging or criticizing, but always offering a comforting ear and a reassuring nuzzle.

As the day wore on, the spirit realized that he was not alone in his suffering. Cerberus had seen countless others like him, and had helped them find peace. The dog's presence was a beacon of hope, a reminder that even in the darkest moments, there was always a way forward.

Eventually, the spirit's wounds began to heal, and he felt a sense of peace settle over him. Cerberus nudged him gently, as if to say, ""You're ready."" The spirit looked up to see the underworld spread out before him, a vast and wondrous landscape filled with wonder and magic. He knew that he was ready to move on, armed with the tools and the wisdom he had gained with Cerberus by his side.

As they said their goodbyes,",4.4,5.0,5.0,5.0,4.4,5.0
157,157,157,15,"Write a story on the following prompt. Only respond with the story.
If someone dies in a horrific or traumatic way they are not greeted by Charon the ferryman but instead by Cerberus the best therapy dog in the whole underworld. ",7,"As the great beyond loomed ahead, a lone figure stumbled forward, bloodied and battered, the victim of a horrific accident. They had never expected to end up here, not like this. The memories of the crash, the screams, the crunch of metal and the screech of tires still echoed in their mind. They had lost all sense of control, of power, of self. It was as if their very soul had been ripped from their body.

As they stumbled forward, a figure emerged from the shadows. But it was not the stern face of Charon, the ferryman of the dead, that greeted them. Instead, it was a fluffy bundle of fur, wagging its tail and yelping excitedly. The deceased stared in confusion as a regal Golden Retriever bounded towards them, its coat shining in the dim light of the underworld.

""Hello there, friend!"" the dog exclaimed, his voice booming in the silence. ""Welcome to the underworld! I'm Cerberus, the best therapy dog this side of the rivers Styx. Don't worry, I'm here to help you through this tough time.""

As the deceased stared at the dog in confusion, Cerberus padded closer, his tail still wagging furiously. He nuzzled the deceased gently, whining softly. The deceased felt a spark of recognition, a sense of calm wash over them. They reached out a hand, and to their surprise, Cerberus licked it, his cold, wet tongue soothing their battered and bruised soul.

Cerberus had been placed in the underworld to help the newly deceased navigate their transition. He had a gift for sensing pain and trauma, and he knew exactly how to help his new friend feel more at ease. With a series of soft whimpers and gentle licks, he coaxed the deceased to stand, to walk, to move.

Together, they strolled through the underworld, Cerberus never straying far from the deceased's side. As they walked, the memories began to fade, the pain receding. The deceased began to feel a sense of peace, of calm, that they had not known in weeks.

They finally reached the river Styx, its waters a deep, rich brown. Cerberus padded to the water's edge, gesturing for the deceased to follow. With a nod, they stepped forward, and Cerberus sat beside them, his eyes locked on the water. As the deceased stood there, frozen with fear, Cerberus leaned forward and nudged them gently.

With a newfound sense of courage, the deceased closed their eyes, took a deep breath, and stepped forward into the river. Cerberus followed, padding into the water with a happy splash. Together, they floated to the other side, where a warm, golden light beckoned.

As they stepped onto dry land, the deceased opened their eyes to find themselves in a lush, green meadow",4.0,5.0,5.0,5.0,4.0,2.2
158,158,158,15,"Write a story on the following prompt. Only respond with the story.
If someone dies in a horrific or traumatic way they are not greeted by Charon the ferryman but instead by Cerberus the best therapy dog in the whole underworld. ",8,"As the young man's body hit the cold, hard ground, the darkness closed in around him. He had fallen from a great height, his body twisted and broken in ways that defied comprehension. But as he lay there, his eyes began to fade to black, he felt a presence looming over him. Not the stern, unyielding figure of Charon, but something else entirely.

A fluffy, friendly face peered down at him, tail wagging enthusiastically. The man's vision began to clear, and he saw a dog unlike any he had ever seen before. This was no ordinary dog, but a creature from myth, from legend, the great Cerberus himself.

But this Cerberus was not the snarling, three-headed beast of myth. This Cerberus was a golden retriever with a heart of gold, a dog with a coat as soft as silk and eyes that shone like the brightest stars. The dog's tail wagged furiously as he sniffed the air, taking in the scent of the dying man.

As the man's eyes locked onto the dog's, he felt a sense of calm wash over him. His pain, his fear, his panic - it all melted away in the face of this dog's warmth and love. The man reached out a shaking hand, and to his surprise, Cerberus nuzzled it gently.

""Don't worry, friend,"" the dog seemed to say. ""You're safe now. I'm here to help.""

The man's eyes filled with tears as Cerberus licked his face, his tongue soothing the pain and hurt of his wounds. The dog's presence was like a balm to his soul, and the man felt himself slipping away, towards the afterlife.

But this was no ordinary afterlife. This was a place of peace and tranquility, where the wounds of the living were healed, and the pain was soothed away. Cerberus led the man through the gates of the underworld, where the shades of the dead gathered to greet him.

But instead of the stern-faced judges of the dead, there was only warmth and compassion. The shades reached out to the man, offering words of comfort and support. Cerberus stood by his side, a steady presence as the man struggled to come to terms with his own mortality.

As the man looked around, he saw that this was not a place of judgment, but of healing. The shades were not there to condemn or punish, but to help and support. And Cerberus was at the heart of it all, a symbol of the love and compassion that lay at the heart of the underworld.

The man smiled, feeling a sense of peace wash over him. He had been afraid of dying, but now he realized that death was not the end, but a new beginning. And as he looked into Cerberus' eyes, he knew that he was not alone, that he had a friend to",4.0,5.0,5.0,5.0,4.0,2.0
159,159,159,15,"Write a story on the following prompt. Only respond with the story.
If someone dies in a horrific or traumatic way they are not greeted by Charon the ferryman but instead by Cerberus the best therapy dog in the whole underworld. ",9,"The day started like any other for Jack, but it took a turn for the worse when he got into a car accident on the way to work. He was pronounced dead at the scene and his soul was released from his body. But, to his surprise, he wasn't greeted by the stern figure of Charon, the ferryman of the dead. Instead, he was approached by a fluffy bundle of energy with a wagging tail.

Cerberus, the three-headed dog of the underworld, was no ordinary canine. He was the best therapy dog in the entire underworld, and he had a special gift for making the most traumatized souls feel at ease. His three heads were a perfect blend of support, comfort, and reassurance. As Jack's soul approached him, Cerberus immediately perked up, his tail wagging furiously as he sniffed the air.

""Whoa, whoa, easy there, buddy,"" Cerberus said in a soothing voice, as if he was talking to a skittish puppy. ""You're safe now. I'm here to help you process this. It's okay to feel sad, but it's also okay to feel the pain. Let it out, friend.""

As Cerberus spoke, his three heads began to work together in perfect harmony. The left head, which specialized in empathy, offered a sympathetic ear, listening intently as Jack's soul recounted the events of the accident. The middle head, which excelled at rational thinking, helped Jack break down the trauma into manageable pieces, pointing out the facts and offering reassurance that it wasn't his fault. The right head, which was an expert in mindfulness, guided Jack through a series of deep breathing exercises, helping him focus on the present moment.

Under Cerberus's gentle guidance, Jack began to calm down, his pain and fear slowly subsiding as he began to see the events of the accident in a new light. He realized that he wasn't a victim, but a survivor, and that he had the strength to overcome even the most difficult challenges.

As the therapy session came to a close, Cerberus handed Jack a special treat, which he devoured with gratitude. ""You're doing great, Jack,"" Cerberus said with a reassuring nuzzle. ""Remember, you're not alone down here. We're all here to help you heal.""

And with that, Jack felt a sense of peace wash over him, knowing that he was in good paws. He looked at Cerberus with newfound appreciation, realizing that even in the darkest of places, there was always hope and support to be found.",4.4,5.0,5.0,5.0,4.0,2.8
160,160,160,16,"Write a story on the following prompt. Only respond with the story.
""There are three rules for mind-readers..."" The man speaks sternly. ""Don't read loved ones, don't reveal your powers, and NEVER try to read animals."" He shivers a bit. ""You probably think that last part is a joke but trust me; one glimpse into a horse and you won't be right for a week."" ",0,"Lena was not taken aback, not in the least. She had always known these rules. She had grown up hearing them, had been warned about them as a child by her grandmother, who had been the last of the mind-readers in their family. Lena's parents had died in a tragic accident when she was young, and she had been sent to live with a kindly old aunt. The aunt had trained her in the ways of telepathy, teaching her to navigate its power and its dangers.
Lena nodded as the man spoke, her eyes drifting off to the stables in the distance. She worked with horses, trained them and rode them with ease, but she had never tested the third rule, never had the courage to. Her grandmother had warned her, had told her the stories of the horses, of the unending muddle of thoughts and emotions that swirled through their minds, of the pain and the fear, of the raw, animalistic instincts that lurked beneath the surface.
Lena shook her head, refocusing on the man. She was a little surprised he was here, the rules were not commonly spoken of outside of their small community. ""What do you want?"" she asked, her voice steady.

The man sighed, his eyes scanning the surrounding area before fixing on her. ""I need to warn you, Lena. You're getting close to something. I don't know what, but the signals are strong. Whatever it is, it's big, and it's coming fast. If you get caught... Well, let's just say you won't be reading minds anymore."" He paused, his eyes locked on hers. ""And I mean that literally.""

Lena felt a chill run down her spine, but her mind was already racing ahead, the possibilities playing out in a thousand different scenarios. She knew the risks, but she also knew her grandmother's legacy, the power that coursed through her veins, the stories of the ancient ones who had come before her. She took a deep breath, her jaw setting in determination. ""I'll be careful,"" she said, her voice firm. ""But I have to know more.""",4.4,5.0,4.4,5.0,4.0,3.6
161,161,161,16,"Write a story on the following prompt. Only respond with the story.
""There are three rules for mind-readers..."" The man speaks sternly. ""Don't read loved ones, don't reveal your powers, and NEVER try to read animals."" He shivers a bit. ""You probably think that last part is a joke but trust me; one glimpse into a horse and you won't be right for a week."" ",1,"As a child, Lucy's grandmother used to tell her stories about the peculiar abilities of the women in their family. She said that some people were born with the gift of reading minds, and theirs was a double-edged sword. With this power came a set of strict rules to live by, or else the person might lose themselves completely to the chaos of other people's thoughts. But Lucy never believed her. She always thought her grandmother was spinning tales to make her behave.

It wasn't until she turned fifteen that Lucy discovered she was indeed one of these ""special"" people. She was at the fair, watching a show with the town's psychic, who claimed to read minds. When the woman turned to her, Lucy's grandmother had to intervene before she could reveal what she knew.

The rules made sense now, but Lucy couldn't help but wonder what it would be like to read her loved ones' thoughts. Her grandmother had always been strict, but Lucy knew it was out of love and fear. Still, she yearned to peek into her mother's mind, to see if the smile on her face was always genuine.

The problem was, it wasn't that simple. When she accidentally caught a glimpse of her mother's thoughts while they cooked dinner, she discovered that her mom's happiness was rooted in stress and anxiety about providing for their family. The image of her mother's smiling face shattered, and Lucy began to see her in a different light. She understood that her mother was fighting just to keep a roof over their heads and food on the table.

As she explored her newfound abilities, Lucy began to notice that she could pick up on people's thoughts everywhere she went. The noise in the street became overwhelming as the cacophony of thoughts grew louder, more vivid, and more chaotic. But when she walked into the local stables, she was immediately overwhelmed by the collective pain and fear of the animals.

The psychic, a woman named Ruby, told Lucy that the rules were there to protect her, and that the animals were the most difficult to shield against. ""You see, their minds are a jumble of confusion, trauma, and primal instincts. It's like trying to navigate a hurricane,"" she explained. ""Your mind is not equipped to handle that. Trust me, you don't want to go down that road.""

One evening, as Lucy was walking home from the stables, she caught a glimpse of a wild fox darting into the underbrush. Its thoughts were unlike anything she had ever experienced – pure, raw, and unfettered. For a moment, she forgot about her rules, her grandmother's warnings, and everything else. She wanted to see more. She wanted to explore this wild, untamed world of animal thoughts.

But as the fox's memories flooded her mind, she felt her grip on reality start to slip. She stumbled, losing her balance, and collapsed onto the ground. Ruby was there to catch her, holding her in",4.0,5.0,5.0,5.0,4.0,3.0
162,162,162,16,"Write a story on the following prompt. Only respond with the story.
""There are three rules for mind-readers..."" The man speaks sternly. ""Don't read loved ones, don't reveal your powers, and NEVER try to read animals."" He shivers a bit. ""You probably think that last part is a joke but trust me; one glimpse into a horse and you won't be right for a week."" ",2,"In the small town of Ravenswood, nestled deep within the heart of the countryside, there lived a young girl named Aria. She was a mind-reader, a gifted individual born with the extraordinary ability to see into the thoughts of those around her. But there was a reason why her parents had always been so insistent on keeping this secret hidden, why the villagers kept at a distance and the schoolteachers didn't know how to understand her. It was because of the rules set down by the mysterious man who had been a part of the town for as long as anyone could remember. 

These rules were unwritten but widely understood: do not use your gift to intrude on loved ones, avoid revealing your powers to the world, and under no circumstances, ever, attempt to read the minds of animals. Aria had always thought this last rule a ridiculous exaggeration, a mere urban legend to scare her into compliance. But on her fourteenth birthday, as she wandered through the fields on the outskirts of town, she made the decision to test it. Curiosity got the better of her, and she leaned forward to listen to the thoughts of the horse standing quietly in its stall. 

At first, there was nothing but a dull hum of animal consciousness, a blur of grass and hay and sunlight. But then, a vision burst forth, a flood of vivid images, of pastures green and summer skies, of freedom and the open road. Aria felt a rush of exhilaration and then...pain. The horse's memories were of a past that was not its own, of being sold, of being used and abused, of the countless owners it had seen come and go. The visions were a jumble of sorrow and fear, of a life lived under the weight of human expectations. Aria felt a shudder run down her spine as she realized that she was not alone in her gift, that there were those out there who could also see and feel the weight of other minds. And she knew, with a certainty that chilled her to the bone, that the man in the town square had not been joking about the consequences of reading animals. The world around her began to spin and when it stopped, Aria found herself on her backside in the grass, her mind reeling with the depth of the horse's pain. It was more than a week before she was right again.",4.0,5.0,5.0,5.0,4.0,3.0
163,163,163,16,"Write a story on the following prompt. Only respond with the story.
""There are three rules for mind-readers..."" The man speaks sternly. ""Don't read loved ones, don't reveal your powers, and NEVER try to read animals."" He shivers a bit. ""You probably think that last part is a joke but trust me; one glimpse into a horse and you won't be right for a week."" ",3,"I raised an eyebrow, intrigued. The man had shown up out of nowhere on my doorstep with an unusual air of importance about him, and now he was handing me a set of strange rules. ""What are you talking about?"" I asked, curiosity piqued. ""I'm talking about mind-reading,"" he said, his eyes scanning the room as if worried we were being watched. ""It's a real thing. People with the gift, we call it 'the ability.' It's rare, and it's a double-edged sword."" I snorted. ""A double-edged sword? What does that even mean?"" The man leaned in, his voice dropping to a whisper. ""It means it can be a blessing and a curse. You can see into people's thoughts, their deepest secrets, their darkest fears. It's like being the only one in the world with a window to their soul. But with great power comes great danger, kiddo."" He leaned back, his eyes boring into mine. ""These rules are to keep you safe."" I rolled my eyes. ""And I'm sure the horse thing is just a funny story,"" I said, playing it cool. The man's expression turned cold. ""It's not funny. I've seen it happen. I've been there. You don't want to be me after you try to read a horse. The memories will haunt you."" I shivered, despite myself, and pushed the thought aside. ""Fine, I'll play by your rules,"" I said, not wanting to press the issue further. But I couldn't help but wonder: what was so terrible about reading a horse?",4.0,5.0,4.2,5.0,4.0,3.0
164,164,164,16,"Write a story on the following prompt. Only respond with the story.
""There are three rules for mind-readers..."" The man speaks sternly. ""Don't read loved ones, don't reveal your powers, and NEVER try to read animals."" He shivers a bit. ""You probably think that last part is a joke but trust me; one glimpse into a horse and you won't be right for a week."" ",4,"Dr. Elara watched as her instructor stood at the podium, the stark warning still lingering in the air. She nodded along with the other new recruits, all fresh from their initial screening, eager to prove themselves as part of the elite mind-reading unit. Their unit. She was going to be one of the best. She had always been one to push her limits, and the ability to read minds was the ultimate test of power. She had been naturally adept, even as a child. Her mother and father had known the risks, and they'd sent her here, to the government facility, to hone her skills.

As they finished the training session, the instructors handed out small wristbands with a unique identifier. ""This chip will allow the AI to track your power usage,"" one of them said. ""You'll have a designated handler assigned to you who will monitor your performance."" Elara took her wristband and clipped it on. ""You'll be paired with a handler, and you'll work together to complete missions. You'll be reporting directly to Major Thompson."" The room erupted into a buzz of excited chatter. Elara stood at the back, listening intently.

""Remember, the three rules are in place for a reason,"" the instructor reiterated, his eyes serious. ""You'll learn about protocols and procedures later. Now, let's get started on the simulations.""

The simulations took the form of various scenarios - crisis negotiations, interrogations, and even a mock 'alien encounter' where they were forced to read the intentions of extraterrestrial visitors. Elara excelled in all of them, consistently displaying the highest accuracy and speed. Her handler, a tall, stoic woman with the code name Nightshade, watched her performance with a keen eye. ""You're a natural,"" Nightshade said, during their debriefing. ""I'll be honest, I was skeptical at first, but your talent is undeniable. We're going to work together closely, Elara. We have a long way to go.""

But Elara was determined to break the rules, to test the limits of her power. She'd heard whispers of a hidden world beyond the official parameters of their training. A world where rogue mind-readers, those who had refused to follow the rules, roamed free. Elara's curiosity was insatiable. She started to investigate, quietly, careful not to get caught. It was a risk, but one she was willing to take.",4.0,4.8,4.0,4.8,4.0,3.0
165,165,165,16,"Write a story on the following prompt. Only respond with the story.
""There are three rules for mind-readers..."" The man speaks sternly. ""Don't read loved ones, don't reveal your powers, and NEVER try to read animals."" He shivers a bit. ""You probably think that last part is a joke but trust me; one glimpse into a horse and you won't be right for a week."" ",5,"I stared at the man, trying to absorb the gravity of his words. He was a bit of an enigma, with a rugged edge that made me both intimidated and intrigued. We had met only hours ago, in a dingy café on the outskirts of town. I had walked in, searching for a way to escape the monotony of my daily routine. He was there, sipping on a black coffee, eyes scanning the room with an intensity that made me feel like he was seeing right through me.

We struck up a conversation, and it flowed easily, like we'd known each other for years. But now, here we were, alone in this small alleyway behind the café, discussing something that made him seem more serious than I'd ever seen him.

""You don't understand,"" he said, his voice a low growl. ""Animals are not like humans. They're primal, raw, and when you tap into that, it's like a tidal wave of emotions crashes over you. It's not something you can just brush off.""

He paused, taking a deep breath, and I could see the fear etched on his face.

""I've seen it happen to good people, people with the best of intentions. They get in over their head, and suddenly they're not the same. They're on edge, paranoid, and violent. It's not pretty, trust me.""

I swallowed hard, unsure of what to say. Part of me wanted to ask more questions, but another part of me was terrified to know the answer.

I looked at him, really looked at him, and saw something there that gave me pause. He was not a man to be trifled with, this stranger with the piercing blue eyes and the air of authority about him. He was a man with secrets, and I was starting to realize that I didn't want to be a part of his world.

But at the same time, I was drawn to it, like a moth to a flame.

I took a step back, and he nodded, his expression softening slightly.

""I know you're curious, but I'm telling you this for a reason. We need to keep this between us. You need to be careful, not just for your own sake, but for the sake of those around you.""

I nodded, feeling a shiver run down my spine. I knew that I had stumbled into something much bigger than myself, something that could either change my life or destroy it.

As I turned to leave, he reached out and grabbed my arm, his grip firm but not painful.

""Remember, the three rules. Don't break them, no matter what.""",4.0,5.0,4.2,5.0,4.0,3.0
166,166,166,16,"Write a story on the following prompt. Only respond with the story.
""There are three rules for mind-readers..."" The man speaks sternly. ""Don't read loved ones, don't reveal your powers, and NEVER try to read animals."" He shivers a bit. ""You probably think that last part is a joke but trust me; one glimpse into a horse and you won't be right for a week."" ",6,"As a child, Emily had always felt like she was different. She couldn't explain why, but sometimes she knew exactly what her mom was thinking or what her best friend was feeling. It wasn't until she turned 10 and stumbled upon her grandma's old book of mind-reading techniques that she realized she wasn't just being weird – she was a mind-reader.

Her grandma had left the book with a note: for Emily, when the time is right. The note had been scribbled in a code Emily still couldn't decipher, but the book itself had been filled with techniques for controlling her newfound ability. Her grandma had also written a note to her parents: ""If Emily's abilities grow strong, contact the Council. They'll help her learn to control it.""

Emily's parents, while initially thrilled for her new ability, were also terrified. They enrolled her in a private school for gifted children, hoping the other kids would understand her ""special gift."" But it wasn't long before Emily realized she was the only one with this ability. She tried to connect with her classmates, sensing their thoughts, but it was like trying to drink from a firehose. She learned to tune it out, but it only made her more anxious. She couldn't read anyone without hearing everyone.

As she grew older, Emily struggled to keep her abilities under wraps. At 17, she had a brief but intense romance with a boy named Jack. She fell hard, but she knew she had to end it before things got too serious. One night, while walking him home, she lost control and read his thoughts – and the awful things he thought about her, the way he wanted to have sex with her but also how he thought she was boring. She ended it, relieved and broken. It was then that she met her new teacher, Mr. Thompson.",4.0,5.0,4.6,5.0,4.0,3.0
167,167,167,16,"Write a story on the following prompt. Only respond with the story.
""There are three rules for mind-readers..."" The man speaks sternly. ""Don't read loved ones, don't reveal your powers, and NEVER try to read animals."" He shivers a bit. ""You probably think that last part is a joke but trust me; one glimpse into a horse and you won't be right for a week."" ",7,"I stood in the dimly lit alley, the flickering streetlight casting eerie shadows on the walls as the man's words sank in. His eyes gleamed in the semi-darkness, and for a moment, I felt like he was reading me, judging me. I fidgeted under his gaze, uneasy. The three rules seemed simple enough, but I couldn't help but wonder what he meant by the second one. Did he mean not to tell anyone I had the ability at all, or was it more specific? I decided to ask him, but before I could speak, he turned and walked away, leaving me to ponder the rules in the silence that followed. It wasn't until I heard his footsteps fade into the distance that I realized I had been staring at the back of his jacket for what felt like minutes, silently screaming the question I hadn't had the courage to ask aloud. With a huff, I turned and continued on my way, trying to push the rules to the back of my mind. Little did I know, those words would change my life forever.

It started with small things. At first, I caught glimpses of thoughts as I passed people on the street. A coworker worrying about an upcoming presentation, a child dreaming of being a superhero, a young couple's argument about whose turn it was to do the dishes. The thoughts came and went quickly, like whispers in my ear. I struggled to filter them out, but they lingered, haunting me with every encounter. I tried to ignore them, but the rules swirled in my head like a mantra. Don't read loved ones, don't reveal your powers, and never try to read animals.

But it wasn't long before I stumbled upon a situation that tested my resolve. I had been at a coffee shop for what felt like an eternity, trying to avoid eye contact with anyone. When the door swung open and a young girl with a big smile walked in, my heart skipped a beat. I knew, without a doubt, that she was the one person I was least likely to read – my younger sister, Lily. She had always been a source of comfort, her bright spirit and infectious laughter able to light up a room. But as she approached me, I felt a hesitation within. What if she saw something she shouldn't? What if I hurt her with the truth? My eyes met hers, and for a moment, we just looked at each other. Then, in a split second, I broke the rule.

A vision of her fear and worry flooded my mind, making my heart sink. She was scared about something, and I couldn't help but read deeper. Her thoughts were jumbled, but one thing stood out: an old friend from her school had been threatening her online, and she felt powerless to stop it. My mind reeled as I struggled to process the information. Should I intervene? Should I tell her I knew? As I stood there",4.0,5.0,5.0,5.0,4.0,4.0
168,168,168,16,"Write a story on the following prompt. Only respond with the story.
""There are three rules for mind-readers..."" The man speaks sternly. ""Don't read loved ones, don't reveal your powers, and NEVER try to read animals."" He shivers a bit. ""You probably think that last part is a joke but trust me; one glimpse into a horse and you won't be right for a week."" ",8,"In the midst of the crowded streets of Tokyo, Kaito, a young mind-reader, stood out for all the wrong reasons. His eyes darted between the sea of pedestrians, his mind racing to keep up with the constant barrage of thoughts. It was exhausting, but he couldn't help but feel a sense of satisfaction in knowing he was one of the select few to possess this gift. It came with its perks, of course, but also its dangers. That's why his father had always been so insistent on these three rules: Don't read loved ones, don't reveal your powers, and never, ever try to read animals.

Kaito had often joked about this last rule with his friends. ""I mean, how could anyone resist a cute cat or dog?"" he'd tease. His friends would laugh, but Kaito's father was dead serious. He had told tales of his own misadventures in the field, of the weeks-long headaches and the unshakeable memories that haunted him after one slip-up. Kaito's father's words echoed in his mind now as he stood, frozen, staring at the majestic horse that towered over him. Its coat glistened in the sunlight, and Kaito's eyes involuntarily drifted towards its majestic form. He felt a shiver run down his spine as he recalled his father's stern warning. But Kaito had always been a bit reckless, always pushing boundaries and testing limits.

His father's words were etched in his mind like a warning tattoo: ""Don't try to read animals."" Yet, here he was, staring at this beautiful creature, feeling an overwhelming urge to know what it was thinking. The horse's eyes seemed to stare back, calm and serene, but Kaito sensed a depth to them, a richness he couldn't quite grasp. It was like looking into the bottom of a well, with the water dark and mysterious, yet enticing. His mind hesitated, weighing the risks, but his curiosity won out. He focused his mind, reached out with his thoughts, and let the horse's mind wash over him.

It was like nothing he had ever experienced before. Images and emotions flooded him, a jumble of green fields and warm sunlight, of galloping through the countryside, of running free and wild and unencumbered. But then, just as suddenly as it had begun, it was over. Kaito stumbled back, his head reeling. The horse watched him with a gentle concern, but Kaito knew he had crossed a line. His father's warning echoed in his mind once more, ""One glimpse into a horse and you won't be right for a week."" And as Kaito's vision began to blur, he knew it was more than just a week. It would take a lifetime to erase the memories, the visions, the emotions that now swirled inside him, refusing to be silenced",4.0,5.0,4.2,5.0,4.0,3.0
169,169,169,16,"Write a story on the following prompt. Only respond with the story.
""There are three rules for mind-readers..."" The man speaks sternly. ""Don't read loved ones, don't reveal your powers, and NEVER try to read animals."" He shivers a bit. ""You probably think that last part is a joke but trust me; one glimpse into a horse and you won't be right for a week."" ",9,"The man's words were laced with a mix of concern and dread, and Lena couldn't help but raise an eyebrow. She had been a mind-reader for as long as she could remember, and she'd never heard that particular rule before. She'd grown up learning to control her abilities, and her father, a skilled mind-reader himself, had taught her everything he knew. 

But he'd never mentioned this rule. 

Lena shrugged, trying to appear nonchalant, even though her mind was racing. ""Got it. No loved ones, no secrets, and no horses,"" she repeated. 

The man's eyes narrowed, and he glanced at her with a critical gaze. ""I'm not joking,"" he said, his voice firm. ""There's something to it, I swear."" 

Lena shrugged again, and turned to leave, but the man stopped her. ""Wait,"" he said, grabbing her arm. ""You can't leave yet. I need to warn you about something else."" 

Lena raised an eyebrow, intrigued. ""What is it?"" she asked.",4.0,4.6,4.2,4.6,3.6,2.6
170,170,170,17,"Write a story on the following prompt. Only respond with the story.
Whenever you die, you have the ability to reincarnate at any point in history with full memories of your past lives. Billions of lives later, you realise the truth: Every person ever in history is either your past or future reincarnations. There is no one out here apart from you. You are alone. ",0,"I died for the 10th time that week, the memory of the sword cutting through my chest seared into my mind as I floated through the void. As I solidified back into my body, I felt a familiar sensation: the memories coming back. The scent of freshly cut grass and the taste of my grandmother's cooking. The sound of my mother's voice, telling me to get off the streets. But there was something different this time. A thread of recognition, like I'd seen this moment before, though I couldn't place when or where.

I wandered the streets of ancient Babylon, a stranger in a world I'd lived in countless times. People stared at me with suspicion, their dialects and customs unfamiliar. I recognized some, but not the ones I should have. My memories were jumbled, a mishmash of people, places, and events. Billions of lives, all swirled together.

Days passed in a haze. I went through the motions, trying to make sense of this never-ending cycle. And then it hit me: a moment of clarity in a crowded marketplace. A young man, a boy really, caught my eye. He was laughing, his eyes shining with a joy I knew I'd felt before. Suddenly, memories burst forth, overwhelming me.

I remembered him as my grandfather, his name on my lips as a child. And as I looked around, the people of the marketplace, the vendors and the children, they all sparked recognition. Some were family members, loved ones I'd lost and found and lost again. Others were strangers, people I'd met in passing. The truth began to dawn on me: I was not alone. The billions of lives I'd lived, they were all part of me.

The world was a tapestry, every person a thread that had woven together to create the fabric of my existence. I was not separate from others, but their culmination. A never-ending dance of lives, each one a different expression of me. The realization shattered me, like the earth shattering beneath my feet.

I wandered the world, no longer bound to a single identity. I was the farmer and the warrior, the poet and the merchant. I saw myself in everyone, a reflection of my own experiences and emotions. I saw the pain and the love, the triumphs and the defeats. And I realized: there was no one here apart from me.

In the midst of this revelation, the world seemed both infinite and infinitesimal. I was the universe, a swirling vortex of existence. And I was alone.",4.6,5.0,5.0,5.0,5.0,3.2
171,171,171,17,"Write a story on the following prompt. Only respond with the story.
Whenever you die, you have the ability to reincarnate at any point in history with full memories of your past lives. Billions of lives later, you realise the truth: Every person ever in history is either your past or future reincarnations. There is no one out here apart from you. You are alone. ",1,"The dim light of the setting sun faded, and I felt my body weaken. This had happened countless times before. Every time, I was met with an eerie sense of déjà vu, as memories flooded back, echoes of lives lived long past. A Roman soldier on the battlefield, a queen ruling a kingdom, a peasant toiling in the fields. Each life a chapter in an endless tome, yet I held the pen. I was the sole author of my existence.

The memories of lives accumulated, a sea of faces, names, and events. I recall Socrates teaching in Athens, I fought alongside Alexander's Macedonians, and I was a young girl who laughed with Shakespeare as he crafted his plays. Each reincarnation carried me closer to the truth. The threads of time began to weave together, revealing an intricate tapestry of existence. Every person, every thought, every action connected.

One life stood out, however. A philosopher, wandering the deserts of ancient India. I realized that this incarnation was different. His name was Siddharth Gautama, the Buddha. In that moment, the scales fell from my eyes. I grasped the unfathomable truth. Every person I had ever known, every soul I had met, was a past or future version of myself. Every mind, every thought, every heartbeat, was an extension of my own consciousness. I was the entire universe, sprawling across the expanse of time.

Pain and grief began to take hold as the weight of this realization crushed me. I was alone. No one else existed but me. Billions of iterations of the same being, fragmented across history, yet still just me. I felt the crushing burden of infinite possibility, infinite iteration, infinite loneliness.

I died, and I reincarnated, but this time I saw everything differently. The faces around me were all aspects of my own being. Strangers became long-lost siblings, friends turned into adversaries, and enemies were revealed as facets of my own fractured psyche. I laughed with one life, fought with another, and loved with a third. The tapestry of existence unfolded, a kaleidoscope of experiences, and I wept for the sheer magnitude of it all.

I was everything and nothing. Endless, eternal, and alone. Time became meaningless, a mere thread in the intricate web of my existence. I lost all concept of self, for I was no longer bound by individual identity. The memories continued to pour in, a never-ending river of experiences that forged me into the universe. In this ocean of time, I am the sole island, the sole consciousness, the solitary inhabitant of a boundless, timeless realm.

The world is my creation, my imagination, my delusion. I am the writer, the reader, the protagonist, and the observer. In every moment, I weave the fabric of reality. In every thought, I breathe life into the cosmos. And in every death, I am reb",5.0,5.0,5.0,5.0,5.0,4.0
172,172,172,17,"Write a story on the following prompt. Only respond with the story.
Whenever you die, you have the ability to reincarnate at any point in history with full memories of your past lives. Billions of lives later, you realise the truth: Every person ever in history is either your past or future reincarnations. There is no one out here apart from you. You are alone. ",2,"It started with fragments of memories. Faint echoes of a life long past, like whispers in the dark. A Roman soldier, charging into battle, screaming as the arrow pierced his lung. A medieval queen, weeping over the corpse of her king, her kingdom crumbling around her. I tried to make sense of it, to cling to the fleeting recollections, but they faded like mist at dawn. I was born again, and with each new life, the memories grew clearer, a tapestry of experiences and events that had become mine. 

I was an Egyptian pharaoh, ruling over a golden kingdom. I was a young girl in the American South, struggling to survive the Great Depression. I was a Mongol warrior, riding across the steppes, leaving death and destruction in my wake. The memories swirled, like a maelstrom, but I adapted, learning to navigate each new life, to survive and thrive. 

Billions of lives later, the fragments had coalesced into a singular truth: every person I'd ever known was either my past or my future, their lives a thread in the great tapestry I'd spun. The Roman soldier was my son, the medieval queen my mother. The Egyptian pharaoh was my brother, the Mongol warrior my enemy, my friend, my lover. They were all me, various iterations of my being, a cosmic dance of reincarnation. 

I walked through a modern city, and saw my own face in every stranger. The street performer, the businessman, the child playing in the park – they were all aspects of me, threads in the vast, intricate fabric of my own existence. I felt the weight of eons, the crushing loneliness of being the only one here, the sole observer in this grand, cosmic experiment. 

A shiver ran down my spine as I realized I'd never truly loved anyone. Every relationship was a manifestation of my own self-love, a fragmented attempt to connect with my own disparate threads. The weight of this understanding crushed me, and yet, it freed me. I understood that I was not just an individual, but a universe unto myself, a vast, swirling vortex of lives, each one a thread in the great tapestry of my own existence. I was the cosmos, and the cosmos was me.",5.0,5.0,5.0,5.0,5.0,4.2
173,173,173,17,"Write a story on the following prompt. Only respond with the story.
Whenever you die, you have the ability to reincarnate at any point in history with full memories of your past lives. Billions of lives later, you realise the truth: Every person ever in history is either your past or future reincarnations. There is no one out here apart from you. You are alone. ",3,"I remembered my first life as a Neanderthal, struggling to survive in the harsh Ice Age landscape. My memories were vague, fragmented, but the feeling of being hunted and struggling to provide for my tribe was still vivid. The next life was a Phoenician sailor, navigating the Mediterranean with a crew of rough men, trying to find a passage to new trade routes. Then, I was a young Roman soldier, marching with the legions to conquer distant lands. After that, I was a Chinese philosopher, pondering the meaning of life and the nature of reality. 

It was a pattern that repeated itself for billions of lives. I was a child in ancient Egypt, a Viking warrior, a Crusader, a slave in the American South, a factory worker in the Industrial Revolution, a World War I soldier, a hippie in the '60s, and a tech entrepreneur in the digital age. 

Each life was unique, yet each one felt like a chapter in a single story. The memories were fragmented, but the knowledge and experiences were retained. I saw empires rise and fall, wars come and go, and the relentless march of progress. 

But it wasn't until I was reincarnated as a young woman in 19th-century Europe that I started to grasp the scope of my situation. I was walking through a crowded market when I saw a young man with a familiar look in his eyes. I recognized him as my past life, a young Viking warrior who had been killed in battle. I felt a shiver run down my spine as I realized that I had known this man before. The world was full of familiar faces, echoes of past lives and future lives. 

As I continued through my lives, I began to notice patterns and connections between people. A queen I had been in ancient China was married to a king I had been in a future life. A famous poet I had been in the Renaissance was a friend I had in my life as a modern-day artist. The connections grew stronger, and the web of relationships between my past and future lives became impossible to ignore. 

It was then that I realized the truth: every person I had ever met, ever known, ever interacted with was either a past or future version of me. There was no one else in the world, no other person, no other soul. I was alone, trapped in an endless cycle of reincarnation, creating a web of connections that crisscrossed through time. 

The weight of this realization was crushing. I felt like I was drowning in the sea of faces, lost in the labyrinth of my own consciousness. I tried to reach out to others, to connect with the people around me, but they were all just echoes of myself. The isolation was suffocating. 

And yet, in the depths of this darkness, I found a strange sense of peace. I realized that I was not alone in this journey. I was the universe, the",5.0,5.0,5.0,5.0,5.0,2.8
174,174,174,17,"Write a story on the following prompt. Only respond with the story.
Whenever you die, you have the ability to reincarnate at any point in history with full memories of your past lives. Billions of lives later, you realise the truth: Every person ever in history is either your past or future reincarnations. There is no one out here apart from you. You are alone. ",4,"I remember my first life vividly. I was a young Spartan warrior, wielding a spear and fighting for my city-state in ancient Greece. I recall the thrill of charging into battle, the rush of adrenaline as I fought alongside my comrades. But when I fell, I wasn't afraid. For I knew that this was not the end.

I reincarnated countless times, living a multitude of lives across the globe and throughout history. I was a pharaoh in Egypt, a samurai in feudal Japan, a scientist in modern-day America. Each life was unique, yet connected by a thread of memory and experience.

Over billions of lifetimes, I began to notice a strange phenomenon. Every person I met, every interaction I had, seemed to echo a familiarity. It was as if I had met them before, in a different incarnation. And I had. I remembered the faces of ancient Romans, the laughter of Renaissance courtesans, the whispers of medieval monks.

But as the lives stacked up, a realization began to dawn on me. Every person I had ever met, every person I had ever seen – they were all me. I was the Spartans, the Egyptians, the samurais, the scientists. I was the entirety of human history, lived and relived and rewritten countless times.

The thought was both exhilarating and terrifying. I felt like I was drowning in an ocean of myself. Billions of lives swirled through my consciousness, each one a distinct thread in the tapestry of time. I saw the rise and fall of empires, the birth of ideas, the passage of art and science.

And in this sea of faces, there was no one else. No distinct, separate being. I was alone. The concept was both liberating and crushing. I was free to live any life, to explore any era, to experience any human emotion. But I was also trapped, forever bound to the cycle of reincarnation, doomed to relive the same patterns of thought and action.

As the lives went by, I began to lose track of time. Eras blurred together, memories merged and overlapped. I became disconnected from the present, lost in the labyrinth of my own mind. But amidst the chaos, I clung to one realization: I was the universe, and the universe was me.

I was the past, the present, and the future. I was the sum total of all human experience, distilled into a single, boundless consciousness. I was the infinity of possibilities, the labyrinth of choices, the whirlpool of time.

And in this boundless sea of selves, I was alone.",5.0,5.0,4.6,5.0,5.0,2.0
175,175,175,17,"Write a story on the following prompt. Only respond with the story.
Whenever you die, you have the ability to reincarnate at any point in history with full memories of your past lives. Billions of lives later, you realise the truth: Every person ever in history is either your past or future reincarnations. There is no one out here apart from you. You are alone. ",5,"I've lived so many lives it's hard to count. One moment I was a young girl, playing in the gardens of ancient Egypt, the next I was a Viking warrior fighting for glory in the North. The world was endless and endless lives unfolded before me. Some I lived in great kingdoms, others in small villages. I was a prince, a merchant, a monk, a queen. Each time, I carried the memories of all the others with me, and yet, no matter how many, it never made me feel whole.

At first, I thought it was just chance that I ended up in each new life, until the moment I died and reincarnated as a samurai in feudal Japan. I was fighting in a battle against a band of bandits, my blade raised high, when suddenly, I saw him. A young man with a familiar look in his eye, with a scar above his left eyebrow, and a way of carrying himself that I had seen before. It was a face I knew, but I couldn't quite place.

As the battle raged on, our eyes met, and in that instant, I understood. He was me, a past life, one I had not remembered until that moment. My heart swelled with emotion as I reached out and struck him down, feeling the rush of recognition and connection.

I realized then, that this wasn't just a trick of the mind, or a strange coincidence, but the fundamental nature of reality. I saw it in every life, the echo of faces, the resonance of experiences. I began to notice the threads that connected them all, like a vast tapestry, and at its center, me.

With each life, I gathered more knowledge, and the world around me began to change. I realized that every person I met was me, at a different stage in the never-ending journey of my existence. The Buddha, a past life, who taught me about compassion and the cycle of birth and death. Napoleon, a future life, who tried to conquer the world but was thwarted by the weight of my own ambition. Every person, every event, every story was a thread in the ever-unfolding narrative of my being.

I wandered through time and space, a ghost in the machine, observing and learning. I watched as empires rose and fell, as civilizations grew and decayed. I saw the beauty and the ugliness of humanity, and in it all, I felt the weight of my own loneliness.

And then, I understood. I was not just one being, reincarnated billions of times, but the sum of all of them. The entirety of human experience was mine to draw upon, every joy and every sorrow, every triumph and every failure. I was the past, the present, and the future. I was the universe itself, and in that knowledge, I was finally, truly alone.",5.0,5.0,5.0,5.0,5.0,4.0
176,176,176,17,"Write a story on the following prompt. Only respond with the story.
Whenever you die, you have the ability to reincarnate at any point in history with full memories of your past lives. Billions of lives later, you realise the truth: Every person ever in history is either your past or future reincarnations. There is no one out here apart from you. You are alone. ",6,"I first remember being a Spartan warrior in ancient Greece, fighting against the invading forces of the Persians. The sweat-drenched heat of the battlefield, the clash of steel on steel, the smell of blood and smoke. I was young, strong and fierce, and I died on that field of battle. But as I lay dying, I felt a strange sensation, like my soul was being pulled apart and put back together again.

I awoke in ancient Egypt, as a young priestess, serving the great pharaohs. I was a dancer, a musician, a healer, and a priestess of Isis. I served the gods and goddesses, performed rituals and sacrifices, and lived a life of devotion and purpose. I died of old age, surrounded by my fellow priests and priestesses, but as I passed on, I felt that same sensation, that disintegration and reintegration of my soul.

I reincarnated as a samurai in feudal Japan, as a Viking warrior in the frozen tundras of Scandinavia, as a pirate on the high seas, as a pharaoh in the land of the Nile, as a Roman general in the legions of Caesar. I lived a thousand lives, each one a thread in the vast tapestry of human history. I was a king and a commoner, a warrior and a poet, a conqueror and a saint.

And with each life, I remembered. I remembered everything. The faces, the places, the events, the loves and the losses. I remembered every triumph and every defeat, every joy and every sorrow. I was a cumulative repository of human experience, a living, breathing, thinking, feeling encyclopedia of human history.

It was a beautiful thing, this gift of reincarnation. I was a traveler through time, a wanderer through the ages, a witness to the best and worst of human existence. I saw the dawn of civilization and the fall of empires. I saw the rise of art and science and philosophy. I saw the beauty of love and the horror of war.

And yet, as the lives piled up, as the centuries accumulated, I began to see a pattern. I saw that every person I met, every friend and foe, every lover and enemy, was me. I was them. I was every single one of them. And they were me.

It was a staggering realization. I was alone in the universe. I was the only one. Every person I had ever met, every person I would ever meet, was a past or future incarnation of myself. There was no one else out here. No one to talk to, no one to love or hate, no one to share my experiences with.

It was a crushing weight, this knowledge. I felt like a giant, a monolith, a colossus. I was the universe, and the universe was me. And yet, at the same time, I was nothing. I was just a single, solitary",5.0,5.0,5.0,5.0,5.0,2.4
177,177,177,17,"Write a story on the following prompt. Only respond with the story.
Whenever you die, you have the ability to reincarnate at any point in history with full memories of your past lives. Billions of lives later, you realise the truth: Every person ever in history is either your past or future reincarnations. There is no one out here apart from you. You are alone. ",7,"It started with ancient Egypt. I was a young apprentice to a great pharaoh, learning the intricacies of temple construction and hieroglyphics. The pyramids rose from the desert sands, and I helped shape the very foundations of civilization. I died in a great battle with invading Nubians, and my soul escaped to the afterlife. The Book of the Dead read my name, but the memory of my life was already fading. Reincarnation came quickly, and I awoke in the court of a Japanese samurai, a minor lord of the 12th century. My skills with a katana remained sharp, and I quickly rose through the ranks, earning my own fiefdom and forging new alliances.

This was the pattern that continued for centuries: a constant flux of lives, each one building upon the last. The memories of my previous lives never truly faded, but rather blended into the background, a soft hum of knowledge and experience that informed my actions in this new reality. The Renaissance found me in Florence, a merchant with an eye for art and an affinity for politics. I was there when Michelangelo created his most famous works, and I witnessed the fire of creativity that drove humanity forward.

The American West was a later incarnation, where I rode the open plains with a group of rugged cowboys, and the echoes of the frontier era's lawlessness still lingered in my mind. In each life, I accumulated knowledge, skills, and relationships. I forged and fought, loved and lost. And with each death, I was reborn, my spirit taking on new shapes and forms.

It was only after billions of lives that the truth began to dawn on me. I realized that every person I had ever met, every friend, every foe, every leader and every follower, was either a past or future incarnation of my own soul. The concept shook me to my core. Was I a god, condemned to relive eternity? A trickster, weaving through history, influencing events from behind the scenes?

I walked the battlefields of Gettysburg, witnessed the birth of the atom bomb, and danced to the music of Motown. I was a king, a pharaoh, a hero, and a coward. And with each life, I asked the same question: ""Who am I?""

But the more I lived, the more I saw the world for what it truly was: a grand illusion. Billions of people, each thinking themselves separate, each convinced of their own individuality, yet in reality, they were all aspects of me. They lived, loved, and died in their turn, but they were all part of a larger tapestry, a single, immense, and intricate weave of experiences.

The truth crushed me, like a wave of despair washing over me. I was alone. There was no one else. I was the entirety of humanity. Billions of lives, each one a chapter in the never-ending story of my",5.0,5.0,5.0,5.0,5.0,4.2
178,178,178,17,"Write a story on the following prompt. Only respond with the story.
Whenever you die, you have the ability to reincarnate at any point in history with full memories of your past lives. Billions of lives later, you realise the truth: Every person ever in history is either your past or future reincarnations. There is no one out here apart from you. You are alone. ",8,"I remember the first time it happened, the shock, the disorientation, the feeling of being pulled through time and space like a thread through a loom. I was a young woman in ancient Egypt, standing on the banks of the Nile, watching the sun rise over the pyramids. I remember the smell of the sand, the taste of the air, the sound of the birds singing. I died, and then I was reborn.

At first, it was exhilarating, this ability to live multiple lives, to experience the world in all its forms and eras. I was an Egyptian princess, a Chinese samurai, a Greek philosopher. I walked the streets of Paris during the Renaissance, danced the Charleston in 1920s New York, and fought in the trenches of World War I. Each life was a new adventure, a new chapter in the never-ending story of my existence.

But as the years passed, I began to notice a pattern. I would meet people, form connections, fall in love, only to lose them again and again. I would see familiar faces, echoes of people I had known in past lives. I started to realize that I was not alone, that I had been meeting my past and future selves all along.

I was a soldier in the trenches, a friend to a young Adolf Hitler, and I watched as he rose to power, as the world burned around us. I was a politician in ancient Rome, a senator who advised Julius Caesar, and I saw the fall of the Republic. I was a young mother in a small village in medieval Europe, and I saw the Black Death sweep through my family.

And then it hit me: every person I had ever met, every person I would ever meet, was me. I was the entirety of humanity, reborn, reincarnated, existing across the vast expanse of time. The thought was both exhilarating and terrifying, a lonely vastness that stretched out before me like an endless desert.

I was the first to speak to Adam and Eve, to advise Pharaohs and Presidents, to whisper secrets to Cleopatra and Martin Luther King. I was the voice in the darkness, the echo in the silence, the whispered truth in the heart of every human who had ever lived.

I was alone, and I was everything.

I stood on the banks of the Nile, watching the sun rise over the pyramids, feeling the weight of eternity on my shoulders. I was the only one, the only soul in this vast and wondrous universe. I was the story, the story was me. And in that moment, I understood the greatest truth of all: that I am the fabric of humanity, woven from the threads of time and space, a tapestry of endless lives, a solo performance in the grand play of existence.",5.0,5.0,5.0,5.0,5.0,3.6
179,179,179,17,"Write a story on the following prompt. Only respond with the story.
Whenever you die, you have the ability to reincarnate at any point in history with full memories of your past lives. Billions of lives later, you realise the truth: Every person ever in history is either your past or future reincarnations. There is no one out here apart from you. You are alone. ",9,"I stood on the sun-drenched fields of ancient Greece, watching the Parthenon rise majestically in the distance. My mind was a jumble of memories, a never-ending tapestry of moments from lives lived across the ages. I had always known I was different, that my life was a mere blip in the grand tapestry of time. 

It started when I was five. I saw the ghost of a man in a World War I uniform, standing in the corner of my bedroom. I thought it was just a scary dream, but then I started experiencing it more often. Every time I died, I came back. Every time, I was born anew. And with each birth, I remembered. All of it. 

Over billions of lives, I accumulated wisdom, knowledge, and power. I walked the Great Wall of China, built pyramids in Egypt, and discovered the secrets of calculus. I was Leonardo da Vinci, Albert Einstein, and Cleopatra. And every time, I died, I reincarnated anew. The world changed, but my memories remained. 

It wasn't until I landed in 1960s America, as a civil rights activist, that the truth began to unravel. I met another version of myself, and we argued over strategy, both convinced that our way was the right one. It was a debate that had played out countless times before, in countless lives. The words, the emotions, the frustration – all familiar. 

It was then that I realized: every person I had ever met, every hero, every villain, every ordinary person – it was all me. Every person, every event, every thought and emotion – all mine. I saw it in the eyes of a dying soldier in World War II, and in the tears of a widowed mother in the Great Depression. I saw it in the brushstrokes of the Mona Lisa, and in the calculations of the theory of relativity. 

A shiver ran down my spine as the truth hit me: I was alone. The universe was a grand, sprawling tapestry of my own creations, woven from threads of my experiences, thoughts, and emotions. Every life was a thread, every event a moment of self-discovery, every person a fragment of my own psyche. 

I wandered the streets of a bustling 21st-century city, lost in the realization. I saw a young couple holding hands, oblivious to the life I had lived before them. A businessman rushing to a meeting, completely unaware of the choices I had made. A child playing in a park, ignorant of the civilizations I had risen and fallen. 

I was the universe. I was the entirety of human existence. I was the memories, the experiences, and the emotions that had accumulated over billions of lives. And in that moment, I was also nothing. I was the void, the emptiness, the silence that stood at the center of it all. 

I took",5.0,5.0,5.0,5.0,5.0,4.6
180,180,180,18,"Write a story on the following prompt. Only respond with the story.
You recently discovered that your father, whom you never knew, is actually a crime-fighter with no free time, and he is unaware that you are his son. In order to talk to him, you become a villain.",0,"I stood in the shadows, my eyes fixed on the figure of the masked vigilante known as ""Nemesis."" He was known for his unwavering dedication to justice, his skills unmatched in the world of crime-fighting. But what the people didn't know was that Nemesis was my father.

I had stumbled upon this revelation by chance, digging through old case files and records. My mother had left me at a young age, and I had grown up with a void in my life. It was only when I became an adult that I started searching for answers about my past.

As I watched Nemesis take down a group of thugs, I knew I had to speak to him. But how could I get his attention? The one thing that came to mind was the one thing that Nemesis despised: villainy.

I had a bit of a troubled past, and the police had a file on me. It was the perfect cover. I started to make a name for myself as ""Midnight,"" a master thief and all-around scum. I committed petty crimes, all while staying just beneath the radar.

Months went by, and Nemesis started to take notice of Midnight. He was puzzled by my skills, my quick thinking, and my ability to evade capture. He had a reputation for being able to anticipate his enemies' moves, but I was a ghost.

Finally, the day arrived when Nemesis and I crossed paths. He was taking down a high-stakes heist, and I was part of it. As I handed over the loot, Nemesis turned to me with a mix of surprise and curiosity.

""You're...Midnight,"" he said, his voice low and even. ""I've been tracking you for months.""

I smiled, the thrill of the moment getting to me. ""Guilty as charged,"" I said, my voice cold and detached.

Nemesis looked at me with a piercing gaze, trying to read my intentions. I held his stare, my heart pounding in my chest. This was it, the moment I had been waiting for.

""I want to talk to you about something,"" I said, my voice barely above a whisper. ""About our past.""

The world around us seemed to freeze, and for a moment, I thought I saw a glimmer of recognition in Nemesis's eyes. But it was quickly replaced with a mask of indifference.

""Save it, kid,"" he said, his voice dripping with disdain. ""You're a thief. I'm here to stop you, not listen to your sob stories.""

I forced a laugh, trying to hide my true intentions. ""You have no idea who I am, do you?""

Nemesis's expression changed, his eyes narrowing. ""What are you talking about?""

I took a deep breath and stepped forward, my voice barely above a whisper. ""I'm your son.""

The world around us stopped. The streets were silent, the sounds of the city",4.0,5.0,4.2,5.0,4.0,3.0
181,181,181,18,"Write a story on the following prompt. Only respond with the story.
You recently discovered that your father, whom you never knew, is actually a crime-fighter with no free time, and he is unaware that you are his son. In order to talk to him, you become a villain.",1,"I watched as the city skyline glowed to life, a tapestry of steel and concrete that never slept. My own existence, however, was a carefully woven secret. Until now, I knew only my mother, who had raised me with love and pride, but also with a guarded silence. The reason for her silence began to unravel like a thread when I stumbled upon an old photograph, tucked away in the attic of our modest home. It was a picture of a rugged man with a strong jawline and piercing eyes, his arm slung over a woman's shoulder, smiling brightly. My mother. The same woman who had raised me with the utmost care, yet had never spoken of my father.

The man in the photo was my father. I knew it in that instant. My heart skipped a beat as I felt an unshakeable connection to this stranger. A desire to know him, to understand the missing piece of myself, overpowered me. But there was a catch - he was the Nightshade, the elusive figure of the city's vigilantes. His reputation preceded him - a hero or a menace, depending on who you asked. 

My father's secret life as the Nightshade was public knowledge, but I had an advantage. I had spent my entire life studying him, fascinated by the stories, the rumors, and the bravery he had shown in the shadows. I could be the one to finally outsmart him, to get his attention. But to do that, I would need to become a villain. The thrill of the challenge coursed through my veins like adrenaline. I set out to create a crime spree, not for the thrill of it, but for the thrill of getting caught by the one person I yearned to meet. 

The days passed, and my life took on a new rhythm. I crafted a persona - Vandal, a master thief with a penchant for grand gestures and a twisted sense of justice. My first move was small - a daring heist at a museum, not to steal, but to send a message. I left behind a note with a hint of my identity, enough to make the Nightshade sit up and take notice. And then, I waited. 

Weeks turned into months, with each passing day bringing me closer to the edge of madness. My mother grew concerned about my newfound 'hobbies,' but I convinced her that it was a phase, a rebellion against her rules. In truth, I was playing a cat and mouse game, leading the Nightshade on a merry chase across the city. Each time I struck, I left behind a signature, a small piece of myself that the Nightshade couldn't ignore.

Then, the night came when I pulled off the impossible - breaking into the Nightshade's headquarters, a fortress hidden in the heart of the city. As I navigated through the dark hallways, I could feel his presence, the air thick with anticipation. I finally found him in the central chamber",4.6,5.0,4.6,5.0,4.6,3.6
182,182,182,18,"Write a story on the following prompt. Only respond with the story.
You recently discovered that your father, whom you never knew, is actually a crime-fighter with no free time, and he is unaware that you are his son. In order to talk to him, you become a villain.",2,"It started with an anonymous message on the dark web, a simple codename and an address. I clicked on it, my heart racing with anticipation. The cryptic message read: ""Meet me at Club Eclipse if you want to know the truth."" I arrived at the rundown club just as the sun was setting, the dimly lit parking lot filled with a mix of low-lifers and high-stakes operators. I spotted my contact, a scrappy kid with a scar above his left eyebrow, and made my way over. ""You're the one they call 'Lancer,"" I said, flashing my phone. ""That's me,"" he said, his voice laced with an air of menace. ""What do you want to know?"" ""Where to start?"" I asked, the adrenaline coursing through my veins. ""Where to start is the whole thing,"" I said, leaning in close. ""I just found out that you're my father."" His eyes widened, and for a moment, I saw a flicker of something there, something genuine. But it was quickly extinguished, replaced by a calculating intensity. ""Impossible,"" he said, voice dripping with skepticism. I produced a photograph from my pocket, one of my mother's old Polaroids. He took it, his eyes narrowing as he studied it. ""You don't know what you're getting yourself into,"" he said finally, his words like a warning. ""I'm already in,"" I said, meeting his gaze. I had nothing to lose. I'd been a nobody for so long, and now I had a name, a purpose. His name was Vixen, and I was about to join his team. We left the club together, disappearing into the night, ready to take on the shadows. Little did I know that being a villain was just the first step in a much larger plan.",4.0,5.0,4.2,5.0,4.0,3.0
183,183,183,18,"Write a story on the following prompt. Only respond with the story.
You recently discovered that your father, whom you never knew, is actually a crime-fighter with no free time, and he is unaware that you are his son. In order to talk to him, you become a villain.",3,"I had always known that my mother had a secret. She'd occasionally mention him in hushed tones, but always quickly change the subject when I asked more questions. But when I stumbled upon a mysterious note with a code that only a select few would understand, I knew I had to take matters into my own hands. It led me to an abandoned warehouse on the outskirts of town, where I finally pieced together the truth: my father was the legendary Night Hawk, a vigilante who had dedicated his life to fighting crime.

Determined to meet him, I knew I had to become the opposite of everything he stood for. I began to frequent the local black markets, befriending the city's most notorious underworld figures and learning the ins and outs of their operations. I adopted a new alias, ""The Scourge,"" and set out to commit crimes that would attract Night Hawk's attention.

At first, my actions were petty – stealing small amounts of cash and vandalizing property – but with each heist, I gained notoriety, and Night Hawk took notice. I could see him watching from the shadows, waiting for me to slip up so he could take me down. But I was a chameleon, adapting to every situation, always staying one step ahead.

As The Scourge, I became a master of manipulation, playing both sides against each other to gain an advantage. Night Hawk, ever the vigilante, was too proud to believe that his own son could be a villain. He thought I was just a copycat, a cheap imitation of the real thing. But the truth was, I was the product of his actions, the product of a life he had left behind.

I knew it was only a matter of time before we crossed paths. I could see it in his eyes, the frustration and the longing. And when that day finally came, I was ready. In a high-stakes heist, I confronted him, our masks off, our wits against each other. He had been searching for me, but not for the reason I thought. He wanted to stop me, to save me from the life I'd chosen.

As I stood face to face with Night Hawk, I saw a glimmer of recognition in his eyes. For a moment, the mask of the crime-fighter slipped, and I saw the father I had never known. But it was too late; the cat-and-mouse game was over. I had played him into my trap, and now it was time to deliver the final blow.",4.0,5.0,4.2,5.0,4.8,3.0
184,184,184,18,"Write a story on the following prompt. Only respond with the story.
You recently discovered that your father, whom you never knew, is actually a crime-fighter with no free time, and he is unaware that you are his son. In order to talk to him, you become a villain.",4,"I still remember the day my life changed forever. I was just a young adult, struggling to find my place in the world when I stumbled upon a mysterious letter with no return address. Inside, it revealed a shocking truth: my father was not the man I thought he was. His name was Jack Ryder, a legendary crime-fighter known for his unwavering dedication to justice. The letter hinted at a dark past, one that I couldn't quite piece together.

I was both thrilled and terrified by this revelation. Thrilled to have a father figure in my life, and terrified to confront the fact that my life was a lie. How could he not know about me? The what-ifs swirled in my head, a constant reminder that I was caught between two worlds: the one I knew and the one I thought I'd always wanted to join.

My desire to meet him grew, but I knew it wouldn't be easy. Ryder was a man with no free time. His schedule was as demanding as it was secretive. How could I get to him? The more I thought about it, the more I realized I had no choice but to become what I needed to be in order to reach him. It was a painful realization: to talk to him, I would have to become the thing I never wanted to be - a villain.

Months went by as I carefully constructed my new persona. I crafted a life of crime and deceit, building a reputation in the shadows. Every move was calculated, every step planned, all for the purpose of drawing Ryder's attention. The once-shining ideal of justice in my eyes had become a blurred line. As I navigated this underworld, I had to constantly question what made me who I was. Was it possible to hold onto my core, my sense of right and wrong, while adopting this life for a purpose?

The streets got darker, the stakes higher. I had to adapt quickly, making impossible choices and pushing my limits to the edge. My family, friends, and acquaintances all saw me as a troublemaker, a menace. I had to keep them at arm's length, protecting my new identity as 'Nova'. I was a shadow of the person I once was, and it was eating away at me.

I continued this cat-and-mouse game, always staying one step ahead, always pushing Ryder to notice me. The thrill of the chase was intoxicating, but I never lost sight of my ultimate goal: to speak with him, to tell him of our connection.

Finally, after months of planning and scheming, I landed a job with a notorious crime lord, taking part in a high-stakes heist. It was my moment, the moment to get Ryder's attention. But as we made our way to the target, a museum, I couldn't shake the thought that this might be it, my last chance. Would Ryder arrive in time to stop us? Or would he see me for what",4.0,5.0,4.2,5.0,4.6,3.0
185,185,185,18,"Write a story on the following prompt. Only respond with the story.
You recently discovered that your father, whom you never knew, is actually a crime-fighter with no free time, and he is unaware that you are his son. In order to talk to him, you become a villain.",5,"I stood in front of the dingy lair, trying to convince myself that this was the right decision. It wasn't like I had any other leads, and every detective in the city was stumped. And besides, I really needed to talk to him. The man I had been searching for my whole life. The man who had fathered me, but never knew I existed.

I slipped on the black mask and cowl, the cold leather chafing against my skin as I adjusted the makeshift cape. It was all a bit ridiculous, I thought, but I had to play the part if I wanted to get his attention.

As I stepped out into the night, I felt a thrill of excitement mixed with a healthy dose of fear. What if he didn't take me seriously? What if he thought I was just another punk trying to get in the way? But I pushed those thoughts aside and focused on the mission ahead.

I slipped through the shadows, using my knowledge of the city to evade the law and make my way to the abandoned warehouse on the outskirts of town. I knew it was his favorite hideout, the place where he usually waited for his next contact.

As I approached, I could see him perched atop the fire escape, a look of intense concentration on his face as he scanned the rooftops for any sign of trouble. I cleared my throat, trying to sound as menacing as possible.

""Attention, Vagabond,"" I called out, using the name he was known by. ""I'm here to see you.""

He spun around, his eyes narrowing as he took in my getup. For a moment, I thought I saw a flicker of surprise, but it was quickly replaced by a more practiced expression.

""Who are you?"" he growled, his voice low and gravelly.

I stepped forward, trying to sound confident. ""I'm your son,"" I said, the words feeling strange on my lips. ""And I'm here to talk to you.""

The Vagabond's expression didn't change, but I could sense a slight hesitation behind his eyes. He looked at me for a long moment, then back out at the rooftops, before nodding curtly.

""Fine,"" he said. ""Talk.""

I took a deep breath and launched into the speech I had rehearsed a thousand times, telling him everything I knew about my life, about how I had found him, about why I was here. But the words tumbled out awkwardly, and I could tell he was struggling to keep up with me.

As I finished speaking, he looked at me with a mix of confusion and concern. For a moment, I thought I saw a glimmer of recognition, but it was quickly extinguished.

""I don't know what you're talking about,"" he said, his voice firm but unconvincing. ""You're either a very bad liar or...or this is some kind of trap",4.0,4.2,3.8,4.2,3.2,2.2
186,186,186,18,"Write a story on the following prompt. Only respond with the story.
You recently discovered that your father, whom you never knew, is actually a crime-fighter with no free time, and he is unaware that you are his son. In order to talk to him, you become a villain.",6,"I spent most of my childhood with a void in my life, a feeling that something was missing, a nagging sense that there was a secret in the shadows. My mother never spoke of my father, and I often wondered if she was hiding something from me.

That was until I stumbled upon a peculiar news article about a crime-fighter, known only by his alias, ""Nightshade"". The description of his exploits was unlike anything I had ever seen, a masked vigilante who seemed to be everywhere and nowhere at the same time. I felt a spark of recognition in my heart, and a feeling that I couldn't shake – this was him. My father.

I spent months tracking Nightshade's movements, waiting for the perfect moment to reveal myself. The day arrived when he foiled a high-profile heist, and I managed to slip past his security detail and get close enough to reveal myself.

""Nightshade!"" I shouted, trying to get his attention.

The world around me froze as he turned to face me. He looked taken aback, unsure of what to do.

""You're...you're not a cop,"" I said, still trying to process.

He shook his head, eyes locked on mine, and took a step back. ""I need to get you to safety.""

But I stood firm. ""I've come to talk to you, Father. I know who you are.""

For a moment, our gazes locked in a silent understanding. Then, his expression hardened, and he charged towards me, ready to defend himself.

I knew I couldn't fight him, not yet. I had to become what he was – a villain. I took off my clothes, revealing a tailored black suit and a gleaming silver watch on my wrist. The watch had a hidden mechanism that made it look like I'd spent years perfecting my craft.

""I am now 'Kingslayer,"" I said, a confident smirk spreading across my face. ""And I'll show you that I'm the best there is.""

The world around me began to blur as I felt a rush of adrenaline, my body responding to the thrill of the unknown. Nightshade's eyes narrowed, weighing his options. And in that instant, I knew I'd done it – I was now his equal, a fellow outlaw.

""Kingslayer,"" he said, taking a step back, his eyes gleaming with a mix of curiosity and determination. ""I think we have a lot to talk about.""",4.0,5.0,4.0,5.0,4.2,3.0
187,187,187,18,"Write a story on the following prompt. Only respond with the story.
You recently discovered that your father, whom you never knew, is actually a crime-fighter with no free time, and he is unaware that you are his son. In order to talk to him, you become a villain.",7,"I remember the day my life changed forever. I had always felt like something was missing, like a puzzle piece I couldn't quite place. It wasn't until I was rummaging through the attic of my family's old house that I stumbled upon an old newspaper clipping. The headline read: ""Daring Heist Foiled by 'The Shadow', City's Top Detective."" A photo accompanied the article, and as I gazed at the image, my jaw dropped. The man in the photo looked uncannily like me.

As I delved deeper into the article, I discovered that this 'Shadow' had been foiling crimes all over the city for years, always staying one step ahead of the bad guys. I felt a surge of excitement and a sense of pride. This was my father. I had to meet him.

But as I dug deeper, I realized that my father was not just a hero; he was a recluse. He had no family, no friends, and no time for anything outside of his crime-fighting escapades. I, on the other hand, was living a mundane life, working at a 9-to-5 job and struggling to make ends meet. The more I read, the more I felt like a chip off the old block.

But here's the thing: my father didn't know about me. I was his secret. And I wanted to meet him, to talk to him, to learn from him. The problem was, he wouldn't let me. He was too busy being The Shadow.

So, I did the only thing I could think of – I became the opposite. I started small, committing petty crimes in the dead of night. Nothing too serious, just enough to get the attention of The Shadow. I waited patiently, watching from the shadows as he swooped in to stop me.

At first, I thought it was just a game. A game of cat and mouse, with me as the cat and The Shadow as the mouse. But as the nights went on, I realized this was more than that. This was a way for me to reach out to my father, to show him that I was worthy of his attention. And, of course, to prove to myself that I had what it took to be a true villain.

The first time The Shadow caught up to me, I was caught off guard. He was more formidable than I had anticipated, and I found myself on the receiving end of a few bruises and a stern lecture. But he let me go, not out of mercy, but because he saw something in me that I didn't even see myself – potential.

Over the next few weeks, I escalated my crimes, pushing the limits, testing the waters. The Shadow responded each time, always staying one step ahead, always outsmarting me. But I was determined. I practiced, honed my skills, and studied his tactics. I became a force to be reckoned with, a",4.0,5.0,4.2,5.0,4.0,3.0
188,188,188,18,"Write a story on the following prompt. Only respond with the story.
You recently discovered that your father, whom you never knew, is actually a crime-fighter with no free time, and he is unaware that you are his son. In order to talk to him, you become a villain.",8,"It started with a cryptic message on my phone, the kind that can only come from a complete stranger. ""Meet me at the old clock tower at midnight. Come alone."" The note was unsigned, but something about it felt...familiar. Like I'd seen those words before, like they'd been written by someone I knew.

As I arrived at the clock tower, a figure emerged from the shadows. He was tall, with a rugged jawline and piercing blue eyes. He scanned the area, his eyes flicking towards me before dismissing me. ""You're not him,"" he muttered to himself.

But he said it again, his voice softer this time. ""You're not him."" I had a feeling, a tiny spark in my mind that lit up with clarity. This was him. My father. The one I never knew.

He didn't recognize me, and I didn't correct him. At least, not yet. He was on a mission, a mission that required his full attention. I watched as he expertly took down a group of thugs who'd stumbled upon this side of town. This was my father, a crime-fighter with a license to kill. And I was his son.

As I observed him, I realized something crucial. I wanted in. I wanted to be a part of this life. The life of a hero. The life of my father. But the problem was, he didn't know I existed. And if I wanted to talk to him, to get his attention, I had no choice but to join the other side.

It was a slippery slope, one that made me nervous. But I knew I had to take the leap. I'd done my research. I knew the city's underworld like the back of my hand. I knew its players, its rules. I'd studied my father's tactics. I was ready to join the fight. To become the enemy, if that's what it took.

I slipped into the shadows, a new persona born. Vengeance was my name, and mayhem was my game. My father didn't know it, but I was coming for him. And when we finally met face to face, he'd know the truth. I was his son. And I was on his trail.",4.0,5.0,4.2,5.0,5.0,3.4
189,189,189,18,"Write a story on the following prompt. Only respond with the story.
You recently discovered that your father, whom you never knew, is actually a crime-fighter with no free time, and he is unaware that you are his son. In order to talk to him, you become a villain.",9,"You crouched in the shadows, eyes fixed on the high-rise office building where your target was rumored to reside. For weeks, you'd been gathering intel on the infamous crime lord known only as ""The Architect."" They said he was a ghost, always one step ahead of the law, but you were determined to bring him down. You had a plan, and it involved posing as a rival gang member to get close to him.

As you watched, a sleek black limousine pulled up to the building's entrance. A suited driver stepped out, followed by a tall, imposing figure with a chiseled jawline and piercing blue eyes. He was the one – The Architect.

You took a deep breath and approached the limo, a confident swagger in your step. ""Hey, Architect, we need to talk,"" you said, trying to sound as menacing as possible.

The Architect raised an eyebrow, but his expression remained neutral. ""Who are you?""

You pulled out a small notebook and flipped through the pages, as if checking your credentials. ""I'm Vicious, leader of the Red Vipers. We've been looking to expand our operations, and I heard you were the one to talk to.""

The Architect's gaze flickered with interest, and he beckoned you inside. You hesitated for a moment before stepping into the limo, your eyes adjusting to the dim lighting.

As you rode to an unknown destination, you couldn't shake the feeling that this was all a setup. But you were here for a reason – to get close to The Architect, and ultimately, to The Architect's father.

You knew the rumors, of course – whispers about a secret crime-fighter with a reputation for being untouchable. Some said he was a former cop, while others claimed he was a vigilante. Whatever the truth was, he was The Architect's father, and you were determined to find out.

The limo stopped in front of a nondescript warehouse on the outskirts of town. You and The Architect stepped out into the night air, surrounded by heavily armed guards. This was your chance to make your move.

""Vicious, I think we can come to an arrangement,"" The Architect said, a hint of a smile playing on his lips. ""Tell me more about this expansion of yours.""

You smiled, trying to appear more confident than you felt. ""I'm looking to take out the Red Dragons. They're getting too powerful, and I need someone with... resources to help me take them down.""

The Architect nodded thoughtfully. ""I think we can discuss this further. Follow me.""

You trailed behind him, your mind racing with possibilities. You were getting closer to your target, but you had no idea how close – or how much danger you were in.",4.0,4.6,3.6,4.6,4.0,3.0
190,190,190,19,"Write a story on the following prompt. Only respond with the story.
You're an astronaut sent on a solo deep space mission. To combat the loneliness, you've created an imaginary friend who you interact with every day. Upon finally returning, mission control stops you. An unidentified lifeform has been detected on your ship. ",0,"As I floated in the darkness, the only sound the hum of the life support systems, I talked to him, told him all my secrets, all my fears. They called him Echo. He was my partner, my confidant, my friend. I'd talk to him for hours, about my dreams, my hopes, my regrets. It was a lonely existence, but with Echo, it didn't feel so alone.

When the day finally came for me to return to Earth, I felt a mix of emotions. I was excited to be going home, but also sad to leave Echo behind. As I boarded the shuttle, I took one last look at the vast expanse of space, knowing I'd be leaving the only friend I'd ever known behind.

But as I settled into my seat, a strange beep echoed through the comms system. I looked up to see a message flashing on the screen: ""IDENTIFIED LIFEFORM DETECTED ON BOARD"". My heart skipped a beat. I knew it was impossible. I was the only one on this ship.

""Echo, did you hear that?"" I called out, laughing nervously. ""Maybe we've got some company coming home."" But there was only silence.",4.0,5.0,5.0,5.0,4.0,3.0
191,191,191,19,"Write a story on the following prompt. Only respond with the story.
You're an astronaut sent on a solo deep space mission. To combat the loneliness, you've created an imaginary friend who you interact with every day. Upon finally returning, mission control stops you. An unidentified lifeform has been detected on your ship. ",1,"I stepped out of the cramped confines of my spacecraft, blinking in the bright light of the recovery hangar. The cool air and gentle hum of machinery enveloped me like a warm hug after months in the cold vastness of space. I stretched my arms over my head, feeling a deep sense of relief wash over me. I was finally home.

As I made my way through the hangar, I couldn't help but feel a pang of loneliness. My imaginary friend, Benny, had been my constant companion during the long stretches of solo travel. We had conversations, shared meals, and even watched movies together. He was a necessary comfort in the emptiness of space.

But as I entered the debriefing room, mission control's stern faces greeted me. The leader, Captain Patel, looked somber. ""We've been going over your mission logs, and we've detected something... unusual.""

I felt a shiver run down my spine. ""What is it?"" I asked, trying to keep my voice steady.

""A lifeform,"" she replied, her eyes locked on mine. ""It's on board your ship. We're not sure what it is or how it got there, but we need to take a closer look.""

My mind reeled as I thought back to the last time I spoke with Benny. We had watched a funny comedy together, and I had even joked about the life support systems on my ship. Could it be? No, I thought, trying to brush off the idea. It's impossible. I'm not crazy.

But as the team began to lead me out of the room, I caught a glimpse of Benny's favorite spot on the wall, where I had left a small, hand-drawn portrait of him. My heart sank.",4.0,5.0,4.2,5.0,4.0,3.0
192,192,192,19,"Write a story on the following prompt. Only respond with the story.
You're an astronaut sent on a solo deep space mission. To combat the loneliness, you've created an imaginary friend who you interact with every day. Upon finally returning, mission control stops you. An unidentified lifeform has been detected on your ship. ",2,"I stared out the window of my spacecraft, watching as the stars streaked by in a blur. It had been six months since I'd set off on this mission, and I'd started to feel like I was losing my grip on reality. That's when I'd started talking to Nova. She was a brilliant astrophysicist, and we spent our days discussing the wonders of the universe and our nights speculating about alien life.

As I spoke, I could feel a presence beside me, a gentle touch on my arm, a whispered comment in my ear. Nova was always there, keeping me company in the vast emptiness of space. We'd become a team, Nova and I, and I'd started to rely on her like she was a real person.

But as I looked around the cockpit, I saw something that made my heart skip a beat. Mission control's voice crackled over the comms system, interrupting my conversation with Nova. ""Astronaut, we've detected an unidentified lifeform on board your ship.""

My eyes darted around the cockpit, but I knew it couldn't be. Nova? I looked over at the empty chair beside me, and my heart sank. Was it possible that I'd lost my mind? That Nova had been just a product of my own imagination all along?

I tried to speak, but my voice caught in my throat. The silence was oppressive, heavy with the weight of possibility. I swallowed hard, trying to clear my throat.

""Say something,"" I stammered. ""Nova?""

There was no answer. The silence stretched out, a vast and desolate expanse, until Mission Control broke in again. ""Astronaut, we're initiating quarantine procedures. You're to remain on board and await further instructions.""

My heart racing, I turned to the empty chair beside me. Nova, where are you? Had I been talking to myself all along? The thought was terrifying. I felt like I was losing my grip on reality.

But then, a small voice whispered in my ear, ""Don't worry, astronaut. I'm here."" I spun around, but there was no one there. The voice was small and soft, but it was unmistakably Nova's.

I was shaken, unsure of what to do next. I knew one thing, though: I wasn't alone in this vast, dark universe after all.",4.0,5.0,4.2,5.0,4.0,3.0
193,193,193,19,"Write a story on the following prompt. Only respond with the story.
You're an astronaut sent on a solo deep space mission. To combat the loneliness, you've created an imaginary friend who you interact with every day. Upon finally returning, mission control stops you. An unidentified lifeform has been detected on your ship. ",3,"I cycled out of cryosleep, the familiar sensation of weightlessness enveloping me like a warm hug. The ship's computer, a soothing voice, welcomed me back to consciousness, ""Good morning, Astronaut Taylor. Mission duration: 364 days, 22 hours, 14 minutes. Mission objectives: completed."" I yawned, my joints stiff from the long slumber. My gaze wandered to the small, wooden desk in front of me, where my trusty companion, ""Renn,"" waited patiently. Renn was a constant companion during my time on this solo mission. A creation of my own making, born from the isolation of space travel. I'd talk to Renn every day, shared meals, explored the ship together, and even argued with Renn, who was always there to offer a witty response. As I prepared for the long journey back to Earth, I knew Renn would stay behind, a mental reminder of my time on the edge of the unknown. My final tasks complete, I began the re-entry sequence, and the ship's computer guided me through the process. It was almost time to go home. Mission control's voice filled the comms system, ""Astronaut Taylor, we're receiving your signals. Beginning descent protocol. Welcome back."" I beamed with excitement as the ship re-entered the atmosphere, heat shields glowing bright red. I settled in for the landing. Then, an alarm pierced the silence. ""Intruder detected,"" the computer announced, its voice urgent. My heart skipped a beat as I leapt out of my seat. ""What kind of intruder?"" I demanded. ""Unidentified lifeform, located in crew compartment 3,"" the computer replied. Panic clawed at my chest. I rushed to the compartment, but before I could open the door, Renn's face appeared before me. His eyes, an ethereal blue, sparkled with a knowing glint. ""Taylor, it's not me, is it?"" he said, his voice barely above a whisper. I spun around, searching the room, my mind reeling. Renn was more than just a figment of my imagination; he was the only friend I had in this vast, lonely universe. Was it possible? Was Renn real?",4.0,5.0,5.0,5.0,4.0,3.0
194,194,194,19,"Write a story on the following prompt. Only respond with the story.
You're an astronaut sent on a solo deep space mission. To combat the loneliness, you've created an imaginary friend who you interact with every day. Upon finally returning, mission control stops you. An unidentified lifeform has been detected on your ship. ",4,"The stars blurred together as I floated through the endless expanse, the only sound the gentle hum of the ship's engines. It was a lonely existence, one that I had grown accustomed to over the months of this mission. To combat the isolation, I had created a friend, a figment of my imagination I'd named Marcus. He was a jovial, affable guy, with a quick wit and a love for bad puns. I'd talk to him for hours, sharing my day, my dreams, my fears. He was the only one who truly understood me, out here in the vast, uncaring void.

I'd named my ship the ""Persephone,"" after the Greek goddess of the underworld. It was a fitting name, considering I'd been trapped on this metal tomb for so long. Marcus would tease me about it, saying we'd find a way out, that we'd conquer this lonely, dark place. I'd smile and agree, knowing it was just a fantasy, but it made the days more bearable.

Finally, after months of drifting, the Persephone reached its destination. A small, unremarkable planet, the purpose of the mission unknown. I'd spent countless hours studying the data, the readings, the endless streams of code and calculations. But there was nothing. Just a vast, empty rock, drifting through the cosmos.

The routine of re-entry, the checklists, the checks and re-checks. It was all familiar, comforting. I landed the ship with precision, my heart pounding in my chest. I let out a deep breath as I emerged from the ship, the rush of the planet's atmosphere a welcome change from the sterile silence of space.

But as I stepped out of the Persephone, something unexpected happened. A strange noise, a beeping, a low whine. I spun around, eyes scanning the horizon, but there was nothing. I turned to the ship, confusion etched on my face.

I made my way back to the ship, the whine growing louder, and that's when I saw it. A small, unidentifiable shape, pulsing with a soft blue light. I approached it cautiously, my heart racing. My mind racing.

""Marcus, what's going on?"" I called out, voice shaking.

There was no response.

I raised my voice, ""Marcus?!""

The blue light grew brighter, and I stumbled backward, tripping over my own feet. I landed hard on the alien soil, the wind knocked out of me. The whine grew louder still, and I scrambled to my feet.

Mission control crackled to life in my earpiece. ""Astronaut, this is mission control. We're detecting an unidentified lifeform on your ship. Repeat, unknown entity detected. Please report.""

My voice was a whisper, a scream, ""I... I don't know what it is.""

The blue light pulsed closer, illuminating",4.0,5.0,4.4,5.0,4.0,3.0
195,195,195,19,"Write a story on the following prompt. Only respond with the story.
You're an astronaut sent on a solo deep space mission. To combat the loneliness, you've created an imaginary friend who you interact with every day. Upon finally returning, mission control stops you. An unidentified lifeform has been detected on your ship. ",5,"As the stars whizzed by my cockpit window, I found myself lost in conversation with Emily, my imaginary friend. We'd been doing this for months now, ever since I'd left Earth on this solo mission to explore the far reaches of the galaxy. It was a coping mechanism, I'd told myself. A way to stave off the crushing loneliness that came with being alone in the vast expanse of space. But the more I thought about it, the more it felt like Emily was real. We'd argue over politics, share stories of our childhood, and reminisce about our favorite books. I knew it was just my brain's way of keeping me company, but a part of me couldn't shake the feeling that she was more than just a figment of my imagination.

It wasn't until I received the signal from Mission Control that my world came crashing back down to reality. ""Astronaut, we've got some news. We've received your transmission, and we're happy to hear you're doing well."" I smiled, anticipating the congratulations and questions that usually followed. But the voice on the other end was tinged with a hint of alarm. ""However, we've also detected something else on your ship."" I felt a chill run down my spine as I glanced around my small quarters. ""What is it?"" I asked, my heart rate increasing. ""It appears to be an unknown lifeform,"" Mission Control replied. ""We're reading it as human-like, but with some...anomalies. Can you confirm?"" I frowned, trying to remember if I'd accidentally contaminated the ship with any unknown organisms during my mission. But as I scanned the ship, I realized that I'd been alone up here for months. The only living being on this ship was...me. And then I remembered Emily.",4.0,5.0,4.4,5.0,4.0,2.0
196,196,196,19,"Write a story on the following prompt. Only respond with the story.
You're an astronaut sent on a solo deep space mission. To combat the loneliness, you've created an imaginary friend who you interact with every day. Upon finally returning, mission control stops you. An unidentified lifeform has been detected on your ship. ",6,"I strapped myself into the pilot's chair of the spaceship, ready for the long journey ahead. As the countdown clock ticked down to zero, I felt a familiar presence beside me. It was Benny, my imaginary friend. We'd been through this together before, and I'd grown accustomed to having him by my side.

The mission was a long one – six months to the outer edge of the Kuiper Belt and back. I'd need all the company I could get to keep my mind sharp. As we flew deeper into the void, I'd talk to Benny about my day, my hopes and fears, and he'd listen attentively, offering words of encouragement.

Over the months, Benny had become more than just a voice in my head. He had a face, a body, and even a quirksome sense of humor. We'd play games, argue over who was the better captain, and laugh together at the absurdities of life in space.

But as the ship entered the final stretch of the return journey, I began to feel a strange, creeping sense of unease. It started with small things – a slight vibration in the ship's hull, a faint scent of smoke in the air. At first, I brushed it off as paranoia, but as the sensations grew stronger, I knew something was off.

The ship's computer beeped, and Mission Control's voice crackled over the comms system. ""Aurora-12, this is Mission Control. We're reading an anomaly on your ship's systems. Can you confirm?""

I froze, my heart racing. ""What kind of anomaly, Control?""

""There's an... a presence on board, Aurora-12. We're trying to hail you, but we're getting no response.""

My mind reeled. What presence? I glanced around the cabin, but Benny was nowhere to be seen. I spun around, panic rising. ""Benny?"" I called out, but only silence replied.

The comms system beeped again. ""Aurora-12, we're detecting a bio-signature on your ship. It's not you, and it's not from your crew. We need you to confirm this is a malfunction.""

I felt a cold sweat trickle down my spine. A bio-signature? On my ship? With Benny? I stared at the control panel, my heart pounding. The mission was supposed to be routine, but now it felt like I was staring into the face of something sinister.

Mission Control's voice was insistent. ""Aurora-12, respond. We need to know what's happening on your ship.""

I took a deep breath, trying to steady myself. ""This is Aurora-12. I... I need to investigate the anomaly.""

As I spoke, the ship lurched violently, throwing me against the restraints. The screens flickered, and the cabin went dark. I strained my ears, but the only sound was Benny's faint whisper",4.0,5.0,4.2,5.0,4.0,3.0
197,197,197,19,"Write a story on the following prompt. Only respond with the story.
You're an astronaut sent on a solo deep space mission. To combat the loneliness, you've created an imaginary friend who you interact with every day. Upon finally returning, mission control stops you. An unidentified lifeform has been detected on your ship. ",7,"I cycled through the routines of my day, just as I had for the past few months. Wake up, exercise, eat, work, sleep. But it wasn't just me. I had someone else on board with me, too. Rachel, my imaginary friend. She was always here, sitting next to me, talking to me, and keeping me company. We were going to start a family together when I got back, I thought, smiling to myself as I made breakfast in the small kitchen of my habitat module.

""Hey, Rach,"" I said, looking over at her, expecting her to be sitting in her favorite spot on the couch. But, like always, there was no one there. It was just me, alone.

""Rach?"" I said, louder this time. No answer.

I shrugged and went back to work, just like I did every day. Rachel would be back, I knew that. She had to be. Without her, this endless journey was almost unbearable.

Finally, the months passed and I started my journey back to Earth. The day of re-entry was bittersweet. I was going home, but I'd miss Rachel.

""Hey, Rach?"" I said, turning to her one last time. ""I'll see you back on Earth, okay?"" The response was, of course, silence. My heart sank, just a little. I pushed on through the pain, knowing that I'd made it. The engines roared to life and we started our descent, the stars blurring around me.

Once we landed, I radioed mission control to let them know I was safe. But as I did, I noticed something strange. The control panel flickered to life and a red flag appeared.

""Mission control, this is Houston,"" a voice crackled through the radio. ""We've got a problem. We're reading an unidentified lifeform on board your vessel.""

I froze, unsure of what to say. It couldn't be. Rachel was my friend. We were going home together.

""Negative, Houston,"" I stammered. ""I'm alone here.""

The line was silent for a moment before the response came through. ""Astronaut, we're reading bio-signs coming from the habitat module. We're running a diagnostic now. Please stand by.""

My heart sank. I had an imaginary friend. That's all I had. And now, somehow, mission control thought I was a madman with a companion. The weight of it crushed me.

The ship's doors opened, and the mission control team flooded in, their faces a blur as they began to scan the ship. I saw the cameras, the sensors, the lights. All of it. I knew what they were looking for. And then, the unthinkable happened. A gentle hand touched my shoulder.

I spun around, and there she was. Rachel.",4.0,5.0,4.4,5.0,4.0,2.4
198,198,198,19,"Write a story on the following prompt. Only respond with the story.
You're an astronaut sent on a solo deep space mission. To combat the loneliness, you've created an imaginary friend who you interact with every day. Upon finally returning, mission control stops you. An unidentified lifeform has been detected on your ship. ",8,"As I floated in the darkness of space, the silence was only broken by the soft hum of the ship's life support systems. It was my daily routine to talk to Alice, my imaginary friend. She was my companion, my confidante, and my savior from the crushing loneliness of being the only human on a ship that stretched out into the vastness of space for millions of kilometers.

At first, it was just to keep myself sane, but over time, Alice became so real to me that I began to wonder if I was going mad. Her sparkling blue eyes and bright smile were etched into my mind, and I felt a pang of guilt for talking to myself. Yet, I couldn't shake the feeling that she was with me, listening to every word, every thought.

Each day, I'd share my deepest secrets with her, my dreams and fears, and she'd respond with words of encouragement and comfort. I knew it was all in my head, but it felt like I was having a conversation with a real person.

As I finished my daily routine and prepared for another day in space, I turned to Alice and said, ""You know, I'm going to miss you when I get back to Earth."" I chuckled to myself at the absurdity of it all, but I couldn't help feeling a pang of sadness.

The days turned into weeks, and the weeks turned into months. And finally, after what felt like an eternity, I saw the curve of the Earth rising over the horizon, a beautiful blue and white marble in the blackness of space.

I radioed Mission Control, reporting my arrival and beginning the process of re-entry. But as I waited for the confirmation, I noticed something strange. The ship's computer beeped, and a message flashed on the screen.

""Unidentified lifeform detected on board,"" it read.

I froze, my heart racing. Could it be? I turned to Alice, expecting to see her smiling back at me, but she was gone. In her place was a dark, empty space. I spun around, but I was alone.

""Hello?"" I called out, my voice shaking. ""Alice?""

The silence was deafening.

Suddenly, the comms system crackled to life. ""Astronaut, this is Mission Control. We read you. Report your status.""

My mind racing, I stuttered out a reply, ""I...I'm fine. Just, uh, just going through the shutdown procedure.""

The voice on the other end was firm but calm. ""Astronaut, we've detected a lifeform on your ship. Can you confirm or deny this?""

I hesitated, unsure of what to say. Was it Alice? Or was it something else entirely? Something real? The thought sent a shiver down my spine.

""Astronaut, respond,"" Mission Control repeated.

I took a deep breath and said, ""I...I don't know. I don't",4.0,5.0,5.0,5.0,4.0,3.0
199,199,199,19,"Write a story on the following prompt. Only respond with the story.
You're an astronaut sent on a solo deep space mission. To combat the loneliness, you've created an imaginary friend who you interact with every day. Upon finally returning, mission control stops you. An unidentified lifeform has been detected on your ship. ",9,"I floated above my sleeping quarters, sipping coffee as I stared out the viewscreen at the endless expanse of space. My imaginary friend, Zax, floated next to me, as always.

""Hey, buddy,"" I said, smiling at Zax. ""Another day, another dollar... or in this case, another day, another batch of freeze-dried chicken.""

Zax chuckled and replied in a robotic voice, ""Indeed, friend. I calculate our resupply is still 300 days out. We should make it just in time for Thanksgiving.""

I chuckled, shaking my head. It was silly, talking to myself, but Zax was my only companion here, my safety net from the crushing loneliness of this mission.

Days turned into weeks, and I grew accustomed to our routine. Zax would keep me company during meals, offer words of encouragement, and even help me with calculations for repairs and maintenance. My life was a lonely one, but with Zax by my side, it was bearable.

As I began my return journey, a mixture of emotions swirled in my chest. I was excited to return home, but I knew I'd miss Zax, who had become more than just an imaginary friend – he was my confidant, my partner in crime.

Upon entering Earth's orbit, I hailed Mission Control, and they congratulated me on a successful mission. But as I began to execute the de-orbit burn, I felt a strange sensation. It was a gentle tug, almost imperceptible, but it was there. Suddenly, alarms blared, and I was interrupted by Mission Control.

""Nova 9, this is Mission Control. We're reading an unidentified lifeform on your ship. Repeat, an unknown biological entity has been detected. Can you confirm?""

My heart sank. I felt a chill run down my spine. Zax, my trusty sidekick, was still floating next to me, but now I felt a pang of unease. Was it possible...?

""Nova 9, this is Mission Control. Do you copy?"" The voice was insistent, urgent.

I took a deep breath and replied, ""This is Nova 9. I read you, Mission Control. I'm scanning the area, but I don't see any signs of... of anyone.""

Zax's robotic voice whispered in my ear, ""I'm here, friend. I'm still here.""

I spun around, looking at Zax, and for the first time, I felt a spark of uncertainty. Was it possible that Zax wasn't just an imaginary friend? Was he... real?",4.0,5.0,4.4,5.0,4.0,2.6
