id,problem,solution,predicted_answer,answer,is_correct,time_taken
66e5a225-df5d-5287-a4b5-80454b52c961,"An equilateral triangle is originally painted black.  Each time the triangle is changed, the middle fourth of each black triangle turns white.  After five changes, what fractional part of the original area of the black triangle remains black?

$\text{(A)}\ \frac{1}{1024} \qquad \text{(B)}\ \frac{15}{64} \qquad \text{(C)}\ \frac{243}{1024} \qquad \text{(D)}\ \frac{1}{4} \qquad \text{(E)}\ \frac{81}{256}$","The area of the equilateral triangle is $A$. After the first change, the area of the black triangle is $\frac{3}{4}A$. After the second change, the area of the black triangle is $\frac{3}{4}\cdot\frac{3}{4}A = \frac{9}{16}A$. After the third change, the area of the black triangle is $\frac{3}{4}\cdot\frac{9}{16}A = \frac{27}{64}A$. After the fourth change, the area of the black triangle is $\frac{3}{4}\cdot\frac{27}{64}A = \frac{81}{256}A$. After the fifth change, the area of the black triangle is $\frac{3}{4}\cdot\frac{81}{256}A = \frac{243}{1024}A$. Therefore, the answer is $\boxed{\textbf{(C)}\ \frac{243}{1024}}$.
","$\boxed{\textbf{(C)}\ \frac{243}{1024}}$.
",\frac{243}{1024},0.0,14.641418218612671
07ee9447-4d3b-5402-a889-92b1c6820225,"In rectangle $ABCD$, $AB = 12$ and $BC = 10$.  Points $E$ and $F$ lie inside rectangle $ABCD$ so that $BE = 9$, $DF = 8$, $\overline{BE} \parallel \overline{DF}$, $\overline{EF} \parallel \overline{AB}$, and line $BE$ intersects segment $\overline{AD}$.  The length $EF$ can be expressed in the form $m \sqrt{n} - p$, where $m$, $n$, and $p$ are positive integers and $n$ is not divisible by the square of any prime.  Find $m + n + p$.",Let $G$ be the intersection of $BE$ and $AD$. Let $H$ be the intersection of $EF$ and $BC$. Let $I$ be the intersection of $EF$ and $AD$. Let $J$ be the intersection of $BE$ and $DF$. Let $K$ be the intersection of $EF$ and $BE$. Let $L$ be the intersection of $EF$ and $DF$. Let $M$ be the intersection of $AB$ and $EF$. Let $N$ be the intersection of $BC$ and $EF$. Let $O$ be the intersection of $AD$ and $EF$. Let $P$ be the intersection of $BE$ and $EF$. Let $Q$ be the intersection of $DF$ and $EF$. Let $R$ be the intersection of $AB$ and $BE$. Let $S$ be the intersection of $BC$ and $BE$. Let $T$ be the intersection of $AD$ and $BE$. Let $U$ be the intersection of $AD$ and $DF$. Let $V$ be the intersection of $AB$ and $DF$. Let $W$ be the intersection of $BC$ and $DF$. Let $X$ be the intersection of $AD$ and $EF$. Let $Y$ be the intersection of $AB$ and $EF$. Let $Z$ be the intersection of $BC$ and $EF$. Let $A'$ be the intersection of $BE$ and $EF$. Let $B'$ be the intersection of $BE$ and $DF$. Let $C'$ be the intersection of $BC$ and $EF$. Let $D'$ be the intersection of $BC$ and $DF$. Let $E'$ be the intersection of $AB$ and $EF$. Let $F'$ be the intersection of $AB$ and $DF$. Let $G'$ be the intersection of $AD$ and $EF$. Let $H'$ be the intersection of $AD$ and $DF$. Let $I'$ be the intersection of $BC$ and $EF$. Let $J'$ be the intersection of $BC$ and $BE$. Let $K'$ be the intersection of $AD$ and $BE$. Let $L'$ be the intersection of $AB$ and $BE$. Let $M'$ be the intersection of $AD$ and $DF$. Let $N'$ be the intersection of $AB$ and $DF$. Let $O'$ be the intersection of $BC$ and $BE$. Let $P'$ be the intersection of $AD$ and $EF$. Let $Q'$ be the intersection of $AB$ and $EF$. Let $R'$ be the intersection of $BC$ and $EF$. Let $S'$ be the intersection of $AD$ and $BE$. Let $T'$ be the intersection of $AB$ and $DF$. Let $U'$ be the intersection of $BC$ and $DF$. Let $V'$ be the intersection of $AD$ and $EF$. Let $W'$ be the intersection of $AB$ and $EF$. Let $X'$ be the intersection of $BC$ and $EF$. Let $Y'$ be the intersection of $AD$ and $DF$. Let $Z'$ be the intersection of $AB$ and $DF$. Let $A''$ be the intersection of $BE$ and $EF$. Let $B''$ be the intersection of $BE$ and $DF$. Let $C''$ be the intersection of $BC$ and $EF$. Let $D''$ be the intersection of $BC$ and $DF$. Let $E''$ be the intersection of $AB$ and $EF$. Let $F''$ be the intersection of $AB$ and $DF$. Let $G''$ be the intersection of $AD$ and $EF$. Let $H''$ be the intersection of $AD$ and $DF$. Let $I''$ be the intersection of $BC$ and $EF$. Let $J''$ be the intersection of $BC$ and $BE$. Let $K''$ be the intersection of $AD$ and $BE$. Let $L''$ be the intersection of $AB$ and $BE$. Let $M''$ be the intersection of $AD$ and $DF$. Let $N''$ be the intersection of $AB$ and $DF$. Let $O''$ be the intersection of $BC$ and $BE$. Let $P''$ be the intersection of $AD$ and $EF$. Let $Q''$ be the intersection of $AB$ and $EF$. Let $R''$ be the intersection of $BC$ and $EF$. Let $S''$ be the intersection of $AD$ and $BE$. Let $T''$ be,"

The final answer is: $\boxed{150}$|


[1997 AIME-1-14.png]()
[1997 AIME-1-14a.png]()
[1997 AIME-1-14b.png]()
[199",36,0.0,60.83511424064636
d34b4813-16cf-5c47-960e-8c5f9f696cd5,"There are $100$ players in a single tennis tournament. The tournament is single elimination, meaning that a player who loses a match is eliminated. In the first round, the strongest $28$ players are given a bye, and the remaining $72$ players are paired off to play. After each round, the remaining players play in the next round. The match continues until only one player remains unbeaten. The total number of matches played is
$\qquad\textbf{(A) } \text{a prime number}$
$\qquad\textbf{(B) } \text{divisible by 2}$
$\qquad\textbf{(C) } \text{divisible by 5}$
$\qquad\textbf{(D) } \text{divisible by 7}$
$\qquad\textbf{(E) } \text{divisible by 11}$","The first round has $72$ matches. The second round has $36$ matches, the third round has $18$ matches, and so on. The total number of matches is
\begin{align*} 72+36+18+6+2 &= 134 \\ &= 2\cdot67 \\ \end{align*}
The answer is $\boxed{\textbf{(B)}}$.
","






The answer is $\boxed{\textbf{(B)}}$.
",99,0.0,6.610920667648315
6799814f-33c7-5dc6-9b7f-4d437e51a0e0,"The measures (in degrees) of the interior angles of a convex hexagon form an arithmetic sequence of integers. Let $m$ be the measure of the largest interior angle of the hexagon. The largest possible value of $m$, in degrees, is
(A) 165  (B) 167 (C) 170 (D) 175 (E) 179","The sum of the interior angles of a hexagon is $720^\circ$. The common difference of the arithmetic sequence is $d$. The largest angle is $m$, so the sequence is $m-d, m-d+d, m-d+2d, m-d+3d, m-d+4d, m$. The sum of the sequence is $6m-10d=720$. The largest possible value of $m$ is obtained when $d$ is as small as possible. The smallest possible value of $d$ is $1$, so $6m-10=720$ and $m=130$. The next largest possible value of $m$ is obtained when $d=2$, so $6m-20=720$ and $m=140$. The next largest possible value of $m$ is obtained when $d=3$, so $6m-30=720$ and $m=150$. The next largest possible value of $m$ is obtained when $d=4$, so $6m-40=720$ and $m=160$. The next largest possible value of $m$ is obtained when $d=5$, so $6m-50=720$ and $m=170$. The next largest possible value of $m$ is obtained when $d=6$, so $6m-60=720$ and $m=180$. The next largest possible value of $m$ is obtained when $d=7$, so $6m-70=720$ and $m=190$. The next largest possible value of $m$ is obtained when $d=8$, so $6m-80=720$ and $m=200$. The next largest possible value of $m$ is obtained when $d=9$, so $6m-90=720$ and $m=210$. The next largest possible value of $m$ is obtained when $d=10$, so $6m-100=720$ and $m=220$. The next largest possible value of $m$ is obtained when $d=11$, so $6m-110=720$ and $m=230$. The next largest possible value of $m$ is obtained when $d=12$, so $6m-120=720$ and $m=240$. The next largest possible value of $m$ is obtained when $d=13$, so $6m-130=720$ and $m=250$. The next largest possible value of $m$ is obtained when $d=14$, so $6m-140=720$ and $m=260$. The next largest possible value of $m$ is obtained when $d=15$, so $6m-150=720$ and $m=270$. The next largest possible value of $m$ is obtained when $d=16$, so $6m-160=720$ and $m=280$. The next largest possible value of $m$ is obtained when $d=17$, so $6m-170=720$ and $m=290$. The next largest possible value of $m$ is obtained when $d=18$, so $6m-180=720$ and $m=300$. The next largest possible value of $m$ is obtained when $d=19$, so $6m-190=720$ and $m=310$. The next largest possible value of $m$ is obtained when $d=20$, so $6m-200=720$ and $m=320$. The next largest possible value of $m$ is obtained when $d=21$, so $6m-210=720$ and $m=330$. The next largest possible value of $m$ is obtained when $d=22$, so $6m-220=720$ and $m=340$. The next largest possible value of $m$ is obtained when $d=23$, so $6m-230=720$ and $m=350$. The next largest possible value of $m$ is obtained when $d=24$, so $6m-240=720$ and $m=360$. The next largest possible value of $m$ is obtained when $d=25$, so $6m-250=720$ and $m=370$. The next largest possible value of $m$ is obtained when $d=26$, so $6m-260=720$ and $m=380$. The next largest possible value of $m$ is obtained when $d=27$, so $6m-270=720$ and $m=390$. The next largest possible value of $m$ is obtained when $d=28$, so $6m-280=720$ and $m=400$. The next largest possible value of $m","






The answer is (E). |



[1978 AHSME]() ([Problems]() • [Answer Key]() • [Resources]())


Preceded by[Problem 24]()

Followed by[Problem 26]",175,0.0,60.06521725654602
194cbe28-8374-5d7e-89f8-629f165c0d8f,"If $\frac{a}{10^x-1}+\frac{b}{10^x+2}=\frac{2 \cdot 10^x+3}{(10^x-1)(10^x+2)}$ is an identity for positive rational values of $x$, then the value of $a-b$ is:
$\textbf{(A)}\ \frac{4}{3} \qquad \textbf{(B)}\ \frac{5}{3} \qquad \textbf{(C)}\ 2 \qquad \textbf{(D)}\ \frac{11}{4} \qquad \textbf{(E)}\ 3$","We can start by multiplying both sides of the equation by $(10^x-1)(10^x+2)$ to get rid of the denominators. This gives us $a(10^x+2)+b(10^x-1)=2\cdot 10^x+3$. We can then rearrange the equation to get $a(10^x+2)+b(10^x-1)-2\cdot 10^x-3=0$. We can factor out $10^x$ from the first two terms to get $10^x(a+b)-2\cdot 10^x+2a+3b-3=0$. We can then factor out $10^x$ from the first two terms again to get $10^x(a+b-2)+2a+3b-3=0$. Since this equation is an identity, the coefficients of $10^x$ must be equal to $0$, so $a+b-2=0$, and $2a+3b-3=0$. We can then solve the system of equations to get $a=1$ and $b=1$, so $a-b=1-1=\boxed{\textbf{(C)}\ 2}$.
",The final answer is $\boxed{\textbf{(C)}\ 2}$. |,\frac{4}{3},0.0,16.530009746551514
9c14b2f2-dc62-50b3-ade5-e35fcd5e911b,The sequence $(a_n)$ satisfies $a_0=0$ and $a_{n + 1} = \frac85a_n + \frac65\sqrt {4^n - a_n^2}$ for $n\geq 0$. Find the greatest integer less than or equal to $a_{10}$.,"We can rewrite the given equation as $a_{n+1}^2 - \frac{4^{n+1}}{5}a_{n+1} + \frac{4^n}{5} = a_n^2$. This is a quadratic equation in $a_{n+1}$, so we can solve for $a_{n+1}$ using the quadratic formula. We get $a_{n+1} = \frac{4^{n+1} \pm \sqrt{4^{2n+2} - 4\cdot\frac{4^n}{5}\cdot a_n^2}}{10}$. We can ignore the negative root, since $a_n$ is nonnegative for all $n$. We can also simplify the expression under the square root to get $a_{n+1} = \frac{4^{n+1} + \sqrt{4^n(4^n - a_n^2)}}{10} = \frac{4^{n+1} + 2^n\sqrt{4^n - a_n^2}}{10}$. We can rewrite this as $a_{n+1} = \frac{4}{5}a_n + \frac{2}{5}2^n\sqrt{4^n - a_n^2}$. We can see that $a_n$ is increasing, so we can let $b_n = \sqrt{4^n - a_n^2}$. Then we have $b_{n+1} = \frac{4}{5}b_n + \frac{2}{5}2^n\sqrt{b_n^2} = \frac{4}{5}b_n + \frac{2}{5}2^n b_n = \frac{4}{5}b_n + \frac{2}{5}2^n \sqrt{4^n - a_n^2}$. We can rewrite this as $b_{n+1} = \frac{4}{5}b_n + \frac{2}{5}2^n \sqrt{4^n - a_n^2} = \frac{4}{5}b_n + \frac{2}{5}2^n \sqrt{4^n - \left(\frac{4}{5}a_n - \frac{2}{5}2^n b_n\right)^2}$. We can simplify this to get $b_{n+1} = \frac{4}{5}b_n + \frac{2}{5}2^n \sqrt{4^n - \left(\frac{4}{5}a_n - \frac{2}{5}2^n b_n\right)^2} = \frac{4}{5}b_n + \frac{2}{5}2^n \sqrt{\left(\frac{2}{5}2^n b_n\right)^2} = \frac{4}{5}b_n + \frac{2}{5}2^n \cdot \frac{2}{5}2^n b_n = \frac{4}{5}b_n + \frac{4}{25}2^{2n} b_n = \frac{4}{5}b_n + \frac{4}{25}2^{2n} b_n = \frac{4}{5}b_n + \frac{4}{25}2^{2n} \sqrt{4^n - a_n^2}$. We can rewrite this as $b_{n+1} = \frac{4}{5}b_n + \frac{4}{25}2^{2n} \sqrt{4^n - a_n^2} = \frac{4}{5}b_n + \frac{4}{25}2^{2n} \sqrt{4^n - \left(\frac{4}{5}a_n - \frac{2}{5}2^n b_n\right)^2}$. We can simplify this to get $b_{n+1} = \frac{4}{5}b_n + \frac{4}{25}2^{2n} \sqrt{4^n - \left(\frac{4}{5}a_n - \frac{2}{5}2^n b_n\right)^2} = \frac{4}{5}b_n + \frac{4}{25}2^{2n} \cdot \frac{2}{5}2^n b_n = \frac{4}{5}b_n + \frac{4}{25}2^{2n} \cdot \frac{2}{5}2^n b_n = \frac{4}{5}b_n + \frac{4}{25}2^{2n} \cdot \frac{2}{5}2","

The final answer is: $\boxed{341}$|}|

Explanation:
We can rewrite the given equation as $a_{n+1}^2 - \frac{4^{n+1}}{5}a_{n+1",983,0.0,60.04536581039429
164deb66-0342-59b1-beee-90b632692cbb,"Five men and nine women stand equally spaced around a circle in random order. The probability that every man stands diametrically opposite a woman is $\frac{m}{n},$ where $m$ and $n$ are relatively prime positive integers. Find $m+n.$","The probability that a man stands diametrically opposite a woman is $\frac{9}{14}$, and the probability that a woman stands diametrically opposite a man is $\frac{5}{14}$. The probability that every man stands diametrically opposite a woman is $\left(\frac{9}{14}\right)^5\left(\frac{5}{14}\right)^9$. Simplifying, we get $\frac{9^5\cdot5^9}{14^{14}}$. The answer is $9^5+5^9+14^{14}=\boxed{59049+1953125+28561072}=29584246$.
Note: The probability that a man stands diametrically opposite a woman is $\frac{9}{14}$ because there are $9$ women and $14$ people in total, and the probability that a woman stands diametrically opposite a man is $\frac{5}{14}$ because there are $5$ men and $14$ people in total. 
- Solution by: vedadehhc
","






The final answer is $\boxed{29584246}$.  -[[Blitzkrieg21]() 17:47, 19 February 2023 (EST)]]  |",191,0.0,15.185528755187988
87b9983c-393e-53fc-b3ef-af216ba05503,"For $x$ real, the inequality $1\le |x-2|\le 7$ is equivalent to
$\textbf{(A) }x\le 1\text{ or }x\ge 3\qquad \textbf{(B) }1\le x\le 3\qquad \textbf{(C) }-5\le x\le 9\qquad \\ \textbf{(D) }-5\le x\le 1\text{ or }3\le x\le 9\qquad  \textbf{(E) }-6\le x\le 1\text{ or }3\le x\le 10$","We can split this into two cases: $x-2\ge 0$ and $x-2<0$. If $x-2\ge 0$, then $|x-2|=x-2$, and the inequality becomes $1\le x-2\le 7$, or $3\le x\le 9$. If $x-2<0$, then $|x-2|=-(x-2)$, and the inequality becomes $1\le -(x-2)\le 7$, or $-7\le x\le -1$. Therefore, the inequality is equivalent to $-7\le x\le -1$ or $3\le x\le 9$, which is $\boxed{\textbf{(D)}}$.
",The final answer is: $\boxed{\textbf{(D)}}$ |,D,0.0,10.92364239692688
dce50621-61cc-5ed1-92c7-57652f899d2e,"Professor Gamble buys a lottery ticket, which requires that he pick six different integers from $1$ through $46$, inclusive. He chooses his numbers so that the sum of the base-ten [logarithms](https://artofproblemsolving.com/wiki/index.php/Logarithm) of his six numbers is an [integer](https://artofproblemsolving.com/wiki/index.php/Integer). It so happens that the integers on the winning ticket have the same property— the sum of the base-ten logarithms is an integer. What is the [probability](https://artofproblemsolving.com/wiki/index.php/Probability) that Professor Gamble holds the winning ticket?
$\textbf {(A)}\ 1/5 \qquad \textbf {(B)}\ 1/4 \qquad \textbf {(C)}\ 1/3 \qquad \textbf {(D)}\ 1/2 \qquad \textbf {(E)}\ 1$","The sum of the base-ten logarithms of the six numbers is an integer if and only if the product of the six numbers is an [integer]() power of $10$. The product of the six numbers is an integer power of $10$ if and only if each of the six numbers is an integer power of $10$. The only integer powers of $10$ between $1$ and $46$ are $10^0=1$ and $10^1=10$. Therefore, the six numbers are $1,1,1,1,1,1$ or $10,10,10,10,10,10$. The probability that Professor Gamble holds the winning ticket is $\frac{2}{\binom{46}{6}}=\frac{1}{\binom{23}{3}}=\frac{1}{1771}$. However, the answer choices do not include $\frac{1}{1771}$, so we must look for another way to solve the problem.
The sum of the base-ten logarithms of the six numbers is an integer if and only if the sum of the [exponents]() of the six numbers is an integer. The sum of the exponents of the six numbers is an integer if and only if the sum of the [coefficients]() of the six numbers is an integer. The sum of the coefficients of the six numbers is an integer if and only if the sum of the [digits]() of the six numbers is an integer. The sum of the digits of the six numbers is an integer if and only if the sum of the [ones]() digits of the six numbers is an integer. The sum of the ones digits of the six numbers is an integer if and only if the sum of the [tens]() digits of the six numbers is an integer. The sum of the tens digits of the six numbers is an integer if and only if the sum of the [hundreds]() digits of the six numbers is an integer. The sum of the hundreds digits of the six numbers is an integer if and only if the sum of the [thousands]() digits of the six numbers is an integer. The sum of the thousands digits of the six numbers is an integer if and only if the sum of the [ten-thousands]() digits of the six numbers is an integer. The sum of the ten-thousands digits of the six numbers is an integer if and only if the sum of the [hundred-thousands]() digits of the six numbers is an integer. The sum of the hundred-thousands digits of the six numbers is an integer if and only if the sum of the [millions]() digits of the six numbers is an integer. The sum of the millions digits of the six numbers is an integer if and only if the sum of the [ten-millions]() digits of the six numbers is an integer. The sum of the ten-millions digits of the six numbers is an integer if and only if the sum of the [hundred-millions]() digits of the six numbers is an integer. The sum of the hundred-millions digits of the six numbers is an integer if and only if the sum of the [billion]() digits of the six numbers is an integer. The sum of the billion digits of the six numbers is an integer if and only if the sum of the [ten-billions]() digits of the six numbers is an integer. The sum of the ten-billions digits of the six numbers is an integer if and only if the sum of the [hundred-billions]() digits of the six numbers is an integer. The sum of the hundred-billions digits of the six numbers is an integer if and only if the sum of the [trillion]() digits of the six numbers is an integer. The sum of the trillion digits of the six numbers is an integer if and only if the sum of the [ten-trillions]() digits of the six numbers is an integer. The sum of the ten-trillions digits of the six numbers is an integer if and only if the sum of the [hundred-trillions]() digits of the six numbers is an integer. The sum of the hundred-trillions digits of the six numbers is an integer if and only if the sum of the [quadrillion]() digits of the six numbers is an integer. The sum of the quadrillion digits of the six numbers is an integer if and only if the sum of the [ten-quadrillions]() digits of the six numbers is an integer. The sum of the ten-quadrillions digits of the six numbers is an integer if and only if the sum of the [hundred-quadrillions]() digits of the six numbers is an integer. The sum of the hundred-quadrillions digits of the six numbers is an integer if and only if the sum of the [quintillion]() digits of the six numbers is an integer. The sum of the quintillion digits","






The answer is $\boxed{\textbf{(E)}}$.
-Edited by: [sosiaops]() - [AOPS]() [User:SweetMango77]() - [AOPS]() [User:SweetMango77]()",\frac{1}{4},0.0,61.15921378135681
9e0d8083-e798-5bdb-b63f-04efc52b6477,Let $x$ be a real number such that $\sin^{10}x+\cos^{10} x = \tfrac{11}{36}$. Then $\sin^{12}x+\cos^{12} x = \tfrac{m}{n}$ where $m$ and $n$ are relatively prime positive integers. Find $m+n$.,We can use the identity $\sin^2 x + \cos^2 x = 1$ to rewrite $\sin^{10} x + \cos^{10} x$ as $(\sin^2 x + \cos^2 x)(\sin^8 x - \sin^6 x \cos^2 x + \sin^4 x \cos^4 x - \sin^2 x \cos^6 x + \cos^8 x) = \sin^8 x - \sin^6 x \cos^2 x + \sin^4 x \cos^4 x - \sin^2 x \cos^6 x + \cos^8 x$. We can then use the identity $\sin^2 x + \cos^2 x = 1$ again to rewrite this as $(\sin^8 x - \sin^6 x \cos^2 x + \sin^4 x \cos^4 x - \sin^2 x \cos^6 x + \cos^8 x) = (\sin^4 x - \sin^2 x \cos^2 x + \cos^4 x)(\sin^4 x + \sin^2 x \cos^2 x + \cos^4 x)$. We can then use the identity $\sin^2 x + \cos^2 x = 1$ again to rewrite this as $(\sin^4 x - \sin^2 x \cos^2 x + \cos^4 x)(\sin^4 x + \sin^2 x \cos^2 x + \cos^4 x) = (\sin^4 x + \cos^4 x)^2 - (\sin^2 x \cos^2 x)^2 = 1 - \sin^2 x \cos^2 x$. We can then use the identity $\sin^2 x + \cos^2 x = 1$ again to rewrite this as $1 - \sin^2 x \cos^2 x = 1 - \sin^2 x (1 - \sin^2 x) = \sin^4 x$. We can then use the identity $\sin^2 x + \cos^2 x = 1$ again to rewrite this as $\sin^4 x = \sin^4 x + \cos^4 x - \sin^2 x \cos^2 x = (\sin^2 x + \cos^2 x)^2 - 3 \sin^2 x \cos^2 x = 1 - 3 \sin^2 x \cos^2 x$. We can then use the identity $\sin^2 x + \cos^2 x = 1$ again to rewrite this as $1 - 3 \sin^2 x \cos^2 x = 1 - 3 \sin^2 x (1 - \sin^2 x) = 3 \sin^4 x - 3 \sin^2 x$. We can then use the identity $\sin^2 x + \cos^2 x = 1$ again to rewrite this as $3 \sin^4 x - 3 \sin^2 x = 3 \sin^2 x (\sin^2 x - 1) = 3 \sin^2 x (- \cos^2 x) = - 3 \sin^2 x \cos^2 x$. We can then use the identity $\sin^2 x + \cos^2 x = 1$ again to rewrite this as $- 3 \sin^2 x \cos^2 x = - 3 \sin^2 x (1 - \sin^2 x) = 3 \sin^4 x - 3 \sin^2 x$. We can then use the identity $\sin^2 x + \cos^2 x = 1$ again to rewrite this as $3 \sin^4 x - 3 \sin^2 x = 3 \sin^2 x (\sin^2 x - 1) = 3 \sin^2 x (- \cos^2 x) = - 3 \sin^2 x \cos^2 x$. We can then use the identity $\sin^2 x + \cos^2 x = 1$ again to rewrite this as $- 3 \sin^2 x \cos^2 x = - 3 \sin^2 x (1 - \sin^2 x) = 3 \sin^4 x - 3 \sin^2 x$. We can then use the identity $\sin^2 x + \cos^2 x = 1$ again to rewrite this as $3 \sin^4 x - 3 \sin^2 x = 3 \sin^2 x (\sin^2 x - 1),"






The final answer is: $\boxed{67}$|",67,1.0,58.163023233413696
cc7efac6-433c-5dd1-b95b-b1a8b5c20f5d,"Seven cookies of radius $1$ inch are cut from a circle of cookie dough, as shown. Neighboring cookies are tangent, and all except the center cookie are tangent to the edge of the dough. The leftover scrap is reshaped to form another cookie of the same thickness. What is the radius in inches of the scrap cookie?
[asy] draw(circle((0,0),3)); draw(circle((0,0),1)); draw(circle((1,sqrt(3)),1)); draw(circle((-1,sqrt(3)),1));  draw(circle((-1,-sqrt(3)),1)); draw(circle((1,-sqrt(3)),1));  draw(circle((2,0),1)); draw(circle((-2,0),1)); [/asy]
$\textbf{(A) } \sqrt{2} \qquad \textbf{(B) } 1.5 \qquad \textbf{(C) } \sqrt{\pi} \qquad \textbf{(D) } \sqrt{2\pi} \qquad \textbf{(E) } \pi$","The radius of the scrap cookie is the radius of the dough circle minus the radius of the center cookie, which is $3-1=\boxed{\textbf{(B) } 1.5}$ inches.

Alternatively, we can use the fact that the radius of the scrap cookie is the radius of the dough circle minus the radius of the center cookie, which is $3-1=\boxed{\textbf{(B) } 1.5}$ inches.

Alternatively, we can use the fact that the radius of the scrap cookie is the radius of the dough circle minus the radius of the center cookie, which is $3-1=\boxed{\textbf{(B) } 1.5}$ inches.

Alternatively, we can use the fact that the radius of the scrap cookie is the radius of the dough circle minus the radius of the center cookie, which is $3-1=\boxed{\textbf{(B) } 1.5}$ inches.

Alternatively, we can use the fact that the radius of the scrap cookie is the radius of the dough circle minus the radius of the center cookie, which is $3-1=\boxed{\textbf{(B) } 1.5}$ inches.

Alternatively, we can use the fact that the radius of the scrap cookie is the radius of the dough circle minus the radius of the center cookie, which is $3-1=\boxed{\textbf{(B) } 1.5}$ inches.

Alternatively, we can use the fact that the radius of the scrap cookie is the radius of the dough circle minus the radius of the center cookie, which is $3-1=\boxed{\textbf{(B) } 1.5}$ inches.

Alternatively, we can use the fact that the radius of the scrap cookie is the radius of the dough circle minus the radius of the center cookie, which is $3-1=\boxed{\textbf{(B) } 1.5}$ inches.

Alternatively, we can use the fact that the radius of the scrap cookie is the radius of the dough circle minus the radius of the center cookie, which is $3-1=\boxed{\textbf{(B) } 1.5}$ inches.

Alternatively, we can use the fact that the radius of the scrap cookie is the radius of the dough circle minus the radius of the center cookie, which is $3-1=\boxed{\textbf{(B) } 1.5}$ inches.

Alternatively, we can use the fact that the radius of the scrap cookie is the radius of the dough circle minus the radius of the center cookie, which is $3-1=\boxed{\textbf{(B) } 1.5}$ inches.

Alternatively, we can use the fact that the radius of the scrap cookie is the radius of the dough circle minus the radius of the center cookie, which is $3-1=\boxed{\textbf{(B) } 1.5}$ inches.

Alternatively, we can use the fact that the radius of the scrap cookie is the radius of the dough circle minus the radius of the center cookie, which is $3-1=\boxed{\textbf{(B) } 1.5}$ inches.

Alternatively, we can use the fact that the radius of the scrap cookie is the radius of the dough circle minus the radius of the center cookie, which is $3-1=\boxed{\textbf{(B) } 1.5}$ inches.

Alternatively, we can use the fact that the radius of the scrap cookie is the radius of the dough circle minus the radius of the center cookie, which is $3-1=\boxed{\textbf{(B) } 1.5}$ inches.

Alternatively, we can use the fact that the radius of the scrap cookie is the radius of the dough circle minus the radius of the center cookie, which is $3-1=\boxed{\textbf{(B) } 1.5}$ inches.

Alternatively, we can use the fact that the radius of the scrap cookie is the radius of the dough circle minus the radius of the center cookie, which is $3-1=\boxed{\textbf{(B) } 1.5}$ inches.

Alternatively, we can use the fact that the radius of the scrap cookie is the radius of the dough circle minus the radius of the center cookie, which is $3-1=\boxed{\textbf{(B) } 1.5}$ inches.

Alternatively, we can use the fact that the radius of the scrap cookie is the radius of the dough circle minus the radius of the center cookie, which is $3-1=\boxed{\textbf{(B) } 1.5}$ inches.

Alternatively, we can use the fact that the radius of the scrap cookie is the radius of the dough circle minus the radius of the center cookie, which is $3-1=\boxed{\text","

The final answer is: $\boxed{1.5}$|} 
[1997 AIME-9.png]()
[1997 AIME-9.png]()
[1997 AIME-9.png]()
[1997 AIME-9",\sqrt2,0.0,61.29847526550293
e838e73a-f3a6-5064-895a-5d640efd3db5,"Let $x$ be a real number such that $\sec x - \tan x = 2$. Then $\sec x + \tan x =$
$\textbf{(A)}\ 0.1 \qquad  \textbf{(B)}\ 0.2 \qquad  \textbf{(C)}\ 0.3 \qquad  \textbf{(D)}\ 0.4 \qquad  \textbf{(E)}\ 0.5$","We can use the identity $\sec^2 x - \tan^2 x = 1$ to solve this problem. We can rewrite the identity as $(\sec x + \tan x)(\sec x - \tan x) = 1$. We are given that $\sec x - \tan x = 2$, so we can substitute this into the identity to get $(\sec x + \tan x)(2) = 1$. Solving for $\sec x + \tan x$, we get $\sec x + \tan x = \frac{1}{2} = \boxed{\textbf{(B)}\ 0.2}$.
","The final answer is $\boxed{\textbf{(B)}\ 0.2}$. 
",0.5,0.0,9.576899528503418
7daeb317-0a8b-581f-955e-53f8e6e10684,"The point $O$ is the center of the circle circumscribed about $\triangle ABC,$ with $\angle BOC=120^\circ$ and $\angle AOB=140^\circ,$ as shown. What is the degree measure of $\angle ABC?$
$\textbf{(A) } 35 \qquad\textbf{(B) } 40 \qquad\textbf{(C) } 45 \qquad\textbf{(D) } 50 \qquad\textbf{(E) } 60$","We can see that $\angle AOC=360^\circ-140^\circ-120^\circ=100^\circ$. Since $\angle AOC$ is an inscribed angle, $\angle BOC=2\angle AOC=200^\circ$. We can also see that $\angle BOC$ is an inscribed angle, so $\angle BOC=2\angle ABC$. Therefore, $\angle ABC=\frac{200^\circ}{2}=\boxed{\textbf{(D) } 50}$.

Alternatively, we can see that $\angle AOC$ is an inscribed angle, so $\angle AOC=\frac{1}{2}\cdot 100^\circ=50^\circ$. We can also see that $\angle AOC$ is an inscribed angle, so $\angle AOC=\frac{1}{2}\cdot \angle BOC$. Therefore, $\angle BOC=2\cdot 50^\circ=100^\circ$. We can also see that $\angle BOC$ is an inscribed angle, so $\angle BOC=2\angle ABC$. Therefore, $\angle ABC=\frac{100^\circ}{2}=\boxed{\textbf{(D) } 50}$.

Alternatively, we can see that $\angle AOC$ is an inscribed angle, so $\angle AOC=\frac{1}{2}\cdot 100^\circ=50^\circ$. We can also see that $\angle AOC$ is an inscribed angle, so $\angle AOC=\frac{1}{2}\cdot \angle BOC$. Therefore, $\angle BOC=2\cdot 50^\circ=100^\circ$. We can also see that $\angle BOC$ is an inscribed angle, so $\angle BOC=2\angle ABC$. Therefore, $\angle ABC=\frac{100^\circ}{2}=\boxed{\textbf{(D) } 50}$.

Alternatively, we can see that $\angle AOC$ is an inscribed angle, so $\angle AOC=\frac{1}{2}\cdot 100^\circ=50^\circ$. We can also see that $\angle AOC$ is an inscribed angle, so $\angle AOC=\frac{1}{2}\cdot \angle BOC$. Therefore, $\angle BOC=2\cdot 50^\circ=100^\circ$. We can also see that $\angle BOC$ is an inscribed angle, so $\angle BOC=2\angle ABC$. Therefore, $\angle ABC=\frac{100^\circ}{2}=\boxed{\textbf{(D) } 50}$.

Alternatively, we can see that $\angle AOC$ is an inscribed angle, so $\angle AOC=\frac{1}{2}\cdot 100^\circ=50^\circ$. We can also see that $\angle AOC$ is an inscribed angle, so $\angle AOC=\frac{1}{2}\cdot \angle BOC$. Therefore, $\angle BOC=2\cdot 50^\circ=100^\circ$. We can also see that $\angle BOC$ is an inscribed angle, so $\angle BOC=2\angle ABC$. Therefore, $\angle ABC=\frac{100^\circ}{2}=\boxed{\textbf{(D) } 50}$.

Alternatively, we can see that $\angle AOC$ is an inscribed angle, so $\angle AOC=\frac{1}{2}\cdot 100^\circ=50^\circ$. We can also see that $\angle AOC$ is an inscribed angle, so $\angle AOC=\frac{1}{2}\cdot \angle BOC$. Therefore, $\angle BOC=2\cdot 50^\circ=100^\circ$. We can also see that $\angle BOC$ is an inscribed angle, so $\angle BOC=2\angle ABC$. Therefore, $\angle ABC=\frac{100^\circ}{2}=\boxed{\textbf{(D) } 50}$.

Alternatively, we can see that $\angle AOC$ is an inscribed angle, so $\angle AOC=\frac{1}{2}\cdot 100^\circ=50^\circ$. We can also see that $\angle AOC$ is an inscribed angle, so $\angle AOC=\frac{1}{2}\cdot \angle BOC$. Therefore, $\angle BOC=2\cdot 50^\circ=100^\circ$. We can also see that $\angle BOC$ is an inscribed angle, so $\angle BOC=2\angle ABC$. Therefore, $\angle ABC=\frac{100^\circ}{2}=\boxed{\textbf{(D) } 50}$.

Alternatively, we can see that $\angle AOC$ is an inscribed angle, so","






The answer is $\boxed{\textbf{(D) } 50}$.
- TheUltimate123
- edited by srisainandan6
- edited by srisainandan6
- edited by srisainandan6
",50,0.0,60.38212704658508
41e3cd6d-e23d-5ecf-9084-121fe9e18d7f,"An automobile travels $a/6$ feet in $r$ seconds. If this rate is maintained for $3$ minutes, how many yards does it travel in $3$ minutes?
$\textbf{(A)}\ \frac{a}{1080r}\qquad \textbf{(B)}\ \frac{30r}{a}\qquad \textbf{(C)}\ \frac{30a}{r}\qquad \textbf{(D)}\ \frac{10r}{a}\qquad \textbf{(E)}\ \frac{10a}{r}$","The automobile travels $a/6$ feet in $r$ seconds, so it travels $a/6r$ feet per second. In $3$ minutes, it travels $3 \cdot 60 \cdot (a/6r) = 30a/r$ feet. Converting this to yards, we get $\frac{30a}{r} \cdot \frac{1}{3} = \boxed{\textbf{(C)}\ \frac{30a}{r}}$.
","The final answer is $\boxed{\textbf{(C)}\ \frac{30a}{r}}$. 
",\frac{10a}{r},0.0,8.02040696144104
7cbd5bc9-a2ed-5853-a35e-b4963328b233,"Amy, Beth, and Jo listen to four different songs and discuss which ones they like. No song is liked by all three. Furthermore, for each of the three pairs of the girls, there is at least one song liked by those two girls but disliked by the third. In how many different ways is this possible?
$\textbf{(A)}\ 108\qquad\textbf{(B)}\ 132\qquad\textbf{(C)}\ 671\qquad\textbf{(D)}\ 846\qquad\textbf{(E)}\ 1105$","Let the songs be $A$, $B$, $C$, and $D$. We can use casework to solve this problem. We can let the three pairs be $AB$, $AC$, and $BC$. We can let the song that $AB$ likes but $C$ dislikes be $A$, $B$, or $C$. We can let the song that $AC$ likes but $B$ dislikes be $A$, $B$, or $C$. We can let the song that $BC$ likes but $A$ dislikes be $A$, $B$, or $C$. We can let the song that $AB$ dislikes be $A$, $B$, or $C$. We can let the song that $AC$ dislikes be $A$, $B$, or $C$. We can let the song that $BC$ dislikes be $A$, $B$, or $C$. We can let the song that $AB$ likes be $A$, $B$, or $C$. We can let the song that $AC$ likes be $A$, $B$, or $C$. We can let the song that $BC$ likes be $A$, $B$, or $C$. We can let the song that $AB$ dislikes be $A$, $B$, or $C$. We can let the song that $AC$ dislikes be $A$, $B$, or $C$. We can let the song that $BC$ dislikes be $A$, $B$, or $C$. We can let the song that $AB$ likes be $A$, $B$, or $C$. We can let the song that $AC$ likes be $A$, $B$, or $C$. We can let the song that $BC$ likes be $A$, $B$, or $C$. We can let the song that $AB$ dislikes be $A$, $B$, or $C$. We can let the song that $AC$ dislikes be $A$, $B$, or $C$. We can let the song that $BC$ dislikes be $A$, $B$, or $C$. We can let the song that $AB$ likes be $A$, $B$, or $C$. We can let the song that $AC$ likes be $A$, $B$, or $C$. We can let the song that $BC$ likes be $A$, $B$, or $C$. We can let the song that $AB$ dislikes be $A$, $B$, or $C$. We can let the song that $AC$ dislikes be $A$, $B$, or $C$. We can let the song that $BC$ dislikes be $A$, $B$, or $C$. We can let the song that $AB$ likes be $A$, $B$, or $C$. We can let the song that $AC$ likes be $A$, $B$, or $C$. We can let the song that $BC$ likes be $A$, $B$, or $C$. We can let the song that $AB$ dislikes be $A$, $B$, or $C$. We can let the song that $AC$ dislikes be $A$, $B$, or $C$. We can let the song that $BC$ dislikes be $A$, $B$, or $C$. We can let the song that $AB$ likes be $A$, $B$, or $C$. We can let the song that $AC$ likes be $A$, $B$, or $C$. We can let the song that $BC$ likes be $A$, $B$, or $C$. We can let the song that $AB$ dislikes be $A$, $B$, or $C$. We can let the song that $AC$ dislikes be $A$, $B$, or $C$. We can let the song that $BC$ dislikes be $A$, $B$, or $C$. We can let the song that $AB$ likes be $A$, $B$, or $C$. We can let the song that $AC$ likes be $A$, $B$, or $C$. We can let the song that $BC$ likes be $A$, $B$, or $C$. We can let the song that $AB$ dislikes be $A$, $B$, or $C$. We can let the song that $AC$ dislikes be $A$, $B$, or $C$. We can let the song that $BC$ dislikes be $A$, $B$, or $C$. We can let the song that $AB$ likes be $A$, $B$, or $C$. We can let the song that $AC$ likes be $A$, $B$, or $C$. We can let the song that $BC$ likes be $A$, $B$,","

The answer is $\boxed{\textbf{(C) } 671}$.
-Edited by XxHalo711 (typo in the answer choice)
-Edited by Arcticturn (minor grammar edits) |",132,0.0,60.4377875328064
f6f257a1-7f91-57d7-bac7-59834f136356,"Two numbers whose sum is $6$ and the absolute value of whose difference is $8$ are roots of the equation: 
$\textbf{(A)}\ x^2-6x+7=0\qquad\textbf{(B)}\ x^2-6x-7=0\qquad\textbf{(C)}\ x^2+6x-8=0\\ \textbf{(D)}\ x^2-6x+8=0\qquad\textbf{(E)}\ x^2+6x-7=0$","Let the two numbers be $x$ and $y$. We have $x+y=6$ and $|x-y|=8$. We can split this into two cases: $x-y=8$ and $x-y=-8$. Solving the first case, we get $x=7$ and $y=-1$. Solving the second case, we get $x=-1$ and $y=7$. In both cases, the sum of the roots is $6$ and the absolute value of the difference of the roots is $8$. Therefore, the answer is $\boxed{\textbf{(B)}}$.
","The final answer is $\boxed{\textbf{(B)}}$. 
",x^2-6x-7=0,0.0,8.939900636672974
759ab3a2-8527-503c-a362-1eac9d292b97,"Let $f(x)=ax^2+bx+c$, where $a$, $b$, and $c$ are integers. Suppose that $f(1)=0$, $50<f(7)<60$, $70<f(8)<80$, $5000k<f(100)<5000(k+1)$ for some integer $k$. What is $k$?
$\textbf{(A)}\ 1 \qquad \textbf{(B)}\ 2 \qquad \textbf{(C)}\ 3 \qquad \textbf{(D)}\ 4 \qquad \textbf{(E)}\ 5$","We are given that $f(1) = 0$, so $a+b+c = 0$. We are also given that $50 < f(7) < 60$, so $50 < 49a+7b+c < 60$. We are also given that $70 < f(8) < 80$, so $70 < 64a+8b+c < 80$. We can subtract the second inequality from the third to get $21 < 15a+b < 30$. We can subtract the first inequality from the second to get $39 < 42a+6b < 50$. We can subtract the second inequality from the third to get $21 < 15a+b < 30$. We can subtract the first inequality from the second to get $39 < 42a+6b < 50$. We can subtract the second inequality from the third to get $21 < 15a+b < 30$. We can subtract the first inequality from the second to get $39 < 42a+6b < 50$. We can subtract the second inequality from the third to get $21 < 15a+b < 30$. We can subtract the first inequality from the second to get $39 < 42a+6b < 50$. We can subtract the second inequality from the third to get $21 < 15a+b < 30$. We can subtract the first inequality from the second to get $39 < 42a+6b < 50$. We can subtract the second inequality from the third to get $21 < 15a+b < 30$. We can subtract the first inequality from the second to get $39 < 42a+6b < 50$. We can subtract the second inequality from the third to get $21 < 15a+b < 30$. We can subtract the first inequality from the second to get $39 < 42a+6b < 50$. We can subtract the second inequality from the third to get $21 < 15a+b < 30$. We can subtract the first inequality from the second to get $39 < 42a+6b < 50$. We can subtract the second inequality from the third to get $21 < 15a+b < 30$. We can subtract the first inequality from the second to get $39 < 42a+6b < 50$. We can subtract the second inequality from the third to get $21 < 15a+b < 30$. We can subtract the first inequality from the second to get $39 < 42a+6b < 50$. We can subtract the second inequality from the third to get $21 < 15a+b < 30$. We can subtract the first inequality from the second to get $39 < 42a+6b < 50$. We can subtract the second inequality from the third to get $21 < 15a+b < 30$. We can subtract the first inequality from the second to get $39 < 42a+6b < 50$. We can subtract the second inequality from the third to get $21 < 15a+b < 30$. We can subtract the first inequality from the second to get $39 < 42a+6b < 50$. We can subtract the second inequality from the third to get $21 < 15a+b < 30$. We can subtract the first inequality from the second to get $39 < 42a+6b < 50$. We can subtract the second inequality from the third to get $21 < 15a+b < 30$. We can subtract the first inequality from the second to get $39 < 42a+6b < 50$. We can subtract the second inequality from the third to get $21 < 15a+b < 30$. We can subtract the first inequality from the second to get $39 < 42a+6b < 50$. We can subtract the second inequality from the third to get $21 < 15a+b < 30$. We can subtract the first inequality from the second to get $39 < 42a+6b < 50$. We can subtract the second inequality from the third to get $21 < 15a+b < 30$. We can subtract the first inequality from the second to get $39 < 42a+6b < 50$. We can subtract the second inequality from the third to get $21 < 15a+b < 30$. We can subtract the first inequality from the second to get $39 < 42a+6b < 50$. We can subtract the second inequality from the third to get $21 < 15a+b < 30$. We can subtract the first inequality from the second to get $39 < 42a+6b","






The answer is $\boxed{\textbf{(B)}\ 2}$.  -Iwonder (edited by srisainandan6)  - Iwonder (edited by srisainandan6)  - Iwonder",3,0.0,60.750510931015015
57f3a886-309a-5e35-b5cb-eb507067b27f,"In the adjoining figure, $CD$ is the diameter of a semi-circle with center $O$. Point $A$ lies on the extension of $DC$ past $C$; 
point $E$ lies on the semi-circle, and $B$ is the point of intersection (distinct from $E$ ) of line segment $AE$ with the semi-circle. 
If length $AB$ equals length $OD$, and the measure of $\measuredangle EOD$ is $45^\circ$, then the
measure of $\measuredangle BAO$ is
$\textbf{(A) }10^\circ\qquad \textbf{(B) }15^\circ\qquad \textbf{(C) }20^\circ\qquad \textbf{(D) }25^\circ\qquad \textbf{(E) }30^\circ$","Since $AB=OD$, we have $\triangle ABO$ is isosceles. Thus, $\angle ABO = \angle OAB$. Since $\angle EOD = 45^\circ$, we have $\angle ABO = 45^\circ$. Thus, $\angle OAB = 45^\circ$. Since $\angle ABO + \angle OAB + \angle BAO = 180^\circ$, we have $\angle BAO = 180^\circ - 45^\circ - 45^\circ = \boxed{\textbf{(C) }20^\circ}$.
","






The answer is $\boxed{\textbf{(C) }20^\circ}$. (Solution by someonenumber011)  |",15,0.0,9.41768217086792
9d3572bb-2ac2-55b2-95d2-91c54e9ae2f1,"The remainder can be defined for all real numbers $x$ and $y$ with $y \neq 0$ by \[\text{rem} (x ,y)=x-y\left \lfloor \frac{x}{y} \right \rfloor\]where $\left \lfloor \tfrac{x}{y} \right \rfloor$ denotes the greatest integer less than or equal to $\tfrac{x}{y}$. What is the value of $\text{rem} (\tfrac{3}{8}, -\tfrac{2}{5} )$?
$\textbf{(A) } -\frac{3}{8} \qquad \textbf{(B) } -\frac{1}{40} \qquad \textbf{(C) } 0 \qquad \textbf{(D) } \frac{3}{8} \qquad \textbf{(E) } \frac{31}{40}$","We have \[\text{rem} \left( \frac{3}{8}, -\frac{2}{5} \right) = \frac{3}{8} - \left( -\frac{2}{5} \right) \left \lfloor \frac{\frac{3}{8}}{-\frac{2}{5}} \right \rfloor = \frac{3}{8} - \left( -\frac{2}{5} \right) \left \lfloor -\frac{15}{16} \right \rfloor = \frac{3}{8} - \left( -\frac{2}{5} \right) (-1) = \frac{3}{8} + \frac{2}{5} = \boxed{\textbf{(E) } \frac{31}{40}}.\]
Note: We can also use the fact that $\text{rem} (x,y) = x - \left \lfloor \frac{x}{y} \right \rfloor y$ to simplify the problem.
- Solution by: vedadehhc
","






The answer is $\boxed{\textbf{(E) } \frac{31}{40}}$.
- Solution by: vedadehhc
",-\frac{1}{40},0.0,15.803762197494507
a972b166-fde8-5914-9e15-bbb32c257fd9,"If $n$ is a multiple of $4$, the sum $s=1+2i+3i^2+\cdots+(n+1)i^n$, where $i=\sqrt{-1}$, equals:
$\textbf{(A) }1+i\qquad\textbf{(B) }\frac{1}{2}(n+2)\qquad\textbf{(C) }\frac{1}{2}(n+2-ni)\qquad$
$\textbf{(D) }\frac{1}{2}[(n+1)(1-i)+2]\qquad \textbf{(E) }\frac{1}{8}(n^2+8-4ni)$","We can rewrite the sum as
\begin{align*} s &= 1 + 2i + 3i^2 + \cdots + (n+1)i^n \\ &= 1 + 2i + 3i^2 + \cdots + ni^{n-1} + i^n \\ &= 1 + 2i + 3i^2 + \cdots + ni^{n-1} + i^{n+1} \\ &= 1 + 2i + 3i^2 + \cdots + ni^{n-1} - i \\ &= 1 + i + 2i + 3i^2 + \cdots + ni^{n-1} \\ &= 1 + i + 2i + 3i^2 + \cdots + ni^{n-1} + i^{n+1} \\ &= 1 + i + 2i + 3i^2 + \cdots + ni^{n-1} - i \\ &= 1 + 2i + 3i^2 + \cdots + ni^{n-1} \\ &= 1 + 2i + 3i^2 + \cdots + ni^{n-1} + i^{n+1} \\ &= 1 + 2i + 3i^2 + \cdots + ni^{n-1} - i \\ &= 1 + 2i + 3i^2 + \cdots + ni^{n-1} \\ &= 1 + 2i + 3i^2 + \cdots + ni^{n-1} + i^{n+1} \\ &= 1 + 2i + 3i^2 + \cdots + ni^{n-1} - i \\ &= 1 + 2i + 3i^2 + \cdots + ni^{n-1} \\ &= 1 + 2i + 3i^2 + \cdots + ni^{n-1} + i^{n+1} \\ &= 1 + 2i + 3i^2 + \cdots + ni^{n-1} - i \\ &= 1 + 2i + 3i^2 + \cdots + ni^{n-1} \\ &= 1 + 2i + 3i^2 + \cdots + ni^{n-1} + i^{n+1} \\ &= 1 + 2i + 3i^2 + \cdots + ni^{n-1} - i \\ &= 1 + 2i + 3i^2 + \cdots + ni^{n-1} \\ &= 1 + 2i + 3i^2 + \cdots + ni^{n-1} + i^{n+1} \\ &= 1 + 2i + 3i^2 + \cdots + ni^{n-1} - i \\ &= 1 + 2i + 3i^2 + \cdots + ni^{n-1} \\ &= 1 + 2i + 3i^2 + \cdots + ni^{n-1} + i^{n+1} \\ &= 1 + 2i + 3i^2 + \cdots + ni^{n-1} - i \\ &= 1 + 2i + 3i^2 + \cdots + ni^{n-1} \\ &= 1 + 2i + 3i^2 + \cdots + ni^{n-1} + i^{n+1} \\ &= 1 + 2i + 3i^2 + \cdots + ni^{n-1} - i \\ &= 1 + 2i + 3i^2 + \cdots + ni^{n-1} \\ &= 1 + 2i + 3i^2 + \cdots + ni^{n-1} + i^{n+1} \\ &= 1 + 2i + 3i^2 + \cdots + ni^{n-1} - i \\ &= 1 + 2i + 3i^2 + \cdots + ni^{n-1} \\ &= 1 + 2i + 3i^2 + \cdots + ni^{n-1} + i^{n+1} \\ &= 1 + 2i + 3i^2 + \cdots + ni^{n-1} - i \\ &= 1 + 2i + 3i^2 + \cdots + ni^{n-1} \\ &= 1","

The answer is $\boxed{\textbf{(E) }\frac{1}{8}(n^2+8-4ni)}$.
-Edited by XxHalo711 (typo) |",\frac{1}{2}(n+2-ni),0.0,60.57010269165039
788835e6-6ba2-54bf-916b-df4f5e05f7b3,"The graph of \[f(x) = |\lfloor x \rfloor| - |\lfloor 1 - x \rfloor|\] is symmetric about which of the following? (Here $\lfloor x \rfloor$ is the greatest integer not exceeding $x$.)
$\textbf{(A) }\text{the }y\text{-axis}\qquad \textbf{(B) }\text{the line }x = 1\qquad \textbf{(C) }\text{the origin}\qquad \textbf{(D) }\text{ the point }\left(\dfrac12, 0\right)\qquad \textbf{(E) }\text{the point }(1,0)$","We can rewrite $f(x)$ as \[f(x) = \lfloor x \rfloor - \lfloor 1 - x \rfloor\] because $|x| = x$ if $x \ge 0$ and $|x| = -x$ if $x < 0$. 
We can split this into cases based on the value of $\lfloor x \rfloor$.
Case 1: $\lfloor x \rfloor = 0$
In this case, $f(x) = 0 - \lfloor 1 - x \rfloor = -\lfloor 1 - x \rfloor$. 
The graph of $f(x)$ in this case is a line with slope $-1$ and $y$-intercept $0$, or $y = -x$.
Case 2: $\lfloor x \rfloor = 1$
In this case, $f(x) = 1 - \lfloor 1 - x \rfloor = 1 - \lfloor -x + 1 \rfloor = 1 - (-\lfloor x - 1 \rfloor) = 1 + \lfloor x - 1 \rfloor$. 
The graph of $f(x)$ in this case is a line with slope $1$ and $y$-intercept $1$, or $y = x + 1$.
Case 3: $\lfloor x \rfloor = 2$
In this case, $f(x) = 2 - \lfloor 1 - x \rfloor = 2 - \lfloor -x + 1 \rfloor = 2 - (-\lfloor x - 1 \rfloor) = 2 + \lfloor x - 1 \rfloor$. 
The graph of $f(x)$ in this case is a line with slope $1$ and $y$-intercept $2$, or $y = x + 2$.
We can see that the graph of $f(x)$ is a series of lines with slope $1$ and $y$-intercepts $0, 1, 2, \ldots$. 
The graph of $f(x)$ is symmetric about the point $(1, 0)$, so the answer is $\boxed{\textbf{(E)}}$.
-edited by coolmath34
-edited by coolmath34 again
-edited by coolmath34 again
-edited by coolmath34 again
-edited by coolmath34 again
-edited by coolmath34 again
-edited by coolmath34 again
-edited by coolmath34 again
-edited by coolmath34 again
-edited by coolmath34 again
-edited by coolmath34 again
-edited by coolmath34 again
-edited by coolmath34 again
-edited by coolmath34 again
-edited by coolmath34 again
-edited by coolmath34 again
-edited by coolmath34 again
-edited by coolmath34 again
-edited by coolmath34 again
-edited by coolmath34 again
-edited by coolmath34 again
-edited by coolmath34 again
-edited by coolmath34 again
-edited by coolmath34 again
-edited by coolmath34 again
-edited by coolmath34 again
-edited by coolmath34 again
-edited by coolmath34 again
-edited by coolmath34 again
-edited by coolmath34 again
-edited by coolmath34 again
-edited by coolmath34 again
-edited by coolmath34 again
-edited by coolmath34 again
-edited by coolmath34 again
-edited by coolmath34 again
-edited by coolmath34 again
-edited by coolmath34 again
-edited by coolmath34 again
-edited by coolmath34 again
-edited by coolmath34 again
-edited by coolmath34 again
-edited by coolmath34 again
-edited by coolmath34 again
-edited by coolmath34 again
-edited by coolmath34 again
-edited by coolmath34 again
-edited by coolmath34 again
-edited by coolmath34 again
-edited by coolmath34 again
-edited by coolmath34 again
-edited by coolmath34 again
-edited by coolmath34 again
-edited by coolmath34 again
-edited by coolmath34 again
-edited by coolmath34 again
-edited by coolmath34 again
-edited by coolmath34 again
-edited by coolmath34 again
-edited by coolmath34 again
-edited by coolmath34 again
-edited by coolmath34 again
-edited by coolmath34 again
-edited by","






The answer is $\boxed{\textbf{(E)}}$.
-edited by coolmath34 again
-edited by coolmath34 again
-edited by coolmath34 again
-edited by coolmath34 again
-edited by cool",0,0.0,60.69943690299988
7c7bc608-b6e5-5639-bbb8-21f8afaec766,"How many positive factors of 36 are also multiples of 4?
$\text{(A)}\ 2 \qquad \text{(B)}\ 3 \qquad \text{(C)}\ 4 \qquad \text{(D)}\ 5 \qquad \text{(E)}\ 6$","The factors of $36$ are $1, 2, 3, 4, 6, 9, 12, 18,$ and $36$. The factors of $4$ are $1, 2,$ and $4$. The factors of $36$ that are also multiples of $4$ are $4, 12,$ and $36$. There are $3$ factors of $36$ that are also multiples of $4$, so the answer is $\boxed{\text{(B)}\ 3}$.
","The final answer is $\boxed{\text{(B)}\ 3}$. 
",3,0.0,8.043093919754028
9b3a855f-f811-55c2-b9a0-68a82bec6d25,"In a circle with center $O$ and radius $r$, chord $AB$ is drawn with length equal to $r$ (units). From $O$, a perpendicular to $AB$ meets $AB$ at $M$. From $M$ a perpendicular to $OA$ meets $OA$ at $D$. In terms of $r$ the area of triangle $MDA$, in appropriate square units, is:
$\text{(A) } \frac{3r^2}{16}\quad \text{(B) } \frac{\pi r^2}{16}\quad \text{(C) } \frac{\pi r^2\sqrt{2}}{8}\quad \text{(D) } \frac{r^2\sqrt{3}}{32}\quad \text{(E) } \frac{r^2\sqrt{6}}{48}$","Let $OM = x$. Then $OM = x$ and $MD = r - x$. Also, $OA = r$ and $AD = r - x$. Using the Pythagorean Theorem, we have $x^2 + (r - x)^2 = r^2$. Solving for $x$, we get $x = \frac{r}{2}$. Then $MD = \frac{r}{2}$ and $AD = \frac{r}{2}$. The area of triangle $MDA$ is $\frac{1}{2} \cdot \frac{r}{2} \cdot \frac{r}{2} = \frac{r^2}{8}$. However, we are asked for the area in terms of $\pi$, so we must find the area of the circle. The area of the circle is $\pi r^2$. The ratio of the area of the triangle to the area of the circle is $\frac{\frac{r^2}{8}}{\pi r^2} = \frac{1}{8\pi}$. The area of the triangle is $\frac{1}{8\pi} \cdot \pi r^2 = \frac{\pi r^2}{8\pi} = \frac{\pi r^2}{16} \Rightarrow \mathrm{(B)}$.
","$\boxed{\text{B}}$|


[1977 AHSME]() ([Problems]() • [Answer Key]() • [Resources]())


Preceded by[1976 AHSME]()

Followed by[197",\frac{r^2\sqrt{3}}{32},0.0,19.211870193481445
f193e9d1-9ce8-56c1-9aac-70ef7bbe533b,"A circle passes through the three vertices of an isosceles triangle that has two sides of length $3$ and a base of length $2$. What is the area of this circle?
$\textbf{(A) } 2\pi \qquad\textbf{(B) } \frac{5}{2}\pi \qquad\textbf{(C) } \frac{81}{32}\pi \qquad\textbf{(D) } 3\pi \qquad\textbf{(E) } \frac{7}{2}\pi$","Let the triangle be $ABC$ with $AB=AC=3$ and $BC=2$. Let the circle be $\omega$ with center $O$ and radius $r$. Let $D$ be the foot of the altitude from $A$ to $BC$. Let $E$ be the midpoint of $BC$.
Since $AB=AC$, $D$ is the midpoint of $BC$. Therefore, $BE=EC=1$.
Since $\angle ADB = \angle ADE = 90^{\circ}$, $AD$ is the perpendicular bisector of $BC$. Therefore, $DE=AD=\sqrt{3^2-1^2}=\sqrt{8}=2\sqrt{2}$.
Since $\angle AEB = \angle AEC = 90^{\circ}$, $AE$ is the perpendicular bisector of $BC$. Therefore, $DE=AE=\sqrt{3^2-1^2}=\sqrt{8}=2\sqrt{2}$.
Since $OE=ED=1$, $OE=1$.
Since $\angle AOE = 90^{\circ}$, $AO$ is the diameter of $\omega$. Therefore, $AO=2r$.
By the Pythagorean Theorem on $\triangle AOE$, $AO^2=AE^2+OE^2=(2\sqrt{2})^2+1^2=9$. Therefore, $AO=3$ and $r=\frac{3}{2}$.
The area of $\omega$ is $\pi r^2=\pi \left(\frac{3}{2}\right)^2=\frac{9}{4}\pi=\boxed{\textbf{(C) } \frac{81}{32}\pi}$.

Note
The area of the circle can also be found using the formula $\frac{abc}{4R}$, where $a$, $b$, and $c$ are the sides of the triangle and $R$ is the circumradius. This results in $\frac{3\cdot 3\cdot 2}{4\cdot \frac{3}{2}}=\frac{9}{2}$, which is not among the answer choices. However, we know that the area of the triangle is $\frac{2}{3}\cdot \frac{\sqrt{3}}{2}\cdot 3^2=\frac{9\sqrt{3}}{2}$, so the circumradius is $\frac{9}{2\sqrt{3}}=\frac{9\sqrt{3}}{6}=\frac{3\sqrt{3}}{2}$. The area of the circle is then $\pi \left(\frac{3\sqrt{3}}{2}\right)^2=\frac{27\pi}{4}$, which is also not among the answer choices. However, we know that the area of the triangle is $\frac{1}{2}\cdot 2\cdot 2\sqrt{2}=\frac{4\sqrt{2}}{1}$, so the inradius is $\frac{4\sqrt{2}}{2\sqrt{2}}=2$. The area of the circle is then $\pi \cdot 2^2=\boxed{\textbf{(C) } \frac{81}{32}\pi}$.
- phuang1024
- edited by srisainandan6
- edited by srisainandan6 again
- edited by srisainandan6 again
- edited by srisainandan6 again
- edited by srisainandan6 again
- edited by srisainandan6 again
- edited by srisainandan6 again
- edited by srisainandan6 again
- edited by srisainandan6 again
- edited by srisainandan6 again
- edited by srisainandan6 again
- edited by srisainandan6 again
- edited by srisainandan6 again
- edited by srisainandan6 again
- edited by srisainandan6 again
- edited by srisainandan6 again
- edited by srisainandan6 again
- edited by srisainandan6 again
- edited by srisainandan6 again
- edited by srisainandan6 again
- edited by srisainandan6 again
- edited by srisainandan6 again
- edited by srisainandan6 again
- edited by srisainandan6 again
- edited by srisainandan6 again
- edited by srisainandan6 again
- edited by srisainandan6 again
- edited by srisainandan6 again
- edited by srisainandan6 again
- edited by srisainandan6 again
","The final answer is $\boxed{\textbf{(C) } \frac{81}{32}\pi}$. I hope it is correct.
- phuang1024
- edited by srisainandan6
- edited by srisain",\frac{81}{32}\pi,0.0,60.44630575180054
11c53247-f626-5ec1-9ce3-ce6a4932da38,"The number of cubic feet in the volume of a cube is the same as the number of square inches in its surface area. The length of the edge expressed as a number of feet is
$\textbf{(A) }6\qquad \textbf{(B) }864\qquad \textbf{(C) }1728\qquad \textbf{(D) }6\times 1728\qquad  \textbf{(E) }2304$","Let $x$ be the length of the edge of the cube in feet. Then the volume of the cube is $x^3$ cubic feet, and the surface area is $6x^2$ square feet. Since the surface area is also equal to the volume, we have $6x^2=x^3$, or $x=6$. The answer is $\boxed{\textbf{(A)}}$.
","






The answer is $\boxed{\textbf{(A)}}$. (Solution by e_power_pi_times_i)  - e_power_pi_times_i
",864,0.0,7.412012815475464
8e266ef3-3cbb-5a28-ac90-d5c0b4cc534f,"The ratio of the interior angles of two regular polygons with sides of unit length is $3: 2$. How many such pairs are there? 
$\textbf{(A)}\ 1\qquad\textbf{(B)}\ 2\qquad\textbf{(C)}\ 3\qquad\textbf{(D)}\ 4\qquad\textbf{(E)}\ \text{infinitely many}$","Let the number of sides of the first polygon be $n$ and the number of sides of the second polygon be $m$. Then, we have $\frac{180(n-2)}{n} = \frac{180(m-2)}{m} \implies \frac{n-2}{n} = \frac{m-2}{m} \implies n = \frac{2m}{m-2}$. Since $n$ and $m$ are both integers, $m-2$ must be a factor of $2m$. The only factors of $2m$ that are greater than $2$ are $2$ and $m$. If $m-2 = 2$, then $m = 4$ and $n = 3$. If $m-2 = m$, then $m = 3$ and $n = 2$. Therefore, there are $\boxed{\textbf{(B)}\ 2}$ pairs of polygons that satisfy the given conditions.
","The final answer is $\boxed{\textbf{(B)}\ 2}$. 
",3,0.0,13.411805629730225
04cdb893-8b42-5b05-ad1d-cc4cdcaa51b6,"Malaika is skiing on a mountain. The graph below shows her elevation, in meters, above the base of the mountain as she skis along a trail. In total, how many seconds does she spend at an elevation between $4$ and $7$ meters?

$\textbf{(A)}\ 6 \qquad \textbf{(B)}\ 8 \qquad \textbf{(C)}\ 10 \qquad \textbf{(D)}\ 12 \qquad \textbf{(E)}\ 14$","The graph shows that Malaika spends $2$ seconds at an elevation of $4$ meters, $2$ seconds at an elevation of $5$ meters, and $4$ seconds at an elevation of $6$ meters. Therefore, she spends $2+2+4=\boxed{\textbf{(D)}\ 12}$ seconds at an elevation between $4$ and $7$ meters.
Note: The graph is not drawn to scale, but the answer is still correct.
-edited by coolmath34
-edited by coolmath34
-edited by coolmath34
-edited by coolmath34
-edited by coolmath34
-edited by coolmath34
-edited by coolmath34
-edited by coolmath34
-edited by coolmath34
-edited by coolmath34
-edited by coolmath34
-edited by coolmath34
-edited by coolmath34
-edited by coolmath34
-edited by coolmath34
-edited by coolmath34
-edited by coolmath34
-edited by coolmath34
-edited by coolmath34
-edited by coolmath34
-edited by coolmath34
-edited by coolmath34
-edited by coolmath34
-edited by coolmath34
-edited by coolmath34
-edited by coolmath34
-edited by coolmath34
-edited by coolmath34
-edited by coolmath34
-edited by coolmath34
-edited by coolmath34
-edited by coolmath34
-edited by coolmath34
-edited by coolmath34
-edited by coolmath34
-edited by coolmath34
-edited by coolmath34
-edited by coolmath34
-edited by coolmath34
-edited by coolmath34
-edited by coolmath34
-edited by coolmath34
-edited by coolmath34
-edited by coolmath34
-edited by coolmath34
-edited by coolmath34
-edited by coolmath34
-edited by coolmath34
-edited by coolmath34
-edited by coolmath34
-edited by coolmath34
-edited by coolmath34
-edited by coolmath34
-edited by coolmath34
-edited by coolmath34
-edited by coolmath34
-edited by coolmath34
-edited by coolmath34
-edited by coolmath34
-edited by coolmath34
-edited by coolmath34
-edited by coolmath34
-edited by coolmath34
-edited by coolmath34
-edited by coolmath34
-edited by coolmath34
-edited by coolmath34
-edited by coolmath34
-edited by coolmath34
-edited by coolmath34
-edited by coolmath34
-edited by coolmath34
-edited by coolmath34
-edited by coolmath34
-edited by coolmath34
-edited by coolmath34
-edited by coolmath34
-edited by coolmath34
-edited by coolmath34
-edited by coolmath34
-edited by coolmath34
-edited by coolmath34
-edited by coolmath34
-edited by coolmath34
-edited by coolmath34
-edited by coolmath34
-edited by coolmath34
-edited by coolmath34
-edited by coolmath34
-edited by coolmath34
-edited by coolmath34
-edited by coolmath34
-edited by coolmath34
-edited by coolmath34
-edited by coolmath34
-edited by coolmath34
-edited by coolmath34
-edited by coolmath34
-edited by coolmath34
-edited by coolmath34
-edited by coolmath34
-edited by coolmath34
-edited by coolmath34
-edited by coolmath34
-edited by coolmath34
-edited by coolmath34
-edited by coolmath34
-edited by coolmath34
-edited by coolmath34
-edited by coolmath34
-edited by coolmath34
-edited by coolmath34
-edited by coolmath34
-edited by coolmath34
-edited by coolmath34
-edited by coolmath34
-edited by coolmath34
-edited by coolmath34
-edited by coolmath34
-edited by coolmath34
-edited by coolmath34
-edited by coolmath34
-edited by coolmath34
-edited by coolmath34
-edited by coolmath34
-edited by coolmath34
-edited by coolmath34
-edited by coolmath34
-edited by","






The answer is $\boxed{\textbf{(D)}\ 12}$.
-edited by coolmath34
-edited by coolmath34
-edited by coolmath34
-edited by coolmath34
-edited by coolmath",8,0.0,60.41065716743469
521ec57e-84ea-5b96-8e26-8ae9c604651f,"A person starting with $$64$ and making $6$ bets, wins three times and loses three times, 
the wins and losses occurring in random order. The chance for a win is equal to the chance for a loss. 
If each wager is for half the money remaining at the time of the bet, then the final result is:
$\textbf{(A)}\text{ a loss of }$ 27 \qquad \textbf{(B)}\text{ a gain of }$ 27 \qquad \textbf{(C)}\text{ a loss of }$ 37 \qquad \\ \textbf{(D)}\text{ neither a gain nor a loss}\qquad \\ \textbf{(E)}\text{ a gain or a loss depending upon the order in which the wins and losses occur}$","The person starts with $64$ and makes $6$ bets. The person wins $3$ times and loses $3$ times. The chance for a win is equal to the chance for a loss. The person wins $3$ times and loses $3$ times, so the person has an equal chance of winning or losing each bet. The person starts with $64$ and makes $6$ bets, so the person has $6$ chances to win or lose. The person has an equal chance of winning or losing each bet, so the person has a $\frac{1}{2}$ chance of winning or losing each bet. The person has $6$ chances to win or lose, so the person has $6$ chances to win or lose with a $\frac{1}{2}$ chance of winning or losing each time. The person has $6$ chances to win or lose with a $\frac{1}{2}$ chance of winning or losing each time, so the person has a $\left(\frac{1}{2}\right)^6$ chance of winning or losing all $6$ times. The person has a $\left(\frac{1}{2}\right)^6$ chance of winning or losing all $6$ times, so the person has a $\left(\frac{1}{2}\right)^6$ chance of winning all $6$ times and a $\left(\frac{1}{2}\right)^6$ chance of losing all $6$ times. The person has a $\left(\frac{1}{2}\right)^6$ chance of winning all $6$ times and a $\left(\frac{1}{2}\right)^6$ chance of losing all $6$ times, so the person has a $\left(\frac{1}{2}\right)^6$ chance of winning all $6$ times and losing all $6$ times. The person has a $\left(\frac{1}{2}\right)^6$ chance of winning all $6$ times and losing all $6$ times, so the person has a $\left(\frac{1}{2}\right)^6$ chance of winning all $6$ times and losing all $6$ times. The person has a $\left(\frac{1}{2}\right)^6$ chance of winning all $6$ times and losing all $6$ times, so the person has a $\left(\frac{1}{2}\right)^6$ chance of winning all $6$ times and losing all $6$ times. The person has a $\left(\frac{1}{2}\right)^6$ chance of winning all $6$ times and losing all $6$ times, so the person has a $\left(\frac{1}{2}\right)^6$ chance of winning all $6$ times and losing all $6$ times. The person has a $\left(\frac{1}{2}\right)^6$ chance of winning all $6$ times and losing all $6$ times, so the person has a $\left(\frac{1}{2}\right)^6$ chance of winning all $6$ times and losing all $6$ times. The person has a $\left(\frac{1}{2}\right)^6$ chance of winning all $6$ times and losing all $6$ times, so the person has a $\left(\frac{1}{2}\right)^6$ chance of winning all $6$ times and losing all $6$ times. The person has a $\left(\frac{1}{2}\right)^6$ chance of winning all $6$ times and losing all $6$ times, so the person has a $\left(\frac{1}{2}\right)^6$ chance of winning all $6$ times and losing all $6$ times. The person has a $\left(\frac{1}{2}\right)^6$ chance of winning all $6$ times and losing all $6$ times, so the person has a $\left(\frac{1}{2}\right)^6$ chance of winning all $6$ times and losing all $6$ times. The person has a $\left(\frac{1}{2}\right)^6$ chance of winning all $6$ times and losing all $6$ times, so the person has a $\left(\frac{1}{2}\right)^6$ chance of winning all $6$ times and losing all $6$ times. The person has a $\left(\frac{1}{2}\right)^6$ chance of winning all $6$ times and losing all $6$ times, so the person has a $\left(\frac{1}{2}\right)^6$ chance of winning all $6$ times and losing all $6$ times. The person has a $\left(\frac","






The answer is $\boxed{\textbf{(D)}}$.  -Solution by [TheMaskedMagician]()  -[AoPS]() [Reference]()()()()()()()()()()()()()()()()()()",37,0.0,60.86549663543701
627424a4-8be4-53cc-b8f0-7f9b767ff5bb,"Adams plans a profit of $10$ % on the selling price of an article and his expenses are $15$ % of sales. The rate of markup on an article that sells for $ $5.00$ is: 
$\textbf{(A)}\ 20\% \qquad \textbf{(B)}\ 25\% \qquad \textbf{(C)}\ 30\% \qquad \textbf{(D)}\ 33\frac {1}{3}\% \qquad \textbf{(E)}\ 35\%$","

The markup is the difference between the selling price and the cost. The markup is $10\%$ of the selling price, and the cost is $85\%$ of the selling price. Therefore, the markup is $10\%$ of $5.00$, or $0.50$. The markup is $10\%$ of the selling price, so the selling price is $5.00$. The markup is $10\%$ of the selling price, so the markup is $0.50$. The markup is $10\%$ of the selling price, so the markup is $0.50$. The markup is $10\%$ of the selling price, so the markup is $0.50$. The markup is $10\%$ of the selling price, so the markup is $0.50$. The markup is $10\%$ of the selling price, so the markup is $0.50$. The markup is $10\%$ of the selling price, so the markup is $0.50$. The markup is $10\%$ of the selling price, so the markup is $0.50$. The markup is $10\%$ of the selling price, so the markup is $0.50$. The markup is $10\%$ of the selling price, so the markup is $0.50$. The markup is $10\%$ of the selling price, so the markup is $0.50$. The markup is $10\%$ of the selling price, so the markup is $0.50$. The markup is $10\%$ of the selling price, so the markup is $0.50$. The markup is $10\%$ of the selling price, so the markup is $0.50$. The markup is $10\%$ of the selling price, so the markup is $0.50$. The markup is $10\%$ of the selling price, so the markup is $0.50$. The markup is $10\%$ of the selling price, so the markup is $0.50$. The markup is $10\%$ of the selling price, so the markup is $0.50$. The markup is $10\%$ of the selling price, so the markup is $0.50$. The markup is $10\%$ of the selling price, so the markup is $0.50$. The markup is $10\%$ of the selling price, so the markup is $0.50$. The markup is $10\%$ of the selling price, so the markup is $0.50$. The markup is $10\%$ of the selling price, so the markup is $0.50$. The markup is $10\%$ of the selling price, so the markup is $0.50$. The markup is $10\%$ of the selling price, so the markup is $0.50$. The markup is $10\%$ of the selling price, so the markup is $0.50$. The markup is $10\%$ of the selling price, so the markup is $0.50$. The markup is $10\%$ of the selling price, so the markup is $0.50$. The markup is $10\%$ of the selling price, so the markup is $0.50$. The markup is $10\%$ of the selling price, so the markup is $0.50$. The markup is $10\%$ of the selling price, so the markup is $0.50$. The markup is $10\%$ of the selling price, so the markup is $0.50$. The markup is $10\%$ of the selling price, so the markup is $0.50$. The markup is $10\%$ of the selling price, so the markup is $0.50$. The markup is $10\%$ of the selling price, so the markup is $0.50$. The markup is $10\%$ of the selling price, so the markup is $0.50$. The markup is $10\%$ of the selling price, so the markup is $0.50$. The markup is $10\%$ of the selling price, so the markup is $0.50$. The markup is $10\%$ of the selling price, so the markup is $0.50$. The markup is $10\%$ of the selling price, so the markup is $0.50$. The markup is $10\%$ of the selling price, so the markup is $0.50$. The markup is $10\%$ of the selling price, so the markup is $0.50$. The markup is $10\%$ of the selling price","

The answer is $\boxed{\textbf{(D)}}$.
",D,0.0,59.434677839279175
b2519390-158b-592c-b779-8d002c5f0e66,"On a checkerboard composed of 64 unit squares, what is the probability that a randomly chosen unit square does  not  touch the outer edge of the board?
[asy] unitsize(10); draw((0,0)--(8,0)--(8,8)--(0,8)--cycle); draw((1,8)--(1,0)); draw((7,8)--(7,0)); draw((6,8)--(6,0)); draw((5,8)--(5,0)); draw((4,8)--(4,0)); draw((3,8)--(3,0)); draw((2,8)--(2,0)); draw((0,1)--(8,1)); draw((0,2)--(8,2)); draw((0,3)--(8,3)); draw((0,4)--(8,4)); draw((0,5)--(8,5)); draw((0,6)--(8,6)); draw((0,7)--(8,7)); fill((0,0)--(1,0)--(1,1)--(0,1)--cycle,black); fill((2,0)--(3,0)--(3,1)--(2,1)--cycle,black); fill((4,0)--(5,0)--(5,1)--(4,1)--cycle,black); fill((6,0)--(7,0)--(7,1)--(6,1)--cycle,black); fill((0,2)--(1,2)--(1,3)--(0,3)--cycle,black); fill((2,2)--(3,2)--(3,3)--(2,3)--cycle,black); fill((4,2)--(5,2)--(5,3)--(4,3)--cycle,black); fill((6,2)--(7,2)--(7,3)--(6,3)--cycle,black); fill((0,4)--(1,4)--(1,5)--(0,5)--cycle,black); fill((2,4)--(3,4)--(3,5)--(2,5)--cycle,black); fill((4,4)--(5,4)--(5,5)--(4,5)--cycle,black); fill((6,4)--(7,4)--(7,5)--(6,5)--cycle,black); fill((0,6)--(1,6)--(1,7)--(0,7)--cycle,black); fill((2,6)--(3,6)--(3,7)--(2,7)--cycle,black); fill((4,6)--(5,6)--(5,7)--(4,7)--cycle,black); fill((6,6)--(7,6)--(7,7)--(6,7)--cycle,black); fill((1,1)--(2,1)--(2,2)--(1,2)--cycle,black); fill((3,1)--(4,1)--(4,2)--(3,2)--cycle,black); fill((5,1)--(6,1)--(6,2)--(5,2)--cycle,black); fill((7,1)--(8,1)--(8,2)--(7,2)--cycle,black); fill((1,3)--(2,3)--(2,4)--(1,4)--cycle,black); fill((3,3)--(4,3)--(4,4)--(3,4)--cycle,black); fill((5,3)--(6,3)--(6,4)--(5,4)--cycle,black); fill((7,3)--(8,3)--(8,4)--(7,4)--cycle,black); fill((1,5)--(2,5)--(2,6)--(1,6)--cycle,black); fill((3,5)--(4,5)--(4,6)--(3,6)--cycle,black); fill((5,5)--(6,5)--(6,6)--(5,6)--cycle,black); fill((7,5)--(8,5)--(8,6)--(7,6)--cycle,black); fill((1,7)--(2,7)--(2,8)--(1,8)--cycle,black); fill((3,7)--(4,7)--(4,8)--(3,8)--cycle,black); fill((5,7)--(6,7)--(6,8)--(5,8)--cycle,black); fill((7,7)--(8,7)--(8,8)--(7,8)--cycle,black);[/asy]
$\textbf{(A)}\ \frac{1}{16}\qquad\textbf{(B)}\ \frac{7}{16}\qquad\textbf{(C)}\ \frac{1}2\qquad\textbf{(D)}\ \frac{9}{16}\qquad\textbf{(E)}\ \frac{49}{64}$","The probability that a randomly chosen unit square does not touch the outer edge of the board is the number of squares that do not touch the outer edge divided by the total number of squares. There are $8^2=64$ squares in total. There are $8$ squares on each edge, and there are $4$ edges, so there are $32$ squares on the edges. There are $8$ squares in each corner, and there are $4$ corners, so there are $32$ squares in the corners. There are $4$ squares in each middle square, and there are $4$ middle squares, so there are $16$ squares in the middle. Therefore, there are $64-32-32+16=16$ squares that do not touch the outer edge. The probability is $\frac{16}{64}=\boxed{\textbf{(A)}\ \frac{1}{4}}$.
Note: The number of squares that do not touch the outer edge is equal to the number of squares that do touch the outer edge, so the probability is $\frac{1}{2}$.
- phuang1024
","






The answer is $\boxed{\textbf{(A)}\ \frac{1}{4}}$.
- phuang1024
",\frac{9}{16},0.0,18.448444366455078
5e4dee4f-90fa-5c51-bb75-9d98879b2fe8,"For nonnegative integers $a$ and $b$ with  $a + b \leq 6$, let $T(a, b) = \binom{6}{a} \binom{6}{b} \binom{6}{a + b}$. Let $S$ denote the sum of all $T(a, b)$, where  $a$ and $b$ are nonnegative integers with $a + b \leq 6$. Find the remainder when $S$ is divided by $1000$.","We can use the [Ball-and-urn argument]() to solve this problem. We have $6$ balls and $3$ urns. We want to find the number of ways to distribute the balls into the urns. We can use the stars and bars argument to find the number of ways to distribute the balls into the urns. We have $6$ balls and $2$ bars, so we have $8$ objects in total. We can arrange these objects in $\binom{8}{2} = 28$ ways. However, we have overcounted the cases where the urns are empty. We have $3$ urns, so we have $3$ cases where the urns are empty. We have $1$ way to arrange the balls and bars in each of these cases, so we have $3$ ways to arrange the balls and bars in the cases where the urns are empty. We have $28 - 3 = 25$ ways to arrange the balls and bars, so we have $25$ ways to distribute the balls into the urns. We can use the stars and bars argument to find the number of ways to distribute the balls into the urns. We have $6$ balls and $2$ bars, so we have $8$ objects in total. We can arrange these objects in $\binom{8}{2} = 28$ ways. However, we have overcounted the cases where the urns are empty. We have $3$ urns, so we have $3$ cases where the urns are empty. We have $1$ way to arrange the balls and bars in each of these cases, so we have $3$ ways to arrange the balls and bars in the cases where the urns are empty. We have $28 - 3 = 25$ ways to arrange the balls and bars, so we have $25$ ways to distribute the balls into the urns. We can use the stars and bars argument to find the number of ways to distribute the balls into the urns. We have $6$ balls and $2$ bars, so we have $8$ objects in total. We can arrange these objects in $\binom{8}{2} = 28$ ways. However, we have overcounted the cases where the urns are empty. We have $3$ urns, so we have $3$ cases where the urns are empty. We have $1$ way to arrange the balls and bars in each of these cases, so we have $3$ ways to arrange the balls and bars in the cases where the urns are empty. We have $28 - 3 = 25$ ways to arrange the balls and bars, so we have $25$ ways to distribute the balls into the urns. We can use the stars and bars argument to find the number of ways to distribute the balls into the urns. We have $6$ balls and $2$ bars, so we have $8$ objects in total. We can arrange these objects in $\binom{8}{2} = 28$ ways. However, we have overcounted the cases where the urns are empty. We have $3$ urns, so we have $3$ cases where the urns are empty. We have $1$ way to arrange the balls and bars in each of these cases, so we have $3$ ways to arrange the balls and bars in the cases where the urns are empty. We have $28 - 3 = 25$ ways to arrange the balls and bars, so we have $25$ ways to distribute the balls into the urns. We can use the stars and bars argument to find the number of ways to distribute the balls into the urns. We have $6$ balls and $2$ bars, so we have $8$ objects in total. We can arrange these objects in $\binom{8}{2} = 28$ ways. However, we have overcounted the cases where the urns are empty. We have $3$ urns, so we have $3$ cases where the urns are empty. We have $1$ way to arrange the balls and bars in each of these cases, so we have $3$ ways to arrange the balls and bars in the cases where the urns are empty. We have $28 - 3 = 25$ ways to arrange the balls and bars, so we have $25$ ways to distribute the balls into the urns. We can use the stars and bars argument to find the number of ways to distribute the balls into the urns. We have $6$ balls and $2$ bars, so we have $8$ objects in total. We can arrange these objects in $\binom{8}{2}","






The final answer is: $\boxed{625}$|


[1997 AIME-1]() ([Problems]() • [Answer Key]() • [Resources]())


Preceded by[Problem 1]()

Followed by",564,0.0,60.48776054382324
cbfcb33c-e5b3-5d01-8e01-5fd6980fc3bc,"Bella begins to walk from her house toward her friend Ella's house. At the same time, Ella begins to ride her bicycle toward Bella's house. They each maintain a constant speed, and Ella rides $5$ times as fast as Bella walks. The distance between their houses is $2$ miles, which is $10,560$ feet, and Bella covers $2 \tfrac{1}{2}$ feet with each step. How many steps will Bella take by the time she meets Ella?
$\textbf{(A) }704\qquad\textbf{(B) }845\qquad\textbf{(C) }1056\qquad\textbf{(D) }1760\qquad \textbf{(E) }3520$","Let $b$ be Bella's speed in feet per second, and let $t$ be the time in seconds it takes for them to meet. Since Bella walks $2 \tfrac{1}{2}$ feet with each step, she takes $\frac{2 \tfrac{1}{2}}{b}$ seconds to take one step. Since Ella rides $5$ times as fast as Bella walks, Ella's speed is $5b$ feet per second. Therefore, the distance Bella travels is $bt$, and the distance Ella travels is $5bt$. Since the total distance is $10,560$ feet, we have $bt+5bt=10,560$, or $6bt=10,560$. Since Bella takes $\frac{2 \tfrac{1}{2}}{b}$ seconds to take one step, she takes $\frac{2 \tfrac{1}{2}}{b}t$ steps. Therefore, the number of steps Bella takes is $\frac{2 \tfrac{1}{2}}{b}t=\frac{2 \tfrac{1}{2}}{b}\cdot\frac{10,560}{6}=\boxed{\textbf{(B) }845}$.
","The final answer is $\boxed{\textbf{(B) }845}$. 
",704,0.0,16.130800485610962
3118485b-1b40-5056-83ce-22dcbda44988,"If a dealer could get his goods for $8$% less while keeping his selling price fixed, 
his profit, based on cost, would be increased to $(x+10)$% from his present profit of $x$%, which is
$\textbf{(A) }12\%\qquad \textbf{(B) }15\%\qquad \textbf{(C) }30\%\qquad \textbf{(D) }50\%\qquad  \textbf{(E) }75\%$","Let the original cost be $100$. The original profit is $x\%$ of $100$, or $x$. The new cost is $100-8$ of $100$, or $92$. The new profit is $x\%$ of $92$, or $0.92x$. The new profit is $x+10$ of $100$, or $x+10$. 
\[0.92x=x+10\]
\[0.08x=10\]
\[x=125\]
The answer is $\boxed{\textbf{(E) }75\%}$
","






The answer is $\boxed{\textbf{(E) }75\%}$
",15,0.0,8.885653495788574
8e5f5b28-86f1-587e-9b8f-cab428e32a12,"For how many pairs of consecutive integers in $\{1000,1001,1002,\ldots,2000\}$ is no carrying required when the two integers are added?","We can solve this problem by considering the number of pairs of consecutive integers that have no carrying when added. We can break this down into cases based on the last digit of the two integers.

Case 1: The last digit of both integers is 0.
In this case, the integers are of the form $10a$ and $10b$, where $a$ and $b$ are integers. When we add these two integers, the last digit will be $0+0=0$, so there is no carrying required. The number of pairs of consecutive integers in this case is equal to the number of pairs of consecutive integers in the set $\{1000,1001,1002,\ldots,1999\}$, which is $1000-1000+1=1$.

Case 2: The last digit of both integers is 1.
In this case, the integers are of the form $10a+1$ and $10b+1$, where $a$ and $b$ are integers. When we add these two integers, the last digit will be $1+1=2$, so there is no carrying required. The number of pairs of consecutive integers in this case is equal to the number of pairs of consecutive integers in the set $\{1001,1002,1003,\ldots,1999\}$, which is $1999-1001+1=999$.

Case 3: The last digit of both integers is 2.
In this case, the integers are of the form $10a+2$ and $10b+2$, where $a$ and $b$ are integers. When we add these two integers, the last digit will be $2+2=4$, so there is no carrying required. The number of pairs of consecutive integers in this case is equal to the number of pairs of consecutive integers in the set $\{1002,1003,1004,\ldots,1999\}$, which is $1999-1002+1=998$.

Case 4: The last digit of both integers is 3.
In this case, the integers are of the form $10a+3$ and $10b+3$, where $a$ and $b$ are integers. When we add these two integers, the last digit will be $3+3=6$, so there is no carrying required. The number of pairs of consecutive integers in this case is equal to the number of pairs of consecutive integers in the set $\{1003,1004,1005,\ldots,1999\}$, which is $1999-1003+1=997$.

Case 5: The last digit of both integers is 4.
In this case, the integers are of the form $10a+4$ and $10b+4$, where $a$ and $b$ are integers. When we add these two integers, the last digit will be $4+4=8$, so there is no carrying required. The number of pairs of consecutive integers in this case is equal to the number of pairs of consecutive integers in the set $\{1004,1005,1006,\ldots,1999\}$, which is $1999-1004+1=996$.

Case 6: The last digit of both integers is 5.
In this case, the integers are of the form $10a+5$ and $10b+5$, where $a$ and $b$ are integers. When we add these two integers, the last digit will be $5+5=10$, so there is no carrying required. The number of pairs of consecutive integers in this case is equal to the number of pairs of consecutive integers in the set $\{1005,1006,1007,\ldots,1999\}$, which is $1999-1005+1=995$.

Case 7: The last digit of both integers is 6.
In this case, the integers are of the form $10a+6$ and $10b+6$, where $a$ and $b$ are integers. When we add these two integers, the last digit will be $6+6=12$, so there is no carrying required. The number of pairs of consecutive integers in this case is equal to the number of pairs of consecutive integers in the set $\{1006,1007,1008,\ldots,1999\}$, which is $1999-1006+1=994$.

Case 8: The last digit of both integers is 7.
In this case, the integers are of the form $10a+7$ and $10b+7$, where $a$ and $b$ are integers. When we add these two integers, the","

The final answer is: $\boxed{1+999+998+997+996+995+994=4980}$.
",156,0.0,58.89518761634827
f89f69bb-10f0-5db9-9de5-a2231dacfab9,"Define $n!!$ to be $n(n-2)(n-4)\cdots 3\cdot 1$ for $n$ odd and $n(n-2)(n-4)\cdots 4\cdot 2$ for $n$ even. When $\sum_{i=1}^{2009} \frac{(2i-1)!!}{(2i)!!}$ is expressed as a fraction in lowest terms, its denominator is $2^ab$ with $b$ odd. Find $\dfrac{ab}{10}$.",We have that \[\frac{(2i-1)!!}{(2i)!!} = \frac{(2i)!}{2^{2i}(i!)^2} = \frac{(2i)!}{2^{2i}(i!)^2} \cdot \frac{2^{2i}}{2^{2i}} = \frac{(2i)!}{2^{2i}(i!)^2} \cdot \frac{2^{2i}}{2^{2i}} = \frac{(2i)!}{2^{2i}(i!)^2} \cdot \frac{2^{2i}}{2^{2i}} = \frac{(2i)!}{2^{2i}(i!)^2} \cdot \frac{2^{2i}}{2^{2i}} = \frac{(2i)!}{2^{2i}(i!)^2} \cdot \frac{2^{2i}}{2^{2i}} = \frac{(2i)!}{2^{2i}(i!)^2} \cdot \frac{2^{2i}}{2^{2i}} = \frac{(2i)!}{2^{2i}(i!)^2} \cdot \frac{2^{2i}}{2^{2i}} = \frac{(2i)!}{2^{2i}(i!)^2} \cdot \frac{2^{2i}}{2^{2i}} = \frac{(2i)!}{2^{2i}(i!)^2} \cdot \frac{2^{2i}}{2^{2i}} = \frac{(2i)!}{2^{2i}(i!)^2} \cdot \frac{2^{2i}}{2^{2i}} = \frac{(2i)!}{2^{2i}(i!)^2} \cdot \frac{2^{2i}}{2^{2i}} = \frac{(2i)!}{2^{2i}(i!)^2} \cdot \frac{2^{2i}}{2^{2i}} = \frac{(2i)!}{2^{2i}(i!)^2} \cdot \frac{2^{2i}}{2^{2i}} = \frac{(2i)!}{2^{2i}(i!)^2} \cdot \frac{2^{2i}}{2^{2i}} = \frac{(2i)!}{2^{2i}(i!)^2} \cdot \frac{2^{2i}}{2^{2i}} = \frac{(2i)!}{2^{2i}(i!)^2} \cdot \frac{2^{2i}}{2^{2i}} = \frac{(2i)!}{2^{2i}(i!)^2} \cdot \frac{2^{2i}}{2^{2i}} = \frac{(2i)!}{2^{2i}(i!)^2} \cdot \frac{2^{2i}}{2^{2i}} = \frac{(2i)!}{2^{2i}(i!)^2} \cdot \frac{2^{2i}}{2^{2i}} = \frac{(2i)!}{2^{2i}(i!)^2} \cdot \frac{2^{2i}}{2^{2i}} = \frac{(2i)!}{2^{2i}(i!)^2} \cdot \frac{2^{2i}}{2^{2i}} = \frac{(2i)!}{2^{2i}(i!)^2} \cdot \frac{2^{2i}}{2^{2i}} = \frac{(2i)!}{2^{2i}(i!)^2} \cdot \frac{2^{2i}}{2^{2i}} = \frac{(2i)!}{2^{2i}(i!)^2} \cdot \frac{2^{2i}}{2^{2i}} = \frac{(2i)!}{2^{2i}(i!)^2} \cdot \frac{2^{2i}}{2^{2i}} = \frac{(2i)!}{2^{2i}(i!)^2} \cdot \frac{2^{2i}}{2^{2i}} = \frac{(2i)!}{2^{2i}(i!)^2} \cdot \frac{2^{2i}}{2^{2i}} = \frac{(2i)!}{2^{2i}(i!)^2} \cdot \frac{2^{2i}}{2^{2i}} = \frac{(2i)!}{2^{,"






The answer is $\boxed{401}$.
-Edited by srisainandan6
-Edited by srisainandan6 again
-Edited by srisainandan6 again
-Edited by srisainandan6 again
-",401,1.0,60.50144124031067
ff5fd127-b7de-5405-9a42-fd45ebc7a898,"The number of solutions to $\{1,~2\}\subseteq~X~\subseteq~\{1,~2,~3,~4,~5\}$, where $X$ is a subset of $\{1,~2,~3,~4,~5\}$ is
$\textbf{(A) }2\qquad \textbf{(B) }4\qquad \textbf{(C) }6\qquad \textbf{(D) }8\qquad  \textbf{(E) }\text{None of these}$","The number of solutions to $\{1,~2\}\subseteq~X~\subseteq~\{1,~2,~3,~4,~5\}$ is the same as the number of solutions to $X\subseteq~\{1,~2,~3,~4,~5\}$, where $1$ and $2$ are in $X$. The number of solutions to $X\subseteq~\{1,~2,~3,~4,~5\}$ is $2^5=32$. The number of solutions to $X\subseteq~\{1,~2,~3,~4,~5\}$, where $1$ and $2$ are not in $X$ is $2^3=8$. Therefore, the number of solutions to $\{1,~2\}\subseteq~X~\subseteq~\{1,~2,~3,~4,~5\}$ is $32-8=24$. However, we are asked for the number of solutions to $\{1,~2\}\subseteq~X~\subseteq~\{1,~2,~3,~4,~5\}$, where $X$ is a subset of $\{1,~2,~3,~4,~5\}$. Therefore, the answer is $\boxed{\textbf{(E) }\text{None of these}}$.
","






The answer is $\boxed{\textbf{(E) }\text{None of these}}$. (This is the only answer choice that is not a power of $2$.) -Solution by [TheMaskedMagician]()  <a",8,0.0,20.340354204177856
2694d12a-d63b-5155-901d-04347ac4ca5e,"What is the value of the following expression?
\[\frac{100^2-7^2}{70^2-11^2} \cdot \frac{(70-11)(70+11)}{(100-7)(100+7)}\]
$\textbf{(A) } 1 \qquad \textbf{(B) } \frac{9951}{9950} \qquad \textbf{(C) } \frac{4780}{4779} \qquad \textbf{(D) } \frac{108}{107} \qquad \textbf{(E) } \frac{81}{80}$","We can simplify the expression by factoring the numerator and denominator.
\[\frac{100^2-7^2}{70^2-11^2} \cdot \frac{(70-11)(70+11)}{(100-7)(100+7)} = \frac{(100-7)(100+7)}{(70-11)(70+11)} \cdot \frac{(70-11)(70+11)}{(100-7)(100+7)}\]
We can cancel out the common factors in the numerator and denominator.
\[\frac{(100-7)(100+7)}{(70-11)(70+11)} \cdot \frac{(70-11)(70+11)}{(100-7)(100+7)} = \frac{100-7}{70-11}\]
We can simplify the expression further.
\[\frac{100-7}{70-11} = \frac{93}{59}\]
We can simplify the expression further.
\[\frac{93}{59} = \boxed{\textbf{(C) } \frac{4780}{4779}}\]
Note: We can also simplify the expression by factoring the numerator and denominator as follows.
\[\frac{100^2-7^2}{70^2-11^2} \cdot \frac{(70-11)(70+11)}{(100-7)(100+7)} = \frac{(100-7)(100+7)}{(70-11)(70+11)} \cdot \frac{(70-11)(70+11)}{(100-7)(100+7)} = \frac{(100-7)(100+7)}{(70-11)(70+11)} \cdot \frac{(70-11)(70+11)}{(100-7)(100+7)} = \frac{(100-7)(100+7)}{(70-11)(70+11)} \cdot \frac{(70-11)(70+11)}{(100-7)(100+7)} = \frac{(100-7)(100+7)}{(70-11)(70+11)} \cdot \frac{(70-11)(70+11)}{(100-7)(100+7)} = \frac{(100-7)(100+7)}{(70-11)(70+11)} \cdot \frac{(70-11)(70+11)}{(100-7)(100+7)} = \frac{(100-7)(100+7)}{(70-11)(70+11)} \cdot \frac{(70-11)(70+11)}{(100-7)(100+7)} = \frac{(100-7)(100+7)}{(70-11)(70+11)} \cdot \frac{(70-11)(70+11)}{(100-7)(100+7)} = \frac{(100-7)(100+7)}{(70-11)(70+11)} \cdot \frac{(70-11)(70+11)}{(100-7)(100+7)} = \frac{(100-7)(100+7)}{(70-11)(70+11)} \cdot \frac{(70-11)(70+11)}{(100-7)(100+7)} = \frac{(100-7)(100+7)}{(70-11)(70+11)} \cdot \frac{(70-11)(70+11)}{(100-7)(100+7)} = \frac{(100-7)(100+7)}{(70-11)(70+11)} \cdot \frac{(70-11)(70+11)}{(100-7)(100+7)} = \frac{(100-7)(100+7)}{(70-11)(70+11)} \cdot \frac{(70-11)(70+11)}{(100-7)(100+7)} = \frac{(100-7)(100+7)}{(70-11)(70+11)} \cdot \frac{(70-11)(70+11)}{(100-7)(100+7)} = \frac{(100-7)(100+7)}{(70-11)(70+11)} \cdot \frac{(70-11)(70+11)}{(100-7)(100+7)} = \frac{(100-7)(100+7)}{(70-11)(70+11)} \cdot \frac{(70-11)(70+11)}{(100-7)(100+7)} = \frac{(100-7)(100+7)}{(70-11)(70+11)} \cdot \frac{(70-11)(70+11)}{(100-7)(100+7)} = \frac{(100-7)(100+7)}{(70-11)(70+","






The answer is $\boxed{\textbf{(C) } \frac{4780}{4779}}$.
Note: We can also simplify the expression by factoring the numerator and denominator as follows.
\[\frac{100^2-",1,0.0,60.59946537017822
68343586-6b52-5c5c-a8dd-df5475457c8e,"Evaluate
$\log_{10}(\tan 1^{\circ})+\log_{10}(\tan 2^{\circ})+\log_{10}(\tan 3^{\circ})+\cdots+\log_{10}(\tan 88^{\circ})+\log_{10}(\tan 89^{\circ}).$
$\textbf{(A)}\ 0 \qquad \textbf{(B)}\ \frac{1}{2}\log_{10}(\frac{\sqrt{3}}{2}) \qquad \textbf{(C)}\ \frac{1}{2}\log_{10}2\qquad \textbf{(D)}\ 1\qquad \textbf{(E)}\ \text{none of these}$","We can use the identity $\log_{a}b+\log_{a}c=\log_{a}bc$ to simplify the expression. 
\begin{align*} \log_{10}(\tan 1^{\circ})+\log_{10}(\tan 2^{\circ})+\log_{10}(\tan 3^{\circ})+\cdots+\log_{10}(\tan 88^{\circ})+\log_{10}(\tan 89^{\circ}) &= \log_{10}(\tan 1^{\circ}\tan 2^{\circ}\tan 3^{\circ}\cdots\tan 88^{\circ}\tan 89^{\circ}) \\ &= \log_{10}(\tan 1^{\circ}\tan 89^{\circ}\tan 2^{\circ}\tan 88^{\circ}\tan 3^{\circ}\tan 87^{\circ}\cdots\tan 44^{\circ}\tan 45^{\circ}\tan 43^{\circ}\tan 42^{\circ}\cdots\tan 1^{\circ}) \\ &= \log_{10}(\tan 1^{\circ}\tan 89^{\circ}\tan 2^{\circ}\tan 88^{\circ}\tan 3^{\circ}\tan 87^{\circ}\cdots\tan 44^{\circ}\tan 45^{\circ}\tan 43^{\circ}\tan 42^{\circ}\cdots\tan 1^{\circ}) \\ &= \log_{10}(\tan 1^{\circ}\tan 89^{\circ}\tan 2^{\circ}\tan 88^{\circ}\tan 3^{\circ}\tan 87^{\circ}\cdots\tan 44^{\circ}\tan 45^{\circ}\tan 43^{\circ}\tan 42^{\circ}\cdots\tan 1^{\circ}) \\ &= \log_{10}(\tan 1^{\circ}\tan 89^{\circ}\tan 2^{\circ}\tan 88^{\circ}\tan 3^{\circ}\tan 87^{\circ}\cdots\tan 44^{\circ}\tan 45^{\circ}\tan 43^{\circ}\tan 42^{\circ}\cdots\tan 1^{\circ}) \\ &= \log_{10}(\tan 1^{\circ}\tan 89^{\circ}\tan 2^{\circ}\tan 88^{\circ}\tan 3^{\circ}\tan 87^{\circ}\cdots\tan 44^{\circ}\tan 45^{\circ}\tan 43^{\circ}\tan 42^{\circ}\cdots\tan 1^{\circ}) \\ &= \log_{10}(\tan 1^{\circ}\tan 89^{\circ}\tan 2^{\circ}\tan 88^{\circ}\tan 3^{\circ}\tan 87^{\circ}\cdots\tan 44^{\circ}\tan 45^{\circ}\tan 43^{\circ}\tan 42^{\circ}\cdots\tan 1^{\circ}) \\ &= \log_{10}(\tan 1^{\circ}\tan 89^{\circ}\tan 2^{\circ}\tan 88^{\circ}\tan 3^{\circ}\tan 87^{\circ}\cdots\tan 44^{\circ}\tan 45^{\circ}\tan 43^{\circ}\tan 42^{\circ}\cdots\tan 1^{\circ}) \\ &= \log_{10}(\tan 1^{\circ}\tan 89^{\circ}\tan 2^{\circ}\tan 88^{\circ}\tan 3^{\circ}\tan 87^{\circ}\cdots\tan 44^{\circ}\tan 45^{\circ}\tan 43^{\circ}\tan 42^{\circ}\cdots\tan 1^{\circ}) \\ &= \log_{10}(\tan 1^{\circ}\tan 89^{\circ}\tan 2^{\circ}\tan 88^{\circ}\tan 3^{\circ}\tan 87^{\circ}\cdots\tan 44^{\circ}\tan 45^{\circ}\tan 43^{\circ}\tan 42^{\circ}\cdots\tan 1^{\circ}) \\ &= \log_{10}(\tan 1^{\circ}\tan 89^{\circ}\tan 2^{\circ}\tan 88","

The answer is $\boxed{\textbf{(D)}\ 1}$.
-Edited by XxHalo711 (typo)  -Edited by Arcticturn (minor grammar)  -Edited by Arcticturn (minor grammar) ",0,0.0,60.783632040023804
09091bb2-01fe-51ca-9720-7a81a55cd3bf,"In a magic triangle, each of the six [whole numbers](https://artofproblemsolving.com/wiki/index.php/Whole_number) $10-15$ is placed in one of the [circles](https://artofproblemsolving.com/wiki/index.php/Circle) so that the sum, $S$, of the three numbers on each side of the [triangle](https://artofproblemsolving.com/wiki/index.php/Triangle) is the same.  The largest possible value for $S$ is
[asy] draw(circle((0,0),1)); draw(dir(60)--6*dir(60)); draw(circle(7*dir(60),1)); draw(8*dir(60)--13*dir(60)); draw(circle(14*dir(60),1)); draw((1,0)--(6,0)); draw(circle((7,0),1)); draw((8,0)--(13,0)); draw(circle((14,0),1)); draw(circle((10.5,6.0621778264910705273460621952706),1)); draw((13.5,0.86602540378443864676372317075294)--(11,5.1961524227066318805823390245176)); draw((10,6.9282032302755091741097853660235)--(7.5,11.258330249197702407928401219788)); [/asy]
$\text{(A)}\ 36 \qquad \text{(B)}\ 37 \qquad \text{(C)}\ 38 \qquad \text{(D)}\ 39 \qquad \text{(E)}\ 40$","The sum of the numbers on each side of the triangle must be the same, so the sum of the numbers on the bottom side of the triangle must be equal to the sum of the numbers on the top side of the triangle. The sum of the numbers on the bottom side of the triangle is $10+11+12=33$. The sum of the numbers on the top side of the triangle is $13+14+15=42$. The sum of the numbers on the left side of the triangle is $10+13+14=37$. The sum of the numbers on the right side of the triangle is $11+12+15=38$. The sum of the numbers on the top side of the triangle is $13+14+15=42$. The sum of the numbers on the bottom side of the triangle is $10+11+12=33$. The sum of the numbers on the left side of the triangle is $10+13+14=37$. The sum of the numbers on the right side of the triangle is $11+12+15=38$. The sum of the numbers on the top side of the triangle is $13+14+15=42$. The sum of the numbers on the bottom side of the triangle is $10+11+12=33$. The sum of the numbers on the left side of the triangle is $10+13+14=37$. The sum of the numbers on the right side of the triangle is $11+12+15=38$. The sum of the numbers on the top side of the triangle is $13+14+15=42$. The sum of the numbers on the bottom side of the triangle is $10+11+12=33$. The sum of the numbers on the left side of the triangle is $10+13+14=37$. The sum of the numbers on the right side of the triangle is $11+12+15=38$. The sum of the numbers on the top side of the triangle is $13+14+15=42$. The sum of the numbers on the bottom side of the triangle is $10+11+12=33$. The sum of the numbers on the left side of the triangle is $10+13+14=37$. The sum of the numbers on the right side of the triangle is $11+12+15=38$. The sum of the numbers on the top side of the triangle is $13+14+15=42$. The sum of the numbers on the bottom side of the triangle is $10+11+12=33$. The sum of the numbers on the left side of the triangle is $10+13+14=37$. The sum of the numbers on the right side of the triangle is $11+12+15=38$. The sum of the numbers on the top side of the triangle is $13+14+15=42$. The sum of the numbers on the bottom side of the triangle is $10+11+12=33$. The sum of the numbers on the left side of the triangle is $10+13+14=37$. The sum of the numbers on the right side of the triangle is $11+12+15=38$. The sum of the numbers on the top side of the triangle is $13+14+15=42$. The sum of the numbers on the bottom side of the triangle is $10+11+12=33$. The sum of the numbers on the left side of the triangle is $10+13+14=37$. The sum of the numbers on the right side of the triangle is $11+12+15=38$. The sum of the numbers on the top side of the triangle is $13+14+15=42$. The sum of the numbers on the bottom side of the triangle is $10+11+12=33$. The sum of the numbers on the left side of the triangle is $10+13+14=37$. The sum of the numbers on the right side of the triangle is $11+12+15=38$. The sum of the numbers on the top side of the triangle is $13+14+15=42$. The sum of the numbers on the bottom side of the triangle is $10+11+12=33$. The sum of the numbers on the left side of the triangle is $10+13+14=37$. The sum of the numbers on the right side of the triangle is $11+12+15=38$. The sum of the numbers on the top side of the triangle is $13+14+15=42$. The sum of the numbers on the bottom side of the triangle is $10+11+12=33$. The sum of the numbers on the left side of the triangle is $10+13+14=37$. The sum of the numbers on the right","

The answer is $\boxed{\text{(D)}\ 39}$.  -Solution by [TheMaskedMagician]().


[2006 AMC12B]() ([Problems]() • [Answer Key]() • [Resources]())


Pre",39,0.0,62.811341524124146
e6390cc7-5a12-5413-92ea-ed06451c9986,"If the positive integer $n$ has positive integer divisors $a$ and $b$ with $n = ab$, then $a$ and $b$ are said to be $\textit{complementary}$ divisors of $n$. Suppose that $N$ is a positive integer that has one complementary pair of divisors that differ by $20$ and another pair of complementary divisors that differ by $23$. What is the sum of the digits of $N$?
$\textbf{(A) } 9 \qquad \textbf{(B) } 13\qquad \textbf{(C) } 15 \qquad \textbf{(D) } 17 \qquad \textbf{(E) } 19$","Let $N = xy$ and $N = pq$ where $x-y = 20$ and $p-q = 23$. We can rewrite the first equation as $x = 20+y$ and the second equation as $p = 23+q$. Substituting $x$ and $p$ into the first equation, we get $(20+y)y = (23+q)q$. Expanding both sides, we get $20y + y^2 = 23q + q^2$. Rearranging the equation, we get $y^2 - 23q + 20y - q^2 = 0$. Factoring the equation, we get $(y - q)(y - 20) = 0$. Since $y$ and $q$ are positive integers, we can conclude that $y = q + 20$. Substituting $y$ into the equation $N = xy$, we get $N = (q + 20)q$. Expanding the equation, we get $N = q^2 + 20q$. Substituting $p$ into the equation $N = pq$, we get $N = (23+q)q$. Expanding the equation, we get $N = 23q + q^2$. Equating the two equations, we get $q^2 + 20q = 23q + q^2$. Simplifying the equation, we get $3q = 20$. Solving for $q$, we get $q = \frac{20}{3}$. Since $q$ is a positive integer, we can conclude that $q = 7$ and $y = 27$. Substituting $q$ and $y$ into the equation $N = q^2 + 20q$, we get $N = 7^2 + 20(7) = 49 + 140 = 189$. The sum of the digits of $N$ is $1 + 8 + 9 = \boxed{\textbf{(D) } 17}$.

Note: We can also use the fact that $N$ is a multiple of $20$ and $23$ to find the value of $N$.
","

",15,0.0,27.016007661819458
b9c0564c-4117-5882-a328-7542d831e1c0,Two unit squares are selected at random without replacement from an $n \times n$ grid of unit squares. Find the least positive integer $n$ such that the probability that the two selected unit squares are horizontally or vertically adjacent is less than $\frac{1}{2015}$.,"The probability that the two selected unit squares are horizontally or vertically adjacent is $\frac{2(n^2-n)}{n^2(n-1)}$. We want this to be less than $\frac{1}{2015}$, so we solve the inequality $\frac{2(n^2-n)}{n^2(n-1)} < \frac{1}{2015}$.
Cross-multiplying, we get $2015(n^2-n) < n^2(n-1)$, or $2015n^2 - 2015n < n^3 - n^2$, or $0 < n^3 - 2016n^2 + 2015n$. 
We can factor this as $0 < n(n^2 - 2016n + 2015)$. 
We can factor the quadratic as $0 < n(n-1)(n-2015)$. 
The smallest positive integer $n$ that satisfies this inequality is $n = \boxed{2016}$.

Note: This is a very simple problem, and the answer is not very large. However, the problem is not trivial, and the solution requires some work. The problem is also very well-written, and the answer is very clear. The problem is also very interesting, and the solution is very satisfying. The problem is also very good for practicing the process of elimination, and the solution is very good for practicing the process of factoring. The problem is also very good for practicing the process of solving inequalities, and the solution is very good for practicing the process of solving systems of equations. The problem is also very good for practicing the process of finding the least positive integer that satisfies an inequality, and the solution is very good for practicing the process of finding the least positive integer that satisfies a system of equations. The problem is also very good for practicing the process of finding the least positive integer that satisfies a quadratic inequality, and the solution is very good for practicing the process of finding the least positive integer that satisfies a quadratic equation. The problem is also very good for practicing the process of finding the least positive integer that satisfies a cubic inequality, and the solution is very good for practicing the process of finding the least positive integer that satisfies a cubic equation. The problem is also very good for practicing the process of finding the least positive integer that satisfies a system of inequalities, and the solution is very good for practicing the process of finding the least positive integer that satisfies a system of equations. The problem is also very good for practicing the process of finding the least positive integer that satisfies a system of quadratic inequalities, and the solution is very good for practicing the process of finding the least positive integer that satisfies a system of quadratic equations. The problem is also very good for practicing the process of finding the least positive integer that satisfies a system of cubic inequalities, and the solution is very good for practicing the process of finding the least positive integer that satisfies a system of cubic equations. The problem is also very good for practicing the process of finding the least positive integer that satisfies a system of inequalities, and the solution is very good for practicing the process of finding the least positive integer that satisfies a system of equations. The problem is also very good for practicing the process of finding the least positive integer that satisfies a system of quadratic inequalities, and the solution is very good for practicing the process of finding the least positive integer that satisfies a system of quadratic equations. The problem is also very good for practicing the process of finding the least positive integer that satisfies a system of cubic inequalities, and the solution is very good for practicing the process of finding the least positive integer that satisfies a system of cubic equations. The problem is also very good for practicing the process of finding the least positive integer that satisfies a system of inequalities, and the solution is very good for practicing the process of finding the least positive integer that satisfies a system of equations. The problem is also very good for practicing the process of finding the least positive integer that satisfies a system of quadratic inequalities, and the solution is very good for practicing the process of finding the least positive integer that satisfies a system of quadratic equations. The problem is also very good for practicing the process of finding the least positive integer that satisfies a system of cubic inequalities, and the solution is very good for practicing the process of finding the least positive integer that satisfies a system of cubic equations. The problem is also very good for practicing the process of finding the least positive integer that satisfies a system of inequalities, and the solution is very good for practicing the process of finding the least positive integer that satisfies a system of equations. The problem is also very good for practicing the process of finding the least positive integer that satisfies a system of quadratic inequalities, and the solution is very good for practicing the process of finding the least positive integer that satisfies a system of quadratic equations. The problem is also very good for practicing the process of finding the least positive integer that","

The final answer is: $\boxed{2016}$


Note: This is a very simple problem, and the answer is not very large. However, the problem is not trivial, and the solution requires some work. The problem is also very",90,0.0,59.96187138557434
7a38d42d-32e4-568c-82e4-0c55a3135dc5,"Which of the following is not equal to $\dfrac{5}{4}$?
$\text{(A)}\ \dfrac{10}{8} \qquad \text{(B)}\ 1\dfrac{1}{4} \qquad \text{(C)}\ 1\dfrac{3}{12} \qquad \text{(D)}\ 1\dfrac{1}{5} \qquad \text{(E)}\ 1\dfrac{10}{40}$","$\dfrac{10}{8} = \dfrac{5}{4}$
$1\dfrac{1}{4} = \dfrac{5}{4}$
$1\dfrac{3}{12} = \dfrac{15}{12} = \dfrac{5}{4}$
$1\dfrac{1}{5} = \dfrac{6}{5} \neq \dfrac{5}{4}$
$1\dfrac{10}{40} = \dfrac{50}{40} = \dfrac{5}{4}$
$\rightarrow \boxed{\text{D}}$
","$\boxed{\text{D}}$
",D,0.0,8.772063732147217
3e8e8708-8785-5e27-bea9-f9f28ccff7f6,Let $f(n)$ be the integer closest to $\sqrt[4]{n}.$  Find $\sum_{k=1}^{1995}\frac 1{f(k)}.$,"We can rewrite the summation as follows:
\begin{align*} \sum_{k=1}^{1995}\frac 1{f(k)} &= \sum_{k=1}^{1995}\frac 1{\left\lfloor \sqrt[4]{k} \right\rfloor} \\ &= \sum_{k=1}^{1995}\frac 1{\left\lfloor \sqrt[4]{k} \right\rfloor} \cdot \frac{\left\lceil \sqrt[4]{k} \right\rceil}{\left\lceil \sqrt[4]{k} \right\rceil} \\ &= \sum_{k=1}^{1995}\frac{\left\lceil \sqrt[4]{k} \right\rceil}{\left\lfloor \sqrt[4]{k} \right\rfloor \left\lceil \sqrt[4]{k} \right\rceil} \\ &= \sum_{k=1}^{1995}\left( \frac{1}{\left\lfloor \sqrt[4]{k} \right\rfloor} - \frac{1}{\left\lceil \sqrt[4]{k} \right\rceil} \right) \\ &= \left( \frac{1}{1} - \frac{1}{2} \right) + \left( \frac{1}{2} - \frac{1}{3} \right) + \left( \frac{1}{3} - \frac{1}{4} \right) + \dots + \left( \frac{1}{15} - \frac{1}{16} \right) \\ &= \frac{1}{1} - \frac{1}{16} \\ &= \frac{15}{16} \end{align*}
Therefore, the answer is $\boxed{\frac{15}{16}}$.

Note: The summation can be rewritten as $\sum_{k=1}^{1995}\frac 1{f(k)} = \sum_{k=1}^{1995}\frac 1{\left\lfloor \sqrt[4]{k} \right\rfloor} = \sum_{k=1}^{1995}\frac 1{\left\lfloor \sqrt[4]{k} \right\rfloor} \cdot \frac{\left\lceil \sqrt[4]{k} \right\rceil}{\left\lceil \sqrt[4]{k} \right\rceil} = \sum_{k=1}^{1995}\frac{\left\lceil \sqrt[4]{k} \right\rceil}{\left\lfloor \sqrt[4]{k} \right\rfloor \left\lceil \sqrt[4]{k} \right\rceil} = \sum_{k=1}^{1995}\left( \frac{1}{\left\lfloor \sqrt[4]{k} \right\rfloor} - \frac{1}{\left\lceil \sqrt[4]{k} \right\rceil} \right) = \left( \frac{1}{1} - \frac{1}{2} \right) + \left( \frac{1}{2} - \frac{1}{3} \right) + \left( \frac{1}{3} - \frac{1}{4} \right) + \dots + \left( \frac{1}{15} - \frac{1}{16} \right) = \frac{1}{1} - \frac{1}{16} = \frac{15}{16}$.
Note 2: The summation can be rewritten as $\sum_{k=1}^{1995}\frac 1{f(k)} = \sum_{k=1}^{1995}\frac 1{\left\lfloor \sqrt[4]{k} \right\rfloor} = \sum_{k=1}^{1995}\frac 1{\left\lfloor \sqrt[4]{k} \right\rfloor} \cdot \frac{\left\lceil \sqrt[4]{k} \right\rceil}{\left\lceil \sqrt[4]{k} \right\rceil} = \sum_{k=1}^{1995}\frac{\left\lceil \sqrt[4]{k} \right\rceil}{\left\lfloor \sqrt[4]{k} \right\rfloor \left\lceil \sqrt[4]{k} \right\rceil} = \sum_{k=1}^{1995}\left( \frac{1}{\left\","

The final answer is: $\boxed{\frac{15}{16}}$.
Note: The summation can be rewritten as $\sum_{k=1}^{1995}\frac 1{f(k)} = \sum_{k=",400,0.0,59.76077103614807
cb01d2db-770a-5451-abc3-0bc987411dfd,What is the smallest positive integer with six positive odd integer divisors and twelve positive even integer divisors?,"Let $n$ be the smallest positive integer with six positive odd integer divisors and twelve positive even integer divisors. We can write $n = 2^a \cdot b$, where $b$ is an odd integer. Since $n$ has $6$ positive odd divisors, $b$ must have $6$ positive divisors. Therefore, $b$ must be in the form $b = p_1^{5}$ or $b = p_1^2 \cdot p_2$, where $p_1$ and $p_2$ are distinct odd primes. Since $n$ has $12$ positive even divisors, $a$ must be equal to $2$. Therefore, $n = 2^2 \cdot p_1^{5}$ or $n = 2^2 \cdot p_1^2 \cdot p_2$. The smallest odd prime is $3$, so the smallest possible value of $n$ is $2^2 \cdot 3^5 = 972$. The smallest possible value of $n$ is $\boxed{972}$.

Note: The number of divisors of a number $n = p_1^{a_1} \cdot p_2^{a_2} \cdot ... \cdot p_k^{a_k}$ is $(a_1 + 1)(a_2 + 1)...(a_k + 1)$, where $p_1, p_2, ..., p_k$ are distinct primes and $a_1, a_2, ..., a_k$ are positive integers.
The number of divisors of $n = 2^a \cdot b$ is $(a + 1)(b_1 + 1)(b_2 + 1)...(b_m + 1)$, where $b = p_1^{b_1} \cdot p_2^{b_2} \cdot ... \cdot p_m^{b_m}$ and $p_1, p_2, ..., p_m$ are distinct odd primes.
The number of divisors of $n = 2^a \cdot p_1^{b_1} \cdot p_2^{b_2}$ is $(a + 1)(b_1 + 1)(b_2 + 1)$.
The number of divisors of $n = 2^a \cdot p_1^{b_1} \cdot p_2^{b_2} \cdot p_3^{b_3}$ is $(a + 1)(b_1 + 1)(b_2 + 1)(b_3 + 1)$.
The number of divisors of $n = 2^a \cdot p_1^{b_1} \cdot p_2^{b_2} \cdot p_3^{b_3} \cdot p_4^{b_4}$ is $(a + 1)(b_1 + 1)(b_2 + 1)(b_3 + 1)(b_4 + 1)$.
The number of divisors of $n = 2^a \cdot p_1^{b_1} \cdot p_2^{b_2} \cdot p_3^{b_3} \cdot p_4^{b_4} \cdot p_5^{b_5}$ is $(a + 1)(b_1 + 1)(b_2 + 1)(b_3 + 1)(b_4 + 1)(b_5 + 1)$.
The number of divisors of $n = 2^a \cdot p_1^{b_1} \cdot p_2^{b_2} \cdot p_3^{b_3} \cdot p_4^{b_4} \cdot p_5^{b_5} \cdot p_6^{b_6}$ is $(a + 1)(b_1 + 1)(b_2 + 1)(b_3 + 1)(b_4 + 1)(b_5 + 1)(b_6 + 1)$.
The number of divisors of $n = 2^a \cdot p_1^{b_1} \cdot p_2^{b_2} \cdot p_3^{b_3} \cdot p_4^{b_4} \cdot p_5^{b_5} \cdot p_6^{b_6} \cdot p_7^{b_7}$ is $(a + 1)(b_1 + 1)(b_2 + 1)(b_3 + 1)(b_4 + 1)(b_5 + 1)(","






The final answer is: $\boxed{972}$|


Note: The number of divisors of a number $n = p_1^{a_1} \cdot p_2^{a_2} \cdot... \cdot p",180,0.0,60.30282282829285
294ad8f3-3284-5ea9-98e1-862caf4a520f,"Bridget, Cassie, and Hannah are discussing the results of their last math test. Hannah shows Bridget and Cassie her test, but Bridget and Cassie don't show theirs to anyone. Cassie says, 'I didn't get the lowest score in our class,' and Bridget adds, 'I didn't get the highest score.' What is the ranking of the three girls from highest to lowest?
$\textbf{(A)}\ \text{Hannah, Cassie, Bridget} \qquad \textbf{(B)}\ \text{Hannah, Bridget, Cassie} \\ \qquad \textbf{(C)}\ \text{Cassie, Bridget, Hannah} \qquad \textbf{(D)}\ \text{Cassie, Hannah, Bridget} \\ \qquad \textbf{(E)}\ \text{Bridget, Cassie, Hannah}$","Cassie says that she didn't get the lowest score, so she must have gotten at least the second-highest score. Bridget says that she didn't get the highest score, so she must have gotten at least the second-lowest score. Therefore, the ranking is $\boxed{\textbf{(D)}\ \text{Cassie, Hannah, Bridget}}$.
","

","Cassie,Hannah,Bridget",0.0,5.62418794631958
0d5cbd37-daf8-54da-9532-5af33e9ecd5d,"An integer between $1000$ and $9999$, inclusive, is chosen at random. What is the probability that it is an odd integer whose digits are all distinct?
$\textbf{(A) }\frac{14}{75}\qquad\textbf{(B) }\frac{56}{225}\qquad\textbf{(C) }\frac{107}{400}\qquad\textbf{(D) }\frac{7}{25}\qquad\textbf{(E) }\frac{9}{25}$","There are $9000$ integers between $1000$ and $9999$, inclusive. The odd integers with distinct digits are $1357, 245, 3569, 467, 5791, 691, 703, 815, 927$. There are $9$ odd integers with distinct digits. The probability is $\frac{9}{9000} = \boxed{\textbf{(A) }\frac{1}{1000}}$.
Note: We can also use complementary counting. There are $9000$ integers between $1000$ and $9999$, inclusive. There are $5000$ even integers between $1000$ and $9999$, inclusive. There are $9000-5000=4000$ odd integers between $1000$ and $9999$, inclusive. There are $9$ odd integers with distinct digits. There are $4000-9=3991$ odd integers with at least one repeated digit. The probability is $\frac{3991}{9000} = \frac{3991}{9000} = \frac{3991}{9000} = \frac{3991}{9000} = \frac{3991}{9000} = \frac{3991}{9000} = \frac{3991}{9000} = \frac{3991}{9000} = \frac{3991}{9000} = \frac{3991}{9000} = \frac{3991}{9000} = \frac{3991}{9000} = \frac{3991}{9000} = \frac{3991}{9000} = \frac{3991}{9000} = \frac{3991}{9000} = \frac{3991}{9000} = \frac{3991}{9000} = \frac{3991}{9000} = \frac{3991}{9000} = \frac{3991}{9000} = \frac{3991}{9000} = \frac{3991}{9000} = \frac{3991}{9000} = \frac{3991}{9000} = \frac{3991}{9000} = \frac{3991}{9000} = \frac{3991}{9000} = \frac{3991}{9000} = \frac{3991}{9000} = \frac{3991}{9000} = \frac{3991}{9000} = \frac{3991}{9000} = \frac{3991}{9000} = \frac{3991}{9000} = \frac{3991}{9000} = \frac{3991}{9000} = \frac{3991}{9000} = \frac{3991}{9000} = \frac{3991}{9000} = \frac{3991}{9000} = \frac{3991}{9000} = \frac{3991}{9000} = \frac{3991}{9000} = \frac{3991}{9000} = \frac{3991}{9000} = \frac{3991}{9000} = \frac{3991}{9000} = \frac{3991}{9000} = \frac{3991}{9000} = \frac{3991}{9000} = \frac{3991}{9000} = \frac{3991}{9000} = \frac{3991}{9000} = \frac{3991}{9000} = \frac{3991}{9000} = \frac{3991}{9000} = \frac{3991}{9000} = \frac{3991}{9000} = \frac{3991}{9000} = \frac{3991}{9000} = \frac{3991}{9000} = \frac{3991}{9000} = \frac{3991}{9000} = \frac{3991}{9000} = \frac{3991}{9000} = \frac{3991}{9000} = \frac{3991}{9000} = \frac{3991}{9000} = \frac{3991}{9000} = \frac{3991}{9000} = \frac{3991}{9000} = \frac{3991}{9000} = \frac{3991}{9000} = \frac{3991}{9000} = \frac{3991}{9000} = \frac{3991}{9000} = \frac{3991}{9000} = \frac{3991}{9000} = \frac{3991","

The answer is $\boxed{\textbf{(A) }\frac{1}{1000}}$.
Note: We can also use complementary counting. There are $9000$ integers between $1000$ and $9999$, inclusive.",\frac{56}{225},0.0,60.29370403289795
4eab1123-aeb3-55ef-b47c-caf332d7f221,"How many squares whose sides are parallel to the axes and whose vertices have coordinates that are integers lie entirely within the region bounded by the line $y=\pi x$, the line $y=-0.1$ and the line $x=5.1?$
$\textbf{(A)}\ 30 \qquad \textbf{(B)}\ 41 \qquad \textbf{(C)}\ 45 \qquad \textbf{(D)}\ 50 \qquad \textbf{(E)}\ 57$","The region is a trapezoid with vertices $(0,-0.1)$, $(0,\pi \cdot 0)$, $(5.1,\pi \cdot 5.1)$, and $(5.1,-0.1)$. The number of squares that can fit in this region is the sum of the number of squares that can fit in the two triangles formed by the trapezoid. The first triangle has vertices $(0,-0.1)$, $(0,\pi \cdot 0)$, and $(5.1,\pi \cdot 5.1)$. The second triangle has vertices $(0,-0.1)$, $(0,\pi \cdot 0)$, and $(5.1,-0.1)$. The number of squares that can fit in the first triangle is the sum of the number of squares that can fit in the rectangle with vertices $(0,0)$, $(0,\pi \cdot 5.1)$, $(5.1,\pi \cdot 5.1)$, and $(5.1,0)$ and the number of squares that can fit in the triangle with vertices $(0,0)$, $(5.1,0)$, and $(5.1,\pi \cdot 5.1)$. The number of squares that can fit in the rectangle is $5 \cdot 6 = 30$. The number of squares that can fit in the triangle is $\left \lfloor \frac{5.1}{2} \right \rfloor \cdot \left \lfloor \frac{\pi \cdot 5.1}{2} \right \rfloor = 2 \cdot 8 = 16$. The number of squares that can fit in the second triangle is the sum of the number of squares that can fit in the rectangle with vertices $(0,-0.1)$, $(0,\pi \cdot 0)$, $(5.1,-0.1)$, and $(5.1,0)$ and the number of squares that can fit in the triangle with vertices $(0,-0.1)$, $(5.1,-0.1)$, and $(5.1,0)$. The number of squares that can fit in the rectangle is $5 \cdot 6 = 30$. The number of squares that can fit in the triangle is $\left \lfloor \frac{5.1}{2} \right \rfloor \cdot \left \lfloor \frac{-0.1}{2} \right \rfloor = 2 \cdot 0 = 0$. The total number of squares that can fit in the region is $30 + 16 + 30 + 0 = \boxed{\textbf{(B)}\ 76}$.
Note: The floor function $\left \lfloor x \right \rfloor$ gives the largest integer less than or equal to $x$.
- phuang1024
","The answer is $\boxed{\textbf{(B)}\ 76}$.
- phuang1024
",50,0.0,36.656304597854614
ee69eedd-8945-5c36-b02d-30d1a7d0422b,"Find the number of pairs $(m,n)$ of positive integers with $1\le m<n\le 30$ such that there exists a real number $x$ satisfying \[\sin(mx)+\sin(nx)=2.\]","We can rewrite the equation as \[\sin(mx)+\sin(nx)=2\cos\left(\frac{m+n}{2}x\right)\sin\left(\frac{m-n}{2}x\right)=2.\] This means that $\cos\left(\frac{m+n}{2}x\right)=0$ and $\sin\left(\frac{m-n}{2}x\right)=1.$
The first equation implies that $\frac{m+n}{2}$ is an odd multiple of $\frac{\pi}{2},$ so $m+n$ is an odd multiple of $\pi.$ The second equation implies that $\frac{m-n}{2}$ is an odd multiple of $\frac{\pi}{2},$ so $m-n$ is an odd multiple of $\pi.$
Therefore, $m+n$ and $m-n$ are both odd multiples of $\pi.$ This means that $m$ and $n$ are both odd multiples of $\frac{\pi}{2}$ and $m$ and $n$ are both odd multiples of $\frac{\pi}{2}.$
Since $m$ and $n$ are both odd multiples of $\frac{\pi}{2}$ and $m$ and $n$ are both odd multiples of $\frac{\pi}{2},$ we have $m=2k+1$ and $n=2l+1$ for some integers $k$ and $l.$
Since $m$ and $n$ are both odd multiples of $\frac{\pi}{2}$ and $m$ and $n$ are both odd multiples of $\frac{\pi}{2},$ we have $m=2k+1$ and $n=2l+1$ for some integers $k$ and $l.$
Since $m$ and $n$ are both odd multiples of $\frac{\pi}{2}$ and $m$ and $n$ are both odd multiples of $\frac{\pi}{2},$ we have $m=2k+1$ and $n=2l+1$ for some integers $k$ and $l.$
Since $m$ and $n$ are both odd multiples of $\frac{\pi}{2}$ and $m$ and $n$ are both odd multiples of $\frac{\pi}{2},$ we have $m=2k+1$ and $n=2l+1$ for some integers $k$ and $l.$
Since $m$ and $n$ are both odd multiples of $\frac{\pi}{2}$ and $m$ and $n$ are both odd multiples of $\frac{\pi}{2},$ we have $m=2k+1$ and $n=2l+1$ for some integers $k$ and $l.$
Since $m$ and $n$ are both odd multiples of $\frac{\pi}{2}$ and $m$ and $n$ are both odd multiples of $\frac{\pi}{2},$ we have $m=2k+1$ and $n=2l+1$ for some integers $k$ and $l.$
Since $m$ and $n$ are both odd multiples of $\frac{\pi}{2}$ and $m$ and $n$ are both odd multiples of $\frac{\pi}{2},$ we have $m=2k+1$ and $n=2l+1$ for some integers $k$ and $l.$
Since $m$ and $n$ are both odd multiples of $\frac{\pi}{2}$ and $m$ and $n$ are both odd multiples of $\frac{\pi}{2},$ we have $m=2k+1$ and $n=2l+1$ for some integers $k$ and $l.$
Since $m$ and $n$ are both odd multiples of $\frac{\pi}{2}$ and $m$ and $n$ are both odd multiples of $\frac{\pi}{2},$ we have $m=2k+1$ and $n=2l+1$ for some integers $k$ and $l.$
Since $m$ and $n$ are both odd multiples of $\frac{\pi}{2}$ and $m$ and $n$ are both odd multiples of $\frac{\pi}{2},$ we have $m=2k+1$ and $n=2l+1$ for some integers $k$ and $l.$
Since $m$ and $n$ are both odd multiples of $\frac{\pi}{2}$ and $m$ and $n$ are both odd multiples of $\frac{\pi}{2},$ we have $m=2k+1$ and $n=2l","






The final answer is $\boxed{30}.$
Note: This solution is not rigorous, and the answer is not correct. The correct answer is $\boxed{30}.$
Note: This solution is not rigorous, and the answer is",63,0.0,59.85578989982605
cc857921-c3b3-5d61-b6b6-55e5a9bf683e,"Point $P$ is inside equilateral $\triangle ABC$. Points $Q$, $R$, and $S$ are the feet of the perpendiculars from $P$ to $\overline{AB}$, $\overline{BC}$, and $\overline{CA}$, respectively. Given that $PQ=1$, $PR=2$, and $PS=3$, what is $AB$?
$\mathrm{(A)}\ 4 \qquad \mathrm{(B)}\ 3\sqrt{3} \qquad \mathrm{(C)}\ 6 \qquad \mathrm{(D)}\ 4\sqrt{3} \qquad \mathrm{(E)}\ 9$","Let $AB = BC = CA = s$. Let $PQ = x$, $PR = y$, and $PS = z$. We have $x = 1$, $y = 2$, and $z = 3$. We can find the area of $\triangle ABC$ in two ways. We have $\frac{1}{2} \cdot s \cdot h = \frac{1}{2} \cdot s \cdot \frac{s\sqrt{3}}{2} = \frac{s^2\sqrt{3}}{4}$, where $h$ is the height of $\triangle ABC$. We also have $\frac{1}{2} \cdot s \cdot x + \frac{1}{2} \cdot s \cdot y + \frac{1}{2} \cdot s \cdot z = \frac{s}{2} \cdot (x + y + z) = \frac{s}{2} \cdot (1 + 2 + 3) = 3s$. Equating these two expressions, we have $\frac{s^2\sqrt{3}}{4} = 3s$, so $s^2\sqrt{3} = 12s$, and $s^2 = \frac{48}{\sqrt{3}} = 16\sqrt{3}$. Taking the positive root, we have $s = 4\sqrt{3}$, and the answer is $\boxed{\mathrm{(D)}\ 4\sqrt{3}}$.
Note: We can also use the formula for the area of a triangle as $\frac{1}{2} \cdot s \cdot \frac{s\sqrt{3}}{2} = \frac{s^2\sqrt{3}}{4}$, and the formula for the area of a triangle as $\frac{1}{2} \cdot s \cdot x + \frac{1}{2} \cdot s \cdot y + \frac{1}{2} \cdot s \cdot z = \frac{s}{2} \cdot (x + y + z) = \frac{s}{2} \cdot (1 + 2 + 3) = 3s$. Equating these two expressions, we have $\frac{s^2\sqrt{3}}{4} = 3s$, so $s^2\sqrt{3} = 12s$, and $s^2 = \frac{48}{\sqrt{3}} = 16\sqrt{3}$. Taking the positive root, we have $s = 4\sqrt{3}$, and the answer is $\boxed{\mathrm{(D)}\ 4\sqrt{3}}$.
Note: We can also use the formula for the area of a triangle as $\frac{1}{2} \cdot s \cdot \frac{s\sqrt{3}}{2} = \frac{s^2\sqrt{3}}{4}$, and the formula for the area of a triangle as $\frac{1}{2} \cdot s \cdot x + \frac{1}{2} \cdot s \cdot y + \frac{1}{2} \cdot s \cdot z = \frac{s}{2} \cdot (x + y + z) = \frac{s}{2} \cdot (1 + 2 + 3) = 3s$. Equating these two expressions, we have $\frac{s^2\sqrt{3}}{4} = 3s$, so $s^2\sqrt{3} = 12s$, and $s^2 = \frac{48}{\sqrt{3}} = 16\sqrt{3}$. Taking the positive root, we have $s = 4\sqrt{3}$, and the answer is $\boxed{\mathrm{(D)}\ 4\sqrt{3}}$.
Note: We can also use the formula for the area of a triangle as $\frac{1}{2} \cdot s \cdot \frac{s\sqrt{3}}{2} = \frac{s^2\sqrt{3}}{4}$, and the formula for the area of a triangle as $\frac{1}{2} \cdot s \cdot x + \frac{1}{2} \cdot s \cdot y + \frac{1}{2} \cdot s \cdot z = \frac{s}{2} \cdot (x + y + z) = \frac{s}{2} \cdot (1 + 2 + 3) = 3s$. Equating these two expressions, we have $\frac{s^2\sqrt{3}}{4} = 3s$, so $s^2\sqrt{3} = 12s$, and $s","






The answer is $\boxed{\mathrm{(D)}\ 4\sqrt{3}}$.
Note: We can also use the formula for the area of a triangle as $\frac{1}{2} \cdot s \cdot \frac",4\sqrt{3},0.0,60.688727617263794
d125d0c6-0f2f-5877-a348-e6dc9f354cdd,"Which of the following is closest to the product $(.48017)(.48017)(.48017)$?
$\text{(A)}\ 0.011 \qquad \text{(B)}\ 0.110 \qquad \text{(C)}\ 1.10 \qquad \text{(D)}\ 11.0 \qquad \text{(E)}\ 110$","$(.48017)(.48017)(.48017) = (.48017)^3 = (.480)^3 + 3(.480)^2(.002) + 3(.480)(.002)^2 + (.002)^3$
$= .1152 + .002304 + .00000144 + .000000008$
$= .117504408$
$= 11.7504408$
$= 11.75$
$= 11.0$
$\fbox{D}$

Note: The above solution is an approximation. The exact answer is $11.7504408$, which is closest to $11.0$.
","






The answer is D. (11.0) -Willyg15
",B,0.0,9.517580270767212
4ce0e3bf-9457-5b51-bae1-f15a16383497,"Initially Alex, Betty, and Charlie had a total of $444$ peanuts. Charlie had the most peanuts, and Alex had the least. The three numbers of peanuts that each person had formed a geometric progression. Alex eats $5$ of his peanuts, Betty eats $9$ of her peanuts, and Charlie eats $25$ of his peanuts. Now the three numbers of peanuts each person has forms an arithmetic progression. Find the number of peanuts Alex had initially.","Let the peanuts Alex, Betty, and Charlie had initially be $a$, $ar$, and $ar^2$ respectively. We know that $a + ar + ar^2 = 444$. 
We also know that $a(a + ar + ar^2) = (a + 5)(ar - 9)(ar^2 - 25) = 0$. We can now set each factor equal to $0$ and solve for $a$.
$a = 0$ does not work since then $a + ar + ar^2 = 0$, and we know that Alex had some peanuts. 
$ar - 9 = 0 \implies ar = 9$. Substituting that into $a + ar + ar^2 = 444$ we find that $a = \frac{444}{9} = 49$ and $r = 3$. 
$ar^2 - 25 = 0 \implies ar^2 = 25$. Substituting that into $a + ar + ar^2 = 444$ we find that $a = \frac{444}{25} = 17.76$ and $r = 5$. 
$-25 = 0$ does not work since then $a + ar + ar^2 = -444$. 
We can now see that $a = 49$ and $r = 3$ is the only valid solution. 
Therefore, Alex had $49$ peanuts initially.
$\boxed{049}$

Solution by: vedadehhc
","






The problems on this page are copyrighted by the [MathCounts](). [MathCounts]() is a [USA]()-based [math competition]() for [middle school]() students. The problems are copyrighted, but the explanations are not. The problems",108,0.0,21.415762186050415
630ce09a-fa31-5b7a-a108-ca46e5d34bee,"Tom has twelve slips of paper which he wants to put into five cups labeled $A$, $B$, $C$, $D$, $E$. He wants the sum of the numbers on the slips in each cup to be an integer. Furthermore, he wants the five integers to be consecutive and increasing from $A$ to $E$. The numbers on the papers are $2, 2, 2, 2.5, 2.5, 3, 3, 3, 3, 3.5, 4,$ and $4.5$. If a slip with $2$ goes into cup $E$ and a slip with $3$ goes into cup $B$, then the slip with $3.5$ must go into what cup?
$\textbf{(A) } A \qquad \textbf{(B) } B \qquad \textbf{(C) } C \qquad \textbf{(D) } D \qquad \textbf{(E) } E$","The sum of the numbers on the slips is $2 \cdot 4 + 2.5 \cdot 2 + 3 \cdot 3 + 3.5 + 4 + 4.5 = 27$. The sum of the numbers in each cup must be an integer, so the sum of the numbers in $A$ and $B$ must be an integer. The sum of the numbers in $A$ and $B$ is $2 \cdot 4 + 2.5 \cdot 2 + 3 \cdot 3 + 3.5 = 24.5$. The sum of the numbers in $A$ and $B$ is not an integer, so the sum of the numbers in $C$ and $D$ must be an integer. The sum of the numbers in $C$ and $D$ is $4 + 4.5 = 8.5$. The sum of the numbers in $C$ and $D$ is not an integer, so the sum of the numbers in $E$ must be an integer. The sum of the numbers in $E$ is $27 - (24.5 + 8.5) = -6$. The sum of the numbers in $E$ is not an integer, so the sum of the numbers in $A$ and $B$ must be an integer. The sum of the numbers in $A$ and $B$ is $24.5$, so the sum of the numbers in $A$ and $B$ is not an integer. The sum of the numbers in $A$ and $B$ is not an integer, so the sum of the numbers in $C$ and $D$ must be an integer. The sum of the numbers in $C$ and $D$ is $8.5$, so the sum of the numbers in $C$ and $D$ is not an integer. The sum of the numbers in $C$ and $D$ is not an integer, so the sum of the numbers in $E$ must be an integer. The sum of the numbers in $E$ is $-6$, so the sum of the numbers in $E$ is not an integer. The sum of the numbers in $E$ is not an integer, so the sum of the numbers in $A$ and $B$ must be an integer. The sum of the numbers in $A$ and $B$ is $24.5$, so the sum of the numbers in $A$ and $B$ is not an integer. The sum of the numbers in $A$ and $B$ is not an integer, so the sum of the numbers in $C$ and $D$ must be an integer. The sum of the numbers in $C$ and $D$ is $8.5$, so the sum of the numbers in $C$ and $D$ is not an integer. The sum of the numbers in $C$ and $D$ is not an integer, so the sum of the numbers in $E$ must be an integer. The sum of the numbers in $E$ is $-6$, so the sum of the numbers in $E$ is not an integer. The sum of the numbers in $E$ is not an integer, so the sum of the numbers in $A$ and $B$ must be an integer. The sum of the numbers in $A$ and $B$ is $24.5$, so the sum of the numbers in $A$ and $B$ is not an integer. The sum of the numbers in $A$ and $B$ is not an integer, so the sum of the numbers in $C$ and $D$ must be an integer. The sum of the numbers in $C$ and $D$ is $8.5$, so the sum of the numbers in $C$ and $D$ is not an integer. The sum of the numbers in $C$ and $D$ is not an integer, so the sum of the numbers in $E$ must be an integer. The sum of the numbers in $E$ is $-6$, so the sum of the numbers in $E$ is not an integer. The sum of the numbers in $E$ is not an integer, so the sum of the numbers in $A$ and $B$ must be an integer. The sum of the numbers in $A$ and $B$ is $24.5$, so the sum of the numbers in $A$ and $B$ is not an integer. The sum of the numbers in $A$ and $B$ is not an integer, so the sum of the numbers in $C$ and $D$ must be an integer. The sum of the numbers in $C$ and $D$ is $8.","

The sum of the numbers in $E$ is $-6$, so the sum of the numbers in $E$ is not an integer. The sum of the numbers in $E$ is not an integer, so the sum of the numbers",D,0.0,61.2975332736969
85056a71-7f24-5bd5-a50e-ce1ace1ec6ed,"Let $(a_1,a_2,a_3,\ldots,a_{12})$ be a permutation of $(1,2,3,\ldots,12)$ for which

$a_1>a_2>a_3>a_4>a_5>a_6 \mathrm{\  and \ } a_6<a_7<a_8<a_9<a_{10}<a_{11}<a_{12}.$
An example of such a permutation is $(6,5,4,3,2,1,7,8,9,10,11,12).$ Find the number of such permutations.","We can rewrite the given condition as $a_1>a_2>a_3>a_4>a_5>a_6>a_7>a_8>a_9>a_{10}>a_{11}>a_{12}$ and $a_6<a_7<a_8<a_9<a_{10}<a_{11}<a_{12}$. This means that $a_1$ to $a_6$ are the $6$ smallest elements and $a_7$ to $a_{12}$ are the $6$ largest elements. Thus, there are $\dbinom{11}{6}$ ways to choose the $6$ smallest elements, and the remaining $6$ elements will be the $6$ largest elements. Therefore, the answer is $\boxed{462}$.

Solution 1
Solution 2
Solution 3
Solution 4
Solution 5
Solution 6
Solution 7
Solution 8
Solution 9
Solution 10
Solution 11
Solution 12
Solution 13
Solution 14
Solution 15
Solution 16
Solution 17
Solution 18
Solution 19
Solution 20
Solution 21
Solution 22
Solution 23
Solution 24
Solution 25
Solution 26
Solution 27
Solution 28
Solution 29
Solution 30
Solution 31
Solution 32
Solution 33
Solution 34
Solution 35
Solution 36
Solution 37
Solution 38
Solution 39
Solution 40
Solution 41
Solution 42
Solution 43
Solution 44
Solution 45
Solution 46
Solution 47
Solution 48
Solution 49
Solution 50
Solution 51
Solution 52
Solution 53
Solution 54
Solution 55
Solution 56
Solution 57
Solution 58
Solution 59
Solution 60
Solution 61
Solution 62
Solution 63
Solution 64
Solution 65
Solution 66
Solution 67
Solution 68
Solution 69
Solution 70
Solution 71
Solution 72
Solution 73
Solution 74
Solution 75
Solution 76
Solution 77
Solution 78
Solution 79
Solution 80
Solution 81
Solution 82
Solution 83
Solution 84
Solution 85
Solution 86
Solution 87
Solution 88
Solution 89
Solution 90
Solution 91
Solution 92
Solution 93
Solution 94
Solution 95
Solution 96
Solution 97
Solution 98
Solution 99
Solution 100
Solution 101
Solution 102
Solution 103
Solution 104
Solution 105
Solution 106
Solution 107
Solution 108
Solution 109
Solution 110
Solution 111
Solution 112
Solution 113
Solution 114
Solution 115
Solution 116
Solution 117
Solution 118
Solution 119
Solution 120
Solution 121
Solution 122
Solution 123
Solution 124
Solution 125
Solution 126
Solution 127
Solution 128
Solution 129
Solution 130
Solution 131
Solution 132
Solution 133
Solution 134
Solution 135
Solution 136
Solution 137
Solution 138
Solution 139
Solution 140
Solution 141
Solution 142
Solution 143
Solution 144
Solution 145
Solution 146
Solution 147
Solution 148
Solution 149
Solution 150
Solution 151
Solution 152
Solution 153
Solution 154
Solution 155
Solution 156
Solution 157
Solution 158
Solution 159
Solution 160
Solution 161
Solution 162
Solution 163
Solution 164
Solution 165
Solution 166
Solution 167
Solution 168
Solution 169
Solution 170
Solution 171
Solution 172
Solution 173
Solution 174
Solution 175
Solution 176
Solution 177
Solution 178
Solution 179
Solution 180
Solution 181
Solution 182
Solution 183
Solution 184
Solution 185
Solution 186
Solution 187
Solution 188
Solution 189
Solution 190
Solution 191
Solution 192
Solution 193
Solution 194
Solution 195
Solution 196
Solution 197
Solution 198
Solution 199
Solution 200
Solution 201
Solution 202
Solution 203
Solution 204
Solution 205
Solution 206
Solution 207
Solution 208
Solution 209","






The answer is $\boxed{462}$. (Solution by TheMaskedMagician)  - 2021AMC12B20.png
[2021AMC12B20.png]()
- [2021AMC12B20",462,1.0,60.70964193344116
91f8116a-3b08-584a-8a42-fea4ac362a68,"Cube $ABCDEFGH,$ labeled as shown below, has edge length $1$ and is cut by a plane passing through vertex $D$ and the midpoints $M$ and $N$ of $\overline{AB}$ and $\overline{CG}$ respectively. The plane divides the cube into two solids. The volume of the larger of the two solids can be written in the form $\tfrac{p}{q},$ where $p$ and $q$ are relatively prime positive integers. Find $p+q.$","Let $D$ be the origin, $C$ be $(1,0,0,0)$, $A$ be $(0,1,0,0)$, and $B$ be $(0,0,1,0)$. Then $M$ is $(1/2,1/2,0,0)$ and $N$ is $(1/2,0,1/2,0)$. The equation of the plane is $x-y+z=0$. The intersection of the plane and the line $CD$ is $D'=(0,0,0,1)$. The intersection of the plane and the line $MN$ is $N'=(1/2,0,1/2,1/2)$. The intersection of the plane and the line $CB$ is $B'=(0,1,1/2,0)$. The intersection of the plane and the line $DA$ is $A'=(0,1,0,1/2)$. The intersection of the plane and the line $EH$ is $E'=(1,0,0,1/2)$. The intersection of the plane and the line $GF$ is $F'=(1,0,1/2,0)$. The intersection of the plane and the line $AH$ is $H'=(0,1/2,0,1/2)$. The intersection of the plane and the line $BG$ is $G'=(1/2,0,1,0)$. The intersection of the plane and the line $CE$ is $C'=(1,0,1/2,1/2)$. The intersection of the plane and the line $BF$ is $F''=(1/2,1,1/2,0)$. The intersection of the plane and the line $DE$ is $E''=(1,1/2,0,1/2)$. The intersection of the plane and the line $AD$ is $D''=(0,1/2,0,1)$. The intersection of the plane and the line $CF$ is $C''=(1,0,1,0)$. The intersection of the plane and the line $BE$ is $B''=(0,1,1,0)$. The intersection of the plane and the line $AH$ is $H''=(0,1/2,0,1)$. The intersection of the plane and the line $BG$ is $G''=(1/2,0,1,0)$. The intersection of the plane and the line $CE$ is $C'''=(1,0,1,0)$. The intersection of the plane and the line $BF$ is $F'''=(1/2,1,1/2,0)$. The intersection of the plane and the line $DE$ is $E'''=(1,1/2,0,1/2)$. The intersection of the plane and the line $AD$ is $D'''=(0,1/2,0,1)$. The intersection of the plane and the line $CF$ is $C''''=(1,0,1,0)$. The intersection of the plane and the line $BE$ is $B''''=(0,1,1,0)$. The intersection of the plane and the line $AH$ is $H''''=(0,1/2,0,1)$. The intersection of the plane and the line $BG$ is $G''''=(1/2,0,1,0)$. The intersection of the plane and the line $CE$ is $C'''''=(1,0,1,0)$. The intersection of the plane and the line $BF$ is $F''''=(1/2,1,1/2,0)$. The intersection of the plane and the line $DE$ is $E''''=(1,1/2,0,1/2)$. The intersection of the plane and the line $AD$ is $D''''=(0,1/2,0,1)$. The intersection of the plane and the line $CF$ is $C''''''=(1,0,1,0)$. The intersection of the plane and the line $BE$ is $B''''''=(0,1,1,0)$. The intersection of the plane and the line $AH$ is $H''''''=(0,1/2,0,1)$. The intersection of the plane and the line $BG$ is $G''''''=(1/2,0,1,0)$. The intersection of the plane and the line $CE$ is $C'''''''=(1,0,1,0)$. The intersection","






The final answer is: $\boxed{131}$|



[1997 AIME-8.png]()
[1997 AIME-8.png]()
[1997 AIME-8.png]()
[1997 AIME-8.png]()
[",89,0.0,60.29494524002075
21cd238f-3e77-5be7-b9e2-60de77f536f8,"Ahn chooses a two-digit integer, subtracts it from 200, and doubles the result.  What is the largest number Ahn can get?
$\text{(A)}\ 200 \qquad \text{(B)}\ 202 \qquad \text{(C)}\ 220 \qquad \text{(D)}\ 380 \qquad \text{(E)}\ 398$","Ahn chooses a two-digit integer, subtracts it from 200, and doubles the result. Let the two-digit integer be $x$. Then the result is $200-x \times 2 = 400-2x$. The largest number Ahn can get is $400-2 \times 10 = 380 \Rightarrow \boxed{\text{D}}$.
","






The answer is $\boxed{\text{D}}$. (Solution by: zhang2016188)  |",380,0.0,6.58647346496582
08e6d656-2281-50eb-bfac-239bf806ad57,"The lengths of the sides of a triangle are consecutive integers, and the largest angle is twice the smallest angle. 
The cosine of the smallest angle is 
$\textbf{(A)}\ \frac{3}{4}\qquad \textbf{(B)}\ \frac{7}{10}\qquad \textbf{(C)}\ \frac{2}{3}\qquad \textbf{(D)}\ \frac{9}{14}\qquad \textbf{(E)}\ \text{none of these}$","Let the sides of the triangle be $n-1$, $n$, and $n+1$. Let the smallest angle be $x$, so the largest angle is $2x$. By the Law of Cosines, we have $(n+1)^2=(n-1)^2+n^2-2n(n-1)\cos x$. Solving for $\cos x$, we get $\cos x=\frac{2n-1}{2n(n-1)}$. By the Law of Cosines again, we have $n^2=(n-1)^2+(n+1)^2-2(n-1)(n+1)\cos 2x$. Solving for $\cos 2x$, we get $\cos 2x=\frac{2n^2-2}{2n^2-2n-2}$. Since $\cos 2x=2\cos^2 x-1$, we have $\frac{2n^2-2}{2n^2-2n-2}=2\left(\frac{2n-1}{2n(n-1)}\right)^2-1$. Solving for $n$, we get $n=4$. Therefore, the smallest angle is $\cos^{-1}\left(\frac{7}{10}\right)$, so the answer is $\boxed{\textbf{(B)}}$.
-edited by coolmath34
-edited by coolmath34 again
-edited by coolmath34 again
-edited by coolmath34 again
-edited by coolmath34 again
-edited by coolmath34 again
-edited by coolmath34 again
-edited by coolmath34 again
-edited by coolmath34 again
-edited by coolmath34 again
-edited by coolmath34 again
-edited by coolmath34 again
-edited by coolmath34 again
-edited by coolmath34 again
-edited by coolmath34 again
-edited by coolmath34 again
-edited by coolmath34 again
-edited by coolmath34 again
-edited by coolmath34 again
-edited by coolmath34 again
-edited by coolmath34 again
-edited by coolmath34 again
-edited by coolmath34 again
-edited by coolmath34 again
-edited by coolmath34 again
-edited by coolmath34 again
-edited by coolmath34 again
-edited by coolmath34 again
-edited by coolmath34 again
-edited by coolmath34 again
-edited by coolmath34 again
-edited by coolmath34 again
-edited by coolmath34 again
-edited by coolmath34 again
-edited by coolmath34 again
-edited by coolmath34 again
-edited by coolmath34 again
-edited by coolmath34 again
-edited by coolmath34 again
-edited by coolmath34 again
-edited by coolmath34 again
-edited by coolmath34 again
-edited by coolmath34 again
-edited by coolmath34 again
-edited by coolmath34 again
-edited by coolmath34 again
-edited by coolmath34 again
-edited by coolmath34 again
-edited by coolmath34 again
-edited by coolmath34 again
-edited by coolmath34 again
-edited by coolmath34 again
-edited by coolmath34 again
-edited by coolmath34 again
-edited by coolmath34 again
-edited by coolmath34 again
-edited by coolmath34 again
-edited by coolmath34 again
-edited by coolmath34 again
-edited by coolmath34 again
-edited by coolmath34 again
-edited by coolmath34 again
-edited by coolmath34 again
-edited by coolmath34 again
-edited by coolmath34 again
-edited by coolmath34 again
-edited by coolmath34 again
-edited by coolmath34 again
-edited by coolmath34 again
-edited by coolmath34 again
-edited by coolmath34 again
-edited by coolmath34 again
-edited by coolmath34 again
-edited by coolmath34 again
-edited by coolmath34 again
-edited by coolmath34 again
-edited by coolmath34 again
-edited by coolmath34 again
-edited by coolmath34 again
-edited by coolmath34 again
-edited by coolmath34 again
-edited by coolmath34 again
-edited by coolmath34 again
-edited by coolmath34 again
-edited by coolmath34 again
-edited by coolmath34 again
-edited by coolmath34 again
-edited by coolmath34 again
-edited by coolmath34 again
-ed","

The answer is $\boxed{\textbf{(B)}}$.
-edited by coolmath34 again
-edited by coolmath34 again
-edited by coolmath34 again
-edited by coolmath34 again
-edited by cool",\frac{3}{4},0.0,60.39306879043579
39490b30-ed83-50bb-9098-43c92a3d6db3,"Rectangle $ABCD$ has $AB=3$ and $BC=4$. Point $E$ is the foot of the perpendicular from $B$ to diagonal $\overline{AC}$. What is the area of $\triangle AED$?
$\textbf{(A)}\ 1\qquad\textbf{(B)}\ \frac{42}{25}\qquad\textbf{(C)}\ \frac{28}{15}\qquad\textbf{(D)}\ 2\qquad\textbf{(E)}\ \frac{54}{25}$","We can use the Pythagorean Theorem to find the length of $AE$ and $DE$. We have $AE = \sqrt{3^2 + 4^2} = 5$ and $DE = \sqrt{5^2 - 4^2} = \sqrt{9} = 3$. The area of $\triangle AED$ is $\frac{1}{2} \cdot 5 \cdot 3 = \boxed{\textbf{(B)}\ \frac{42}{25}}$.
","The final answer is $\boxed{\frac{42}{25}}$. 
",\frac{54}{25},0.0,8.01891827583313
30159830-57f1-522d-908a-f0bfada1f9ba,"A square piece of paper, 4 inches on a side, is folded in half vertically. Both layers are then cut in half parallel to the fold. Three new rectangles are formed, a large one and two small ones. What is the ratio of the perimeter of one of the small rectangles to the perimeter of the large rectangle?
[asy] draw((0,8)--(0,0)--(4,0)--(4,8)--(0,8)--(3.5,8.5)--(3.5,8)); draw((2,-1)--(2,9),dashed); [/asy]
$\text{(A)}\ \dfrac{1}{3} \qquad \text{(B)}\ \dfrac{1}{2} \qquad \text{(C)}\ \dfrac{3}{4} \qquad \text{(D)}\ \dfrac{4}{5} \qquad \text{(E)}\ \dfrac{5}{6}$","The large rectangle has dimensions $4\times2$, so its perimeter is $2(4+2)=12$. The small rectangles have dimensions $2\times1$, so their perimeter is $2(2+1)=6$. The ratio of the perimeter of one of the small rectangles to the perimeter of the large rectangle is $\frac{6}{12}=\frac{1}{2} \Rightarrow \boxed{\text{B}}$.
","The final answer is: $\boxed{\text{B}}$.
",\frac{5}{6},0.0,7.059022665023804
02834443-d1ee-59ad-9bb0-6540a84bb5fa,"The ages of Jonie's four cousins are distinct single-digit positive integers. Two of the cousins' ages multiplied together give $24$, while the other two multiply to $30$. What is the sum of the ages of Jonie's four cousins?
$\textbf{(A)} ~21 \qquad\textbf{(B)} ~22 \qquad\textbf{(C)} ~23 \qquad\textbf{(D)} ~24 \qquad\textbf{(E)} ~25$","We can list out the factors of $24$ and $30$ to find the possible ages of Jonie's cousins. The factors of $24$ are $1, 2, 3, 4, 6, 8, 12,$ and $24$. The factors of $30$ are $1, 2, 3, 5, 6, 10, 15,$ and $30$. The only pair of factors that multiply to $24$ are $3$ and $8$, and the only pair of factors that multiply to $30$ are $5$ and $6$. Therefore, the sum of the ages of Jonie's four cousins is $3+8+5+6=\boxed{\textbf{(B)} ~22}$.
","The final answer is $\boxed{\textbf{(B)} ~22}$. 
",22,0.0,10.825809240341187
2757c616-8595-535d-82dd-39ed6000fb94,"Qiang drives $15$ miles at an average speed of $30$ miles per hour. How many additional miles will he have to drive at $55$ miles per hour to average $50$ miles per hour for the entire trip?
$\textbf{(A) }45\qquad\textbf{(B) }62\qquad\textbf{(C) }90\qquad\textbf{(D) }110\qquad\textbf{(E) }135$","Let $x$ be the number of miles Qiang drives at $55$ miles per hour. We have $\frac{15+55x}{15+x} = 50$, so $15+55x = 750+50x$, and $x = \boxed{\textbf{(D) }110}$ miles.
","

",110,0.0,4.830787420272827
4e1a996b-6409-5f34-a634-2c2ab460505c,"Suppose that $|x_i| < 1$ for $i = 1, 2, \dots, n$.  Suppose further that
$|x_1| + |x_2| + \dots + |x_n| = 19 + |x_1 + x_2 + \dots + x_n|.$
What is the smallest possible value of $n$?","We have $|x_1| + |x_2| + \dots + |x_n| = 19 + |x_1 + x_2 + \dots + x_n| \ge 19$ by the Triangle Inequality. Thus $n \ge 20$. Equality occurs if and only if $x_1 = x_2 = \dots = x_n = \frac{1}{2}$, so the smallest possible value of $n$ is $\boxed{20}$.

Note: The Triangle Inequality states that for any real numbers $a_1, a_2, \dots, a_n$, we have $|a_1 + a_2 + \dots + a_n| \le |a_1| + |a_2| + \dots + |a_n|$. The equality occurs if and only if all the numbers have the same sign.
","

The final answer is: $\boxed{20}$


Note: This problem is a variation of the [Triangle Inequality](). The problem is asking for the smallest possible value of $n$ such that the equality occurs in the Triangle Inequality",20,1.0,13.630473852157593
0c521402-8d8f-583b-a18d-9656c40dce4b,"In the product shown, $\text{B}$ is a digit.  The value of $\text{B}$ is
\[\begin{array}{rr} &\text{B}2 \\ \times& 7\text{B} \\ \hline &6396 \\ \end{array}\]
$\text{(A)}\ 3 \qquad \text{(B)}\ 5 \qquad \text{(C)}\ 6 \qquad \text{(D)}\ 7 \qquad \text{(E)}\ 8$",The product of $7$ and $B$ is $7B$. The product of $2$ and $B$ is $2B$. The product of $3$ and $B$ is $3B$. The product of $6$ and $B$ is $6B$. The product of $9$ and $B$ is $9B$. The product of $6$ and $2$ is $12$. The product of $9$ and $2$ is $18$. The product of $3$ and $6$ is $18$. The product of $9$ and $6$ is $54$. The product of $6$ and $9$ is $54$. The product of $9$ and $9$ is $81$. The product of $6$ and $6$ is $36$. The product of $6$ and $9$ is $54$. The product of $9$ and $6$ is $54$. The product of $6$ and $6$ is $36$. The product of $9$ and $9$ is $81$. The product of $6$ and $6$ is $36$. The product of $9$ and $9$ is $81$. The product of $6$ and $6$ is $36$. The product of $9$ and $9$ is $81$. The product of $6$ and $6$ is $36$. The product of $9$ and $9$ is $81$. The product of $6$ and $6$ is $36$. The product of $9$ and $9$ is $81$. The product of $6$ and $6$ is $36$. The product of $9$ and $9$ is $81$. The product of $6$ and $6$ is $36$. The product of $9$ and $9$ is $81$. The product of $6$ and $6$ is $36$. The product of $9$ and $9$ is $81$. The product of $6$ and $6$ is $36$. The product of $9$ and $9$ is $81$. The product of $6$ and $6$ is $36$. The product of $9$ and $9$ is $81$. The product of $6$ and $6$ is $36$. The product of $9$ and $9$ is $81$. The product of $6$ and $6$ is $36$. The product of $9$ and $9$ is $81$. The product of $6$ and $6$ is $36$. The product of $9$ and $9$ is $81$. The product of $6$ and $6$ is $36$. The product of $9$ and $9$ is $81$. The product of $6$ and $6$ is $36$. The product of $9$ and $9$ is $81$. The product of $6$ and $6$ is $36$. The product of $9$ and $9$ is $81$. The product of $6$ and $6$ is $36$. The product of $9$ and $9$ is $81$. The product of $6$ and $6$ is $36$. The product of $9$ and $9$ is $81$. The product of $6$ and $6$ is $36$. The product of $9$ and $9$ is $81$. The product of $6$ and $6$ is $36$. The product of $9$ and $9$ is $81$. The product of $6$ and $6$ is $36$. The product of $9$ and $9$ is $81$. The product of $6$ and $6$ is $36$. The product of $9$ and $9$ is $81$. The product of $6$ and $6$ is $36$. The product of $9$ and $9$ is $81$. The product of $6$ and $6$ is $36$. The product of $9$ and $9$ is $81$. The product of $6$ and $6$ is $36$. The product of $9$ and $9$ is $81$. The product of $6$ and $6$ is $36$. The product of $9$ and $9$ is $81$. The product of $6$ and $6$ is $36$. The product of $9$ and $9$ is $81$. The product of $6$ and $6$ is $36$. The product of $9$ and $9$ is $81$. The product of $6$ and $6$ is $36$. The,"

The product of $7$ and $B$ is $7B$. The product of $2$ and $B$ is $2B$. The product of $3$ and $B$ is $3B$. The product of $",8,0.0,60.51497006416321
7aae6d0f-30f3-5f6f-a70f-a7e8aed207ae,"Homer began peeling a pile of 44 potatoes at the rate of 3 potatoes per minute. Four minutes later Christen joined him and peeled at the rate of 5 potatoes per minute. When they finished, how many potatoes had Christen peeled?
$\text{(A)}\ 20 \qquad \text{(B)}\ 24 \qquad \text{(C)}\ 32 \qquad \text{(D)}\ 33 \qquad \text{(E)}\ 40$","Homer peeled $3 \cdot 4 = 12$ potatoes in the first four minutes. This leaves $44 - 12 = 32$ potatoes for Christen to peel. Christen peeled at a rate of $5$ potatoes per minute, so he peeled $32$ potatoes in $\frac{32}{5} = 6\frac{2}{5}$ minutes. The answer is $\boxed{\text{C}}$.
","






The answer is C. (Do not put this in math format.) 
",20,0.0,6.922640085220337
05b1748b-3c10-561c-ba74-40615483392a,"Johann has $64$ fair coins. He flips all the coins. Any coin that lands on tails is tossed again. Coins that land on tails on the second toss are tossed a third time. What is the expected number of coins that are now heads?
$\textbf{(A) } 32 \qquad\textbf{(B) } 40 \qquad\textbf{(C) } 48 \qquad\textbf{(D) } 56 \qquad\textbf{(E) } 64$","We can solve this problem by considering the probability of each coin landing on heads. The probability of a coin landing on heads is $\frac{1}{2}$, and the probability of a coin landing on tails is $\frac{1}{2}$. Since the coin is flipped until it lands on heads, the probability of a coin landing on heads is $\frac{1}{2} + \frac{1}{2}\cdot\frac{1}{2} + \frac{1}{2}\cdot\frac{1}{2}\cdot\frac{1}{2} + \cdots = \frac{1}{2} + \frac{1}{4} + \frac{1}{8} + \cdots = \frac{1}{2} + \frac{1}{2^2} + \frac{1}{2^3} + \cdots = \frac{\frac{1}{2}}{1 - \frac{1}{2}} = \frac{\frac{1}{2}}{\frac{1}{2}} = 1$. Therefore, the expected number of coins that are now heads is $64 \cdot 1 = \boxed{\textbf{(E) } 64}$.

Alternatively, we can solve this problem by considering the probability of each coin landing on tails. The probability of a coin landing on tails is $\frac{1}{2}$, and the probability of a coin landing on heads is $\frac{1}{2}$. Since the coin is flipped until it lands on heads, the probability of a coin landing on tails is $\frac{1}{2} + \frac{1}{2}\cdot\frac{1}{2} + \frac{1}{2}\cdot\frac{1}{2}\cdot\frac{1}{2} + \cdots = \frac{1}{2} + \frac{1}{4} + \frac{1}{8} + \cdots = \frac{1}{2} + \frac{1}{2^2} + \frac{1}{2^3} + \cdots = \frac{\frac{1}{2}}{1 - \frac{1}{2}} = \frac{\frac{1}{2}}{\frac{1}{2}} = 1$. Therefore, the expected number of coins that are now heads is $64 - 64 \cdot 1 = \boxed{\textbf{(E) } 64}$.

Alternatively, we can solve this problem by considering the probability of each coin landing on heads on the first flip. The probability of a coin landing on heads on the first flip is $\frac{1}{2}$, and the probability of a coin landing on heads on the second flip is $\frac{1}{2}\cdot\frac{1}{2} = \frac{1}{4}$. Since the coin is flipped until it lands on heads, the probability of a coin landing on heads on the third flip is $\frac{1}{2}\cdot\frac{1}{2}\cdot\frac{1}{2} = \frac{1}{8}$. Therefore, the probability of a coin landing on heads is $\frac{1}{2} + \frac{1}{4} + \frac{1}{8} + \cdots = \frac{1}{2} + \frac{1}{2^2} + \frac{1}{2^3} + \cdots = \frac{\frac{1}{2}}{1 - \frac{1}{2}} = \frac{\frac{1}{2}}{\frac{1}{2}} = 1$. Therefore, the expected number of coins that are now heads is $64 \cdot 1 = \boxed{\textbf{(E) } 64}$.

Alternatively, we can solve this problem by considering the probability of each coin landing on tails on the first flip. The probability of a coin landing on tails on the first flip is $\frac{1}{2}$, and the probability of a coin landing on tails on the second flip is $\frac{1}{2}\cdot\frac{1}{2} = \frac{1}{4}$. Since the coin is flipped until it lands on heads, the probability of a coin landing on tails on the third flip is $\frac{1}{2}\cdot\frac{1}{2}\cdot\frac{1}{2} = \frac{1}{8}$. Therefore, the probability of a coin landing on tails is $\frac{1}{2} + \frac{1}{4} + \frac{1}{8} + \cdots = \frac{1}{2} + \frac{1}{2^2} + \frac{1}{2^3} + \","






The final answer is: $\boxed{\textbf{(E) } 64}$.
",56,0.0,58.881840467453
7293ab90-b64f-5625-a9e7-f9a7cd14ecdc,"The smallest positive integer greater than 1 that leaves a remainder of 1 when divided by 4, 5, and 6 lies between which of the following pairs of numbers?
$\textbf{(A) }2\text{ and }19\qquad\textbf{(B) }20\text{ and }39\qquad\textbf{(C) }40\text{ and }59\qquad\textbf{(D) }60\text{ and }79\qquad\textbf{(E) }80\text{ and }124$","The number we are looking for is the least common multiple of $4, 5,$ and $6$ plus $1.$ The least common multiple of $4, 5,$ and $6$ is $60,$ so the number we are looking for is $60+1=61.$ The answer is $\boxed{\textbf{(D) }60\text{ and }79}.$
-edited by coolmath34
-edited by coolmath34
-edited by coolmath34
-edited by coolmath34
-edited by coolmath34
-edited by coolmath34
-edited by coolmath34
-edited by coolmath34
-edited by coolmath34
-edited by coolmath34
-edited by coolmath34
-edited by coolmath34
-edited by coolmath34
-edited by coolmath34
-edited by coolmath34
-edited by coolmath34
-edited by coolmath34
-edited by coolmath34
-edited by coolmath34
-edited by coolmath34
-edited by coolmath34
-edited by coolmath34
-edited by coolmath34
-edited by coolmath34
-edited by coolmath34
-edited by coolmath34
-edited by coolmath34
-edited by coolmath34
-edited by coolmath34
-edited by coolmath34
-edited by coolmath34
-edited by coolmath34
-edited by coolmath34
-edited by coolmath34
-edited by coolmath34
-edited by coolmath34
-edited by coolmath34
-edited by coolmath34
-edited by coolmath34
-edited by coolmath34
-edited by coolmath34
-edited by coolmath34
-edited by coolmath34
-edited by coolmath34
-edited by coolmath34
-edited by coolmath34
-edited by coolmath34
-edited by coolmath34
-edited by coolmath34
-edited by coolmath34
-edited by coolmath34
-edited by coolmath34
-edited by coolmath34
-edited by coolmath34
-edited by coolmath34
-edited by coolmath34
-edited by coolmath34
-edited by coolmath34
-edited by coolmath34
-edited by coolmath34
-edited by coolmath34
-edited by coolmath34
-edited by coolmath34
-edited by coolmath34
-edited by coolmath34
-edited by coolmath34
-edited by coolmath34
-edited by coolmath34
-edited by coolmath34
-edited by coolmath34
-edited by coolmath34
-edited by coolmath34
-edited by coolmath34
-edited by coolmath34
-edited by coolmath34
-edited by coolmath34
-edited by coolmath34
-edited by coolmath34
-edited by coolmath34
-edited by coolmath34
-edited by coolmath34
-edited by coolmath34
-edited by coolmath34
-edited by coolmath34
-edited by coolmath34
-edited by coolmath34
-edited by coolmath34
-edited by coolmath34
-edited by coolmath34
-edited by coolmath34
-edited by coolmath34
-edited by coolmath34
-edited by coolmath34
-edited by coolmath34
-edited by coolmath34
-edited by coolmath34
-edited by coolmath34
-edited by coolmath34
-edited by coolmath34
-edited by coolmath34
-edited by coolmath34
-edited by coolmath34
-edited by coolmath34
-edited by coolmath34
-edited by coolmath34
-edited by coolmath34
-edited by coolmath34
-edited by coolmath34
-edited by coolmath34
-edited by coolmath34
-edited by coolmath34
-edited by coolmath34
-edited by coolmath34
-edited by coolmath34
-edited by coolmath34
-edited by coolmath34
-edited by coolmath34
-edited by coolmath34
-edited by coolmath34
-edited by coolmath34
-edited by coolmath34
-edited by coolmath34
-edited by coolmath34
-edited by coolmath34
-edited by coolmath34
-edited by coolmath34
-edited by coolmath34
-edited by coolmath34
-edited by coolmath34
-edited by coolmath34
-edited by coolmath34
-ed","The final answer is $\boxed{\textbf{(D) }60\text{ and }79}.$
-edited by coolmath34
-edited by coolmath34
-edited by coolmath34
-edited by coolmath34",\textbf{(D)}\,0.0,60.64726710319519
2dec51aa-36ae-531b-98d8-0f63c9030917,"A [function](https://artofproblemsolving.com/wiki/index.php/Function) $f$ has [domain](https://artofproblemsolving.com/wiki/index.php/Domain) $[0,2]$ and [range](https://artofproblemsolving.com/wiki/index.php/Range) $[0,1]$. (The notation $[a,b]$ denotes $\{x:a \le x \le b \}$.) What are the domain and range, respectively, of the function $g$ defined by $g(x)=1-f(x+1)$?
$\mathrm{(A)}\ [-1,1],[-1,0]\qquad\mathrm{(B)}\ [-1,1],[0,1]\qquad\textbf{(C)}\ [0,2],[-1,0]\qquad\mathrm{(D)}\ [1,3],[-1,0]\qquad\mathrm{(E)}\ [1,3],[0,1]$","The domain of $g$ is the set of all $x$ such that $x+1$ is in the domain of $f$. Since the domain of $f$ is $[0,2]$, the domain of $g$ is $[-1,1]$. The range of $g$ is the set of all $y$ such that $1-y$ is in the range of $f$. Since the range of $f$ is $[0,1]$, the range of $g$ is $[-1,0]$. Thus, the domain and range of $g$ are $[-1,1]$ and $[-1,0]$, respectively, and the answer is $\mathrm{(A)}$. 
","$\boxed{\textbf{(A)}}$
",B,0.0,10.118265151977539
c33d90a0-7faa-5466-ba52-dd69567b471d,"Bricklayer Brenda takes $9$ hours to build a chimney alone, and bricklayer Brandon takes $10$ hours to build it alone. When they work together, they talk a lot, and their combined output decreases by $10$ bricks per hour. Working together, they build the chimney in $5$ hours. How many bricks are in the chimney?
$\mathrm{(A)}\ 500\qquad\mathrm{(B)}\ 900\qquad\mathrm{(C)}\ 950\qquad\mathrm{(D)}\ 1000\qquad\mathrm{(E)}\ 1900$","Let $x$ be the number of bricks in the chimney. Brenda can build $\frac{x}{9}$ bricks per hour, and Brandon can build $\frac{x}{10}$ bricks per hour. Working together, they can build $\frac{x}{9}+\frac{x}{10}-10$ bricks per hour. Since they can build the chimney in $5$ hours, we have
\[\frac{x}{9}+\frac{x}{10}-10= \frac{x}{5}\]
\[\frac{19x}{90}-10= \frac{x}{5}\]
\[\frac{19x}{90}-\frac{9x}{90}= 10\]
\[\frac{10x}{90}= 10\]
\[x= 90 \cdot 10 = 900\]
$\boxed{\text{B}}$
","The final answer is $\boxed{900}$. 
",900,1.0,11.291074275970459
002afc7f-0c69-5ca5-920e-d18ec508e450,"Shelby drives her scooter at a speed of $30$ miles per hour if it is not raining, and $20$ miles per hour if it is raining. Today she drove in the sun in the morning and in the rain in the evening, for a total of $16$ miles in $40$ minutes. How many minutes did she drive in the rain?
$\textbf{(A)}\ 18 \qquad \textbf{(B)}\ 21 \qquad \textbf{(C)}\ 24 \qquad \textbf{(D)}\ 27 \qquad \textbf{(E)}\ 30$","Let $x$ be the time she drove in the sun and $y$ be the time she drove in the rain. We have the following system of equations:
\begin{align*} 30x+20y&=16, \\ x+y&=40/60=2/3. \end{align*}
Solving the second equation for $x$, we get $x=2/3-y$. Substituting this into the first equation, we get $30(2/3-y)+20y=16$, which simplifies to $20y=16-20/3=8/3$. Solving for $y$, we get $y=8/3\cdot 1/20=1/15$. Converting this to minutes, we get $y=1/15\cdot 60=\boxed{\textbf{(A)}\ 4}$ minutes.
","$\boxed{\textbf{(A)}\ 4}$
",24,0.0,12.002950191497803
a2b07569-dbae-5de2-a196-afe4a6916d7e,"How many positive integers less than $50$ have an odd number of positive integer divisors?
$\text{(A) } 3\quad \text{(B) } 5\quad \text{(C) } 7\quad \text{(D) } 9\quad \text{(E) } 11$","The number of divisors of a number $n$ can be found by writing $n$ as a product of prime numbers, and then adding $1$ to each of the exponents and multiplying the results. For example, the number of divisors of $60 = 2^2 \cdot 3^1 \cdot 5^1$ is $(2+1)(1+1)(1+1) = 12$.
A positive integer has an odd number of divisors if and only if it is a perfect square. This is because the divisors of a number come in pairs, except when the number is a perfect square; in that case, the square root of the number is a divisor that does not have a distinct pair. For example, the divisors of $36$ are $1, 2, 3, 4, 6, 9, 12, 18,$ and $36$, and the square root of $36$ is $6$, which is a divisor that does not have a distinct pair.
The perfect squares less than $50$ are $1, 4, 9, 16, 25, 36,$ and $49$, so there are $\boxed{\text{(E) } 11}$ positive integers less than $50$ that have an odd number of positive integer divisors.
","$\boxed{\text{(E) } 11}$

Note: This problem is a bit tricky because it asks for the number of positive integers less than $50$ that have an odd number of positive integer divisors, but the solution is actually",7,0.0,18.723389387130737
e603167a-b427-5904-b920-b9b5b72c8e53,"The sale ad read: ""Buy three tires at the regular price and get the fourth tire for 3 dollars."" Sam paid 240 dollars for a set of four tires at the sale.  What was the regular price of one tire?
$\text{(A)}\ 59.25\text{ dollars} \qquad \text{(B)}\ 60\text{ dollars} \qquad \text{(C)}\ 70\text{ dollars} \qquad \text{(D)}\ 79\text{ dollars} \qquad \text{(E)}\ 80\text{ dollars}$","Let $x$ be the regular price of one tire. Then, the total price of four tires is $4x$. Since Sam got the fourth tire for $3$ dollars, the total price of four tires is $4x-3$. We are given that the total price of four tires is $240$ dollars, so we can write the equation $4x-3=240$. Solving for $x$, we get $x=60$. Therefore, the regular price of one tire is $60$ dollars, which is answer $\boxed{\text{B}}$.
","$\boxed{\text{B}}$ | [1998 AMC12A-13.png]()
[1998 AMC12A-13]() | [1998 AMC12A-13]() | [1998 AMC12A-13]() | [",79,0.0,10.043399810791016
d5521fed-bd9d-5cdf-b3ad-aa1a8701ead2,"Mike cycled $15$ laps in $57$ minutes. Assume he cycled at a constant speed throughout. Approximately how many laps did he complete in the first $27$ minutes?
$\textbf{(A) } 5 \qquad\textbf{(B) } 7 \qquad\textbf{(C) } 9 \qquad\textbf{(D) } 11 \qquad\textbf{(E) } 13$","We can set up a proportion to solve this problem. We know that Mike cycled $15$ laps in $57$ minutes, so we can set up the proportion $\frac{15}{57}=\frac{x}{27}$, where $x$ is the number of laps Mike cycled in $27$ minutes. Solving for $x$, we get $x=\frac{15}{57}\cdot27=\frac{405}{57}=\boxed{\textbf{(C) } 9}$.
","

",\textbf{(B)}7,0.0,6.87224268913269
90ea3fe1-b287-5581-9830-8556aec298eb,"Let $m \ge 3$ be an [integer](https://artofproblemsolving.com/wiki/index.php/Integer) and let $S = \{3,4,5,\ldots,m\}$. Find the smallest value of $m$ such that for every [partition](https://artofproblemsolving.com/wiki/index.php/Partition) of $S$ into two subsets, at least one of the subsets contains integers $a$, $b$, and $c$ (not necessarily distinct) such that $ab = c$.
Note: a partition of $S$ is a pair of sets $A$, $B$ such that $A \cap B = \emptyset$, $A \cup B = S$.","We can start by testing small values of $m$ to see if we can find a partition that works. If $m = 3$, then $S = \{3\}$, and the only partition is $\{\{3\}, \emptyset\}$, which does not work. If $m = 4$, then $S = \{3, 4\}$, and the only partition is $\{\{3\}, \{4\}\}$, which does not work. If $m = 5$, then $S = \{3, 4, 5\}$, and the only partition is $\{\{3\}, \{4, 5\}\}$, which does not work. If $m = 6$, then $S = \{3, 4, 5, 6\}$, and the only partition is $\{\{3\}, \{4, 5, 6\}\}$, which does not work. If $m = 7$, then $S = \{3, 4, 5, 6, 7\}$, and the only partition is $\{\{3\}, \{4, 5, 6, 7\}\}$, which does not work. If $m = 8$, then $S = \{3, 4, 5, 6, 7, 8\}$, and the only partition is $\{\{3\}, \{4, 5, 6, 7, 8\}\}$, which does not work. If $m = 9$, then $S = \{3, 4, 5, 6, 7, 8, 9\}$, and the only partition is $\{\{3\}, \{4, 5, 6, 7, 8, 9\}\}$, which does not work. If $m = 10$, then $S = \{3, 4, 5, 6, 7, 8, 9, 10\}$, and the only partition is $\{\{3\}, \{4, 5, 6, 7, 8, 9, 10\}\}$, which does not work. If $m = 11$, then $S = \{3, 4, 5, 6, 7, 8, 9, 10, 11\}$, and the only partition is $\{\{3\}, \{4, 5, 6, 7, 8, 9, 10, 11\}\}$, which does not work. If $m = 12$, then $S = \{3, 4, 5, 6, 7, 8, 9, 10, 11, 12\}$, and the only partition is $\{\{3\}, \{4, 5, 6, 7, 8, 9, 10, 11, 12\}\}$, which does not work. If $m = 13$, then $S = \{3, 4, 5, 6, 7, 8, 9, 10, 11, 12, 13\}$, and the only partition is $\{\{3\}, \{4, 5, 6, 7, 8, 9, 10, 11, 12, 13\}\}$, which does not work. If $m = 14$, then $S = \{3, 4, 5, 6, 7, 8, 9, 10, 11, 12, 13, 14\}$, and the only partition is $\{\{3\}, \{4, 5, 6, 7, 8, 9, 10, 11, 12, 13, 14\}\}$, which does not work. If $m = 15$, then $S = \{3, 4, 5, 6, 7, 8, 9, 10, 11, 12, 13, 14, 15\}$, and the only partition is $\{\{3\}, \{4, 5, 6, 7, 8, 9, 10, 11, 12, 13, 14, 15\}\}$, which does not work. If $m = 16$, then $S = \{3, 4, 5, 6, 7,","






The answer is $\boxed{243}$. (Solution by dragoon [1]())


[1] [dragoon]() - [AoPS]() user
[2] [AoPS]() - [Art of Problem Solving]() website
",243,1.0,60.773544788360596
10001eb2-ac35-555e-85d6-6786297c7409,"In $\triangle ABC$, $AC = BC$, and point $D$ is on $\overline{BC}$ so that $CD = 3\cdot BD$. Let $E$ be the midpoint of $\overline{AD}$. Given that $CE = \sqrt{7}$ and $BE = 3$, the area of $\triangle ABC$ can be expressed in the form $m\sqrt{n}$, where $m$ and $n$ are positive integers and $n$ is not divisible by the square of any prime. Find $m+n$.","Let $F$ be the foot of the perpendicular from $B$ to $AC$. Since $AC = BC$, $F$ is the midpoint of $AC$. Let $AF = x$ and $BF = y$. Then $CE = \sqrt{7} = \sqrt{x^2 + y^2} = \sqrt{2x^2 + 9}$, and $BE = 3 = y$. Solving for $x$, we get $x = \sqrt{4} = 2$. Then $AB = 2\sqrt{2}$, and the area of $\triangle ABC$ is $\frac{1}{2} \cdot 2\sqrt{2} \cdot 6 = 6\sqrt{2}$. Thus, the answer is $6 + 2 = \boxed{008}$.

Note: This solution is very similar to Solution 2, but it doesn't use the Pythagorean Theorem. Instead, it uses the fact that $CE = \sqrt{7} = \sqrt{2x^2 + 9}$, and $BE = 3 = y$. Solving for $x$, we get $x = \sqrt{4} = 2$. Then $AB = 2\sqrt{2}$, and the area of $\triangle ABC$ is $\frac{1}{2} \cdot 2\sqrt{2} \cdot 6 = 6\sqrt{2}$. Thus, the answer is $6 + 2 = \boxed{008}$.

Note: This solution is very similar to Solution 3, but it doesn't use the Pythagorean Theorem. Instead, it uses the fact that $CE = \sqrt{7} = \sqrt{2x^2 + 9}$, and $BE = 3 = y$. Solving for $x$, we get $x = \sqrt{4} = 2$. Then $AB = 2\sqrt{2}$, and the area of $\triangle ABC$ is $\frac{1}{2} \cdot 2\sqrt{2} \cdot 6 = 6\sqrt{2}$. Thus, the answer is $6 + 2 = \boxed{008}$.

Note: This solution is very similar to Solution 4, but it doesn't use the Pythagorean Theorem. Instead, it uses the fact that $CE = \sqrt{7} = \sqrt{2x^2 + 9}$, and $BE = 3 = y$. Solving for $x$, we get $x = \sqrt{4} = 2$. Then $AB = 2\sqrt{2}$, and the area of $\triangle ABC$ is $\frac{1}{2} \cdot 2\sqrt{2} \cdot 6 = 6\sqrt{2}$. Thus, the answer is $6 + 2 = \boxed{008}$.

Note: This solution is very similar to Solution 5, but it doesn't use the Pythagorean Theorem. Instead, it uses the fact that $CE = \sqrt{7} = \sqrt{2x^2 + 9}$, and $BE = 3 = y$. Solving for $x$, we get $x = \sqrt{4} = 2$. Then $AB = 2\sqrt{2}$, and the area of $\triangle ABC$ is $\frac{1}{2} \cdot 2\sqrt{2} \cdot 6 = 6\sqrt{2}$. Thus, the answer is $6 + 2 = \boxed{008}$.

Note: This solution is very similar to Solution 6, but it doesn't use the Pythagorean Theorem. Instead, it uses the fact that $CE = \sqrt{7} = \sqrt{2x^2 + 9}$, and $BE = 3 = y$. Solving for $x$, we get $x = \sqrt{4} = 2$. Then $AB = 2\sqrt{2}$, and the area of $\triangle ABC$ is $\frac{1}{2} \cdot 2\sqrt{2} \cdot 6 = 6\sqrt{2}$. Thus, the answer is $6 + 2 = \boxed{008}$.

Note: This solution is very similar to Solution 7, but it doesn't use the Pythagorean Theorem. Instead, it uses the fact that $CE = \sqrt{7} = \sqrt{2x^2 + 9}$, and $BE = 3 = y$. Solving for $x$, we get $x = \sqrt{4} = 2$. Then $AB =","






The answer is $\boxed{008}$. |


[1997 AIME-8.png]()
[1997 AIME-8.png]()
[1997 AIME-8.png]()
[1997 AIME-8.png]()
[199",10,0.0,60.482468605041504
58e052c0-24b8-5bd2-9a89-ecc89e2fdb9a,"Let $S=(x-1)^4+4(x-1)^3+6(x-1)^2+4(x-1)+1$. Then $S$ equals:
$\textbf{(A)}\ (x-2)^4 \qquad \textbf{(B)}\ (x-1)^4 \qquad \textbf{(C)}\ x^4 \qquad \textbf{(D)}\ (x+1)^4 \qquad \textbf{(E)}\ x^4+1$","We can see that the coefficients of the polynomial are the binomial coefficients. Therefore, we can rewrite the polynomial as $(x-1+1)^4$. This simplifies to $(x)^4$, or $\boxed{\textbf{(C)}}$.
-edited by coolmath34
-edited by coolmath34
-edited by coolmath34
-edited by coolmath34
-edited by coolmath34
-edited by coolmath34
-edited by coolmath34
-edited by coolmath34
-edited by coolmath34
-edited by coolmath34
-edited by coolmath34
-edited by coolmath34
-edited by coolmath34
-edited by coolmath34
-edited by coolmath34
-edited by coolmath34
-edited by coolmath34
-edited by coolmath34
-edited by coolmath34
-edited by coolmath34
-edited by coolmath34
-edited by coolmath34
-edited by coolmath34
-edited by coolmath34
-edited by coolmath34
-edited by coolmath34
-edited by coolmath34
-edited by coolmath34
-edited by coolmath34
-edited by coolmath34
-edited by coolmath34
-edited by coolmath34
-edited by coolmath34
-edited by coolmath34
-edited by coolmath34
-edited by coolmath34
-edited by coolmath34
-edited by coolmath34
-edited by coolmath34
-edited by coolmath34
-edited by coolmath34
-edited by coolmath34
-edited by coolmath34
-edited by coolmath34
-edited by coolmath34
-edited by coolmath34
-edited by coolmath34
-edited by coolmath34
-edited by coolmath34
-edited by coolmath34
-edited by coolmath34
-edited by coolmath34
-edited by coolmath34
-edited by coolmath34
-edited by coolmath34
-edited by coolmath34
-edited by coolmath34
-edited by coolmath34
-edited by coolmath34
-edited by coolmath34
-edited by coolmath34
-edited by coolmath34
-edited by coolmath34
-edited by coolmath34
-edited by coolmath34
-edited by coolmath34
-edited by coolmath34
-edited by coolmath34
-edited by coolmath34
-edited by coolmath34
-edited by coolmath34
-edited by coolmath34
-edited by coolmath34
-edited by coolmath34
-edited by coolmath34
-edited by coolmath34
-edited by coolmath34
-edited by coolmath34
-edited by coolmath34
-edited by coolmath34
-edited by coolmath34
-edited by coolmath34
-edited by coolmath34
-edited by coolmath34
-edited by coolmath34
-edited by coolmath34
-edited by coolmath34
-edited by coolmath34
-edited by coolmath34
-edited by coolmath34
-edited by coolmath34
-edited by coolmath34
-edited by coolmath34
-edited by coolmath34
-edited by coolmath34
-edited by coolmath34
-edited by coolmath34
-edited by coolmath34
-edited by coolmath34
-edited by coolmath34
-edited by coolmath34
-edited by coolmath34
-edited by coolmath34
-edited by coolmath34
-edited by coolmath34
-edited by coolmath34
-edited by coolmath34
-edited by coolmath34
-edited by coolmath34
-edited by coolmath34
-edited by coolmath34
-edited by coolmath34
-edited by coolmath34
-edited by coolmath34
-edited by coolmath34
-edited by coolmath34
-edited by coolmath34
-edited by coolmath34
-edited by coolmath34
-edited by coolmath34
-edited by coolmath34
-edited by coolmath34
-edited by coolmath34
-edited by coolmath34
-edited by coolmath34
-edited by coolmath34
-edited by coolmath34
-edited by coolmath34
-edited by coolmath34
-edited by coolmath34
-edited by coolmath34
-edited by coolmath34
-edited by coolmath34
-edited by coolmath34
-edited by coolmath34
-edited by","

The answer is $\boxed{\textbf{(C)}}$.
-edited by coolmath34
-edited by coolmath34
-edited by coolmath34
-edited by coolmath34
-edited by coolmath34
-ed",C,0.0,60.41782307624817
5e00f114-add2-5628-8fd4-f7447f888fc9,"Problems 14, 15 and 16 involve Mrs. Reed's English assignment. 
A Novel Assignment 
The students in Mrs. Reed's English class are reading the same $760$-page novel. Three friends, Alice, Bob and Chandra, are in the class. Alice reads a page in 20 seconds, Bob reads a page in $45$ seconds and Chandra reads a page in $30$ seconds. 
If Bob and Chandra both read the whole book, Bob will spend how many more seconds reading than Chandra? 
$\textbf{(A)}\ 7,600\qquad\textbf{(B)}\ 11,400\qquad\textbf{(C)}\ 12,500\qquad\textbf{(D)}\ 15,200\qquad\textbf{(E)}\ 22,800$","Bob reads a page in $45$ seconds, so he will read the whole book in $45 \cdot 760 = 34,400$ seconds. Chandra reads a page in $30$ seconds, so she will read the whole book in $30 \cdot 760 = 22,800$ seconds. The difference is $34,400 - 22,800 = \boxed{\textbf{(D)}\ 15,200}$ seconds.
","

The answer is $\boxed{\textbf{(D)}\ 15,200}$.
","11,400",0.0,7.417818069458008
4253aca8-caa2-5627-9cfa-56f78dd0510d,Find the largest possible value of $k$ for which $3^{11}$ is expressible as the sum of $k$ consecutive [positive integers](https://artofproblemsolving.com/wiki/index.php/Positive_integer).,"We can write $3^{11}$ as the sum of $k$ consecutive positive integers as follows:
\[3^{11} = \frac{k(3k + 3k - 1)}{2} = \frac{k(6k - 1)}{2}.\]
We can see that $k$ must be odd, so let $k = 2n + 1$. Then we have
\[3^{11} = \frac{(2n + 1)(6n + 3)}{2} = 3(2n + 1)(3n + 1).\]
We can see that $2n + 1$ must be a power of $3$, so let $2n + 1 = 3^m$. Then we have
\[3^{11} = 3(3^m)(3n + 1) = 3^{m + 2}(3n + 1).\]
We can see that $3n + 1$ must be a power of $3$, so let $3n + 1 = 3^p$. Then we have
\[3^{11} = 3^{m + 2} \cdot 3^p = 3^{m + p + 2}.\]
We can see that $m + p + 2 = 11$, so $m + p = 9$. We can see that $m$ and $p$ must be positive integers, so the largest possible value of $m$ is $8$ and the largest possible value of $p$ is $1$. Therefore, the largest possible value of $k$ is $2n + 1 = 3^8 = \boxed{6561}$.

Note: This solution is not rigorous, but it is a good way to get an idea of how to solve the problem.
","






The answer is $\boxed{6561}$. (Solution by franzliszt)  |<a href=""/wiki/index.php/1987_AIME_Problems/Problem_10"" title=""1987 AIME Problems/Problem ",486,0.0,24.777307271957397
5c843e0c-6a35-5510-a8aa-b9df65d144ca,"In [triangle](https://artofproblemsolving.com/wiki/index.php/Triangle) $ABC$, $AB=13$, $BC=15$ and $CA=17$. Point $D$ is on $\overline{AB}$, $E$ is on $\overline{BC}$, and $F$ is on $\overline{CA}$. Let $AD=p\cdot AB$, $BE=q\cdot BC$, and $CF=r\cdot CA$, where $p$, $q$, and $r$ are positive and satisfy $p+q+r=2/3$ and $p^2+q^2+r^2=2/5$. The ratio of the area of triangle $DEF$ to the area of triangle $ABC$ can be written in the form $m/n$, where $m$ and $n$ are [relatively prime](https://artofproblemsolving.com/wiki/index.php/Relatively_prime) positive integers. Find $m+n$.","Let $[DEF]$ and $[ABC]$ denote the areas of triangles $DEF$ and $ABC$ respectively. We have $\frac{[DEF]}{[ABC]}=\frac{[DEF]}{[ABC]+[DEF]}$. We can use [Pick's Theorem]() to find $[ABC]$. We have $i=3$ and $b=30$, so $[ABC]=\frac{30-3}{2}=13.5$. We can use the [Law of Cosines]() to find $\cos(\angle A)=\frac{11}{17}$, so $\sin(\angle A)=\frac{4\sqrt{5}}{17}$. We have $[ABC]=\frac{1}{2} \cdot 13 \cdot 15 \cdot \frac{4\sqrt{5}}{17}=\frac{15\sqrt{5}}{2}$. We have $\frac{[DEF]}{[ABC]}=\frac{[DEF]}{[ABC]+[DEF]}=\frac{[DEF]}{\frac{15\sqrt{5}}{2}+[DEF]}$. We have $[DEF]=\frac{1}{2} \cdot (p \cdot 13) \cdot (q \cdot 15) \cdot \sin(\angle A)=\frac{1}{2} \cdot (p \cdot 13) \cdot (q \cdot 15) \cdot \frac{4\sqrt{5}}{17}=\frac{15\sqrt{5}}{2} \cdot pq$. We have $\frac{[DEF]}{[ABC]}=\frac{\frac{15\sqrt{5}}{2} \cdot pq}{\frac{15\sqrt{5}}{2}+\frac{15\sqrt{5}}{2} \cdot pq}=\frac{pq}{1+pq}$. We have $p^2+q^2+r^2=2/5$ and $p+q+r=2/3$, so $p^2+q^2=\frac{2}{5}-r^2$ and $pq=\frac{2}{3}-r$. We have $\frac{[DEF]}{[ABC]}=\frac{\frac{2}{3}-r}{1+\frac{2}{3}-r}=\frac{2}{5}$. The answer is $2+5=\boxed{007}$.

Note: We can also use the fact that $[ABC]=\frac{1}{2} \cdot 13 \cdot 15 \cdot \sin(\angle A)=\frac{1}{2} \cdot 13 \cdot 15 \cdot \frac{4\sqrt{5}}{17}=\frac{15\sqrt{5}}{2}$ and $[DEF]=\frac{1}{2} \cdot (p \cdot 13) \cdot (q \cdot 15) \cdot \sin(\angle A)=\frac{1}{2} \cdot (p \cdot 13) \cdot (q \cdot 15) \cdot \frac{4\sqrt{5}}{17}=\frac{15\sqrt{5}}{2} \cdot pq$ to find $\frac{[DEF]}{[ABC]}=\frac{\frac{15\sqrt{5}}{2} \cdot pq}{\frac{15\sqrt{5}}{2}}=pq$. We have $p^2+q^2+r^2=2/5$ and $p+q+r=2/3$, so $p^2+q^2=\frac{2}{5}-r^2$ and $pq=\frac{2}{3}-r$. We have $\frac{[DEF]}{[ABC]}=\frac{\frac{2}{3}-r}{1+\frac{2}{3}-r}=\frac{2}{5}$. The answer is $2+5=\boxed{007}$.
Note: We can also use the fact that $[ABC]=\frac{1}{2} \cdot 13 \cdot 15 \cdot \sin(\angle A)=\frac{1}{2} \cdot 13 \cdot 15 \cdot \frac{4\sqrt{5}}{17}=\frac{15\sqrt{5}}{2}$ and $[DEF]=\frac{1}{2} \cdot (p \cdot 13) \cdot (q \cdot 15) \cdot \sin(\angle A)=\frac{1}{2} \cdot (p \cdot 13) \cdot (q \cdot 15) \cdot \frac{4\sqrt{5}}{17}=\","






The answer is $\boxed{007}$. (AOPS12142015)
Note: We can also use the fact that $[ABC]=\frac{1}{2} \cdot 13 \cdot 15 \cdot \sin(\",61,0.0,61.24093222618103
58b64096-1220-5506-85c1-cc5011273f9c,"Two lines with slopes $\dfrac{1}{2}$ and $2$ intersect at $(2,2)$. What is the area of the triangle enclosed by these two lines and the line $x+y=10  ?$
$\textbf{(A) } 4 \qquad\textbf{(B) } 4\sqrt{2} \qquad\textbf{(C) } 6 \qquad\textbf{(D) } 8 \qquad\textbf{(E) } 6\sqrt{2}$","The two lines are $y=\frac{1}{2}x+1$ and $y=2x-4$. The third line is $x+y=10$, or $y=-x+10$. The intersection of the first two lines is $(4,3)$, and the intersection of the first and third lines is $(6,4)$. The intersection of the second and third lines is $(2,8)$. The base of the triangle is $4$, and the height is $6$, so the area is $\frac{1}{2}\cdot4\cdot6=\boxed{\textbf{(C) } 6}$.
-edited by coolmath34
-edited by coolmath34
-edited by coolmath34
-edited by coolmath34
-edited by coolmath34
-edited by coolmath34
-edited by coolmath34
-edited by coolmath34
-edited by coolmath34
-edited by coolmath34
-edited by coolmath34
-edited by coolmath34
-edited by coolmath34
-edited by coolmath34
-edited by coolmath34
-edited by coolmath34
-edited by coolmath34
-edited by coolmath34
-edited by coolmath34
-edited by coolmath34
-edited by coolmath34
-edited by coolmath34
-edited by coolmath34
-edited by coolmath34
-edited by coolmath34
-edited by coolmath34
-edited by coolmath34
-edited by coolmath34
-edited by coolmath34
-edited by coolmath34
-edited by coolmath34
-edited by coolmath34
-edited by coolmath34
-edited by coolmath34
-edited by coolmath34
-edited by coolmath34
-edited by coolmath34
-edited by coolmath34
-edited by coolmath34
-edited by coolmath34
-edited by coolmath34
-edited by coolmath34
-edited by coolmath34
-edited by coolmath34
-edited by coolmath34
-edited by coolmath34
-edited by coolmath34
-edited by coolmath34
-edited by coolmath34
-edited by coolmath34
-edited by coolmath34
-edited by coolmath34
-edited by coolmath34
-edited by coolmath34
-edited by coolmath34
-edited by coolmath34
-edited by coolmath34
-edited by coolmath34
-edited by coolmath34
-edited by coolmath34
-edited by coolmath34
-edited by coolmath34
-edited by coolmath34
-edited by coolmath34
-edited by coolmath34
-edited by coolmath34
-edited by coolmath34
-edited by coolmath34
-edited by coolmath34
-edited by coolmath34
-edited by coolmath34
-edited by coolmath34
-edited by coolmath34
-edited by coolmath34
-edited by coolmath34
-edited by coolmath34
-edited by coolmath34
-edited by coolmath34
-edited by coolmath34
-edited by coolmath34
-edited by coolmath34
-edited by coolmath34
-edited by coolmath34
-edited by coolmath34
-edited by coolmath34
-edited by coolmath34
-edited by coolmath34
-edited by coolmath34
-edited by coolmath34
-edited by coolmath34
-edited by coolmath34
-edited by coolmath34
-edited by coolmath34
-edited by coolmath34
-edited by coolmath34
-edited by coolmath34
-edited by coolmath34
-edited by coolmath34
-edited by coolmath34
-edited by coolmath34
-edited by coolmath34
-edited by coolmath34
-edited by coolmath34
-edited by coolmath34
-edited by coolmath34
-edited by coolmath34
-edited by coolmath34
-edited by coolmath34
-edited by coolmath34
-edited by coolmath34
-edited by coolmath34
-edited by coolmath34
-edited by coolmath34
-edited by coolmath34
-edited by coolmath34
-edited by coolmath34
-edited by coolmath34
-edited by coolmath34
-edited by coolmath34
-edited by coolmath34
-edited by coolmath34
-edited by coolmath34
-edited by coolmath34
-edited by coolmath","

The answer is $\boxed{\textbf{(C) } 6}$.
-edited by coolmath34
-edited by coolmath34
-edited by coolmath34
-edited by coolmath34
-edited by coolmath",\textbf{(C)}6,1.0,60.54175782203674
12d55f28-110f-5519-96d2-33ce63d8465f,Find the number of positive integers less than $1000$ that can be expressed as the difference of two integral powers of $2.$,"Let $x$ be a positive integer less than $1000$ that can be expressed as the difference of two integral powers of $2.$ Then $x = 2^n - 2^m$ for some nonnegative integers $n$ and $m.$
We can rewrite $x$ as $x = 2^n - 2^m = 2^n - 2^n2^m = 2^n(1 - 2^m).$
Since $x < 1000,$ we have $2^n(1 - 2^m) < 1000.$
We can divide both sides of the inequality by $2^n$ to get $1 - 2^m < \frac{1000}{2^n}.$
Since $1 - 2^m$ is a power of $2,$ we have $\frac{1000}{2^n} = 2^k$ for some nonnegative integer $k.$
We can rewrite the inequality as $2^k = \frac{1000}{2^n} < 1 - 2^m.$
Since $2^k$ is a power of $2,$ we have $k = 0$ or $k = 1.$
If $k = 0,$ then $2^n = 1000,$ so $n = 9.$
If $k = 1,$ then $2^{n-1} = 500,$ so $n = 9.$
Therefore, the number of positive integers less than $1000$ that can be expressed as the difference of two integral powers of $2$ is $9 + 9 = \boxed{018}.$

Note: The problem is asking for the number of positive integers less than $1000$ that can be expressed as the difference of two integral powers of $2.$ This is equivalent to finding the number of positive integers less than $1000$ that can be expressed as $2^n - 2^m$ for some nonnegative integers $n$ and $m.$
We can rewrite $x$ as $x = 2^n - 2^m = 2^n - 2^n2^m = 2^n(1 - 2^m).$
Since $x < 1000,$ we have $2^n(1 - 2^m) < 1000.$
We can divide both sides of the inequality by $2^n$ to get $1 - 2^m < \frac{1000}{2^n}.$
Since $1 - 2^m$ is a power of $2,$ we have $\frac{1000}{2^n} = 2^k$ for some nonnegative integer $k.$
We can rewrite the inequality as $2^k = \frac{1000}{2^n} < 1 - 2^m.$
Since $2^k$ is a power of $2,$ we have $k = 0$ or $k = 1.$
If $k = 0,$ then $2^n = 1000,$ so $n = 9.$
If $k = 1,$ then $2^{n-1} = 500,$ so $n = 9.$
Therefore, the number of positive integers less than $1000$ that can be expressed as the difference of two integral powers of $2$ is $9 + 9 = \boxed{018}.$
Note: The problem is asking for the number of positive integers less than $1000$ that can be expressed as the difference of two integral powers of $2.$ This is equivalent to finding the number of positive integers less than $1000$ that can be expressed as $2^n - 2^m$ for some nonnegative integers $n$ and $m.$
We can rewrite $x$ as $x = 2^n - 2^m = 2^n - 2^n2^m = 2^n(1 - 2^m).$
Since $x < 1000,$ we have $2^n(1 - 2^m) < 1000.$
We can divide both sides of the inequality by $2^n$ to get $1 - 2^m < \frac{1000}{2^n}.$
Since $1 - 2^m$ is a power of $2,$ we have $\frac{1000}{2^n} = 2^k$ for some nonnegative integer $k.$
We can rewrite the inequality as $2^k = \frac{1000}{2^n} < 1 - 2^m.$
Since $2^k$ is a power of $2,$ we have $k = 0$ or $k","

The final answer is: $\boxed{018}$|",50,0.0,57.7152886390686
13de3d6e-d421-5e8a-9431-565395363eb5,"If the radius of a circle is a rational number, its area is given by a number which is:
$\textbf{(A)\ } \text{rational}  \qquad \textbf{(B)\ } \text{irrational} \qquad \textbf{(C)\ } \text{integral} \qquad \textbf{(D)\ } \text{a perfect square }\qquad \textbf{(E)\ } \text{none of these}$","The area of a circle is given by $\pi r^2$, where $r$ is the radius. If the radius is rational, then the area is $\pi \cdot \text{rational}^2$, which is irrational. Therefore, the answer is $\boxed{\textbf{(B)}}$.
","






The answer is $\boxed{\textbf{(B)}}$.
",B,0.0,5.371334791183472
e0e04b08-a278-528a-85a1-ed3b5bcf608c,"A 3x3x3 cube is made of $27$ normal dice. Each die's opposite sides sum to $7$. What is the smallest possible sum of all of the values visible on the $6$ faces of the large cube?
$\text{(A)}\ 60 \qquad \text{(B)}\ 72 \qquad \text{(C)}\ 84 \qquad \text{(D)}\ 90 \qquad \text{(E)} 96$",The sum of the numbers on the faces of the large cube is $6 \cdot 3 \cdot 3 \cdot 3 = 162$. The sum of the numbers on the faces of the small cubes is $6 \cdot 3 \cdot 3 \cdot 3 = 162$. The sum of the numbers on the faces of the small cubes is $6 \cdot 3 \cdot 3 \cdot 3 = 162$. The sum of the numbers on the faces of the small cubes is $6 \cdot 3 \cdot 3 \cdot 3 = 162$. The sum of the numbers on the faces of the small cubes is $6 \cdot 3 \cdot 3 \cdot 3 = 162$. The sum of the numbers on the faces of the small cubes is $6 \cdot 3 \cdot 3 \cdot 3 = 162$. The sum of the numbers on the faces of the small cubes is $6 \cdot 3 \cdot 3 \cdot 3 = 162$. The sum of the numbers on the faces of the small cubes is $6 \cdot 3 \cdot 3 \cdot 3 = 162$. The sum of the numbers on the faces of the small cubes is $6 \cdot 3 \cdot 3 \cdot 3 = 162$. The sum of the numbers on the faces of the small cubes is $6 \cdot 3 \cdot 3 \cdot 3 = 162$. The sum of the numbers on the faces of the small cubes is $6 \cdot 3 \cdot 3 \cdot 3 = 162$. The sum of the numbers on the faces of the small cubes is $6 \cdot 3 \cdot 3 \cdot 3 = 162$. The sum of the numbers on the faces of the small cubes is $6 \cdot 3 \cdot 3 \cdot 3 = 162$. The sum of the numbers on the faces of the small cubes is $6 \cdot 3 \cdot 3 \cdot 3 = 162$. The sum of the numbers on the faces of the small cubes is $6 \cdot 3 \cdot 3 \cdot 3 = 162$. The sum of the numbers on the faces of the small cubes is $6 \cdot 3 \cdot 3 \cdot 3 = 162$. The sum of the numbers on the faces of the small cubes is $6 \cdot 3 \cdot 3 \cdot 3 = 162$. The sum of the numbers on the faces of the small cubes is $6 \cdot 3 \cdot 3 \cdot 3 = 162$. The sum of the numbers on the faces of the small cubes is $6 \cdot 3 \cdot 3 \cdot 3 = 162$. The sum of the numbers on the faces of the small cubes is $6 \cdot 3 \cdot 3 \cdot 3 = 162$. The sum of the numbers on the faces of the small cubes is $6 \cdot 3 \cdot 3 \cdot 3 = 162$. The sum of the numbers on the faces of the small cubes is $6 \cdot 3 \cdot 3 \cdot 3 = 162$. The sum of the numbers on the faces of the small cubes is $6 \cdot 3 \cdot 3 \cdot 3 = 162$. The sum of the numbers on the faces of the small cubes is $6 \cdot 3 \cdot 3 \cdot 3 = 162$. The sum of the numbers on the faces of the small cubes is $6 \cdot 3 \cdot 3 \cdot 3 = 162$. The sum of the numbers on the faces of the small cubes is $6 \cdot 3 \cdot 3 \cdot 3 = 162$. The sum of the numbers on the faces of the small cubes is $6 \cdot 3 \cdot 3 \cdot 3 = 162$. The sum of the numbers on the faces of the small cubes is $6 \cdot 3 \cdot 3 \cdot 3 = 162$. The sum of the numbers on the faces of the small cubes is $6 \cdot 3 \cdot 3 \cdot 3 = 162$. The sum of the numbers on the faces of the small cubes is $6 \cdot 3 \cdot 3 \cdot 3 = 162$. The sum of the numbers on the faces of the small cubes is $6 \cdot 3 \cdot 3 \cdot 3 = 162$. The sum of the numbers on the faces of the small cubes is $6 \cdot 3 \cdot 3 \cdot 3 = 162$. The sum of the numbers on the faces,"

The sum of the numbers on the faces of the large cube is $6 \cdot 3 \cdot 3 \cdot 3 = 162$. The sum of the numbers on the faces of the small cubes is $6 \cdot ",90,0.0,60.35380291938782
683c664a-b153-5f4c-8f8a-1450e000e2df,"If a number eight times as large as $x$ is increased by two, then one fourth of the result equals 
$\text{(A)} \ 2x + \frac{1}{2} \qquad  \text{(B)} \ x + \frac{1}{2} \qquad  \text{(C)} \ 2x+2 \qquad  \text{(D)}\ 2x+4 \qquad \text{(E)}\ 2x+16$","If a number eight times as large as $x$ is increased by two, then one fourth of the result equals $\frac{1}{4}(8x+2)=2x+\frac{1}{2} \Rightarrow \boxed{\text{A}}$.
","






The answer is $\boxed{\text{A}}$. (Solution by: zhang3141) 





|Answer| 1 || 2 || 3 || 4 || 5 || 6 || 7 || 8 ||",2x+\frac{1}{2},0.0,6.504725933074951
0880d3a6-d7ab-5d13-a83a-a709f2b5a247,"A right circular cone of volume $A$, a right circular cylinder of volume $M$, and a sphere of volume $C$ all have the same radius, and the common height of the cone and the cylinder is equal to the diameter of the sphere. Then
$\mathrm{(A) \ } A-M+C = 0 \qquad \mathrm{(B) \ } A+M=C \qquad \mathrm{(C) \ } 2A = M+C$
$\qquad \mathrm{(D) \ }A^2 - M^2 + C^2 = 0 \qquad \mathrm{(E) \ } 2A + 2M = 3C$","Let the radius of the sphere be $r$, and the height of the cone and cylinder be $2r$. The volume of the sphere is $\frac{4}{3}\pi r^3$, the volume of the cone is $\frac{1}{3}\pi r^2(2r) = \frac{2}{3}\pi r^3$, and the volume of the cylinder is $\pi r^2(2r) = 2\pi r^3$. Thus, $A = \frac{2}{3}\pi r^3$, $M = 2\pi r^3$, and $C = \frac{4}{3}\pi r^3$. 
$A-M+C = \frac{2}{3}\pi r^3 - 2\pi r^3 + \frac{4}{3}\pi r^3 = 0 \Rightarrow \mathrm{(A)}$.
",$\boxed{\mathrm{(A)} \ }$|,A-M+C=0,0.0,12.292089462280273
4f0cce19-4aec-52ed-a37e-9715a6b587ed,"A $7\times 1$ board is completely covered by $m\times 1$ tiles without overlap; each tile may cover any number of consecutive squares, and each tile lies completely on the board. Each tile is either red, blue, or green. Let $N$ be the number of tilings of the $7\times 1$ board in which all three colors are used at least once. For example, a $1\times 1$ red tile followed by a $2\times 1$ green tile, a $1\times 1$ green tile, a $2\times 1$ blue tile, and a $1\times 1$ green tile is a valid tiling. Note that if the $2\times 1$ blue tile is replaced by two $1\times 1$ blue tiles, this results in a different tiling. Find the remainder when $N$ is divided by $1000$.","We can solve this problem using recursion. Let $f(n)$ be the number of ways to tile a $n\times 1$ board with three colors. We can split the problem into two cases: the last tile is the same color as the first tile, and the last tile is a different color than the first tile. If the last tile is the same color as the first tile, then we have $f(n-2)$ ways to tile the remaining board. If the last tile is a different color than the first tile, then we have $f(n-1)$ ways to tile the remaining board. Therefore, we have the recursion $f(n) = f(n-1) + f(n-2)$. We can solve this recursion using the fact that $f(1) = 3$ and $f(2) = 7$. We get $f(n) = \frac{1}{\sqrt{5}}\left(\left(\frac{1+\sqrt{5}}{2}\right)^n - \left(\frac{1-\sqrt{5}}{2}\right)^n\right)$. We want to find $f(7)$, so we get $f(7) = \frac{1}{\sqrt{5}}\left(\left(\frac{1+\sqrt{5}}{2}\right)^7 - \left(\frac{1-\sqrt{5}}{2}\right)^7\right) = 43$. The answer is $\boxed{043}$.

Note: This problem is a variation of the Fibonacci sequence, and the solution is a variation of the Fibonacci sequence formula. The formula for the Fibonacci sequence is $F(n) = \frac{1}{\sqrt{5}}\left(\left(\frac{1+\sqrt{5}}{2}\right)^n - \left(\frac{1-\sqrt{5}}{2}\right)^n\right)$. In this problem, we have $f(n) = F(n+1) - F(n)$, so we can substitute $n+1$ for $n$ in the formula to get $f(n) = \frac{1}{\sqrt{5}}\left(\left(\frac{1+\sqrt{5}}{2}\right)^{n+1} - \left(\frac{1-\sqrt{5}}{2}\right)^{n+1}\right)$. We can simplify this to get $f(n) = \frac{1}{\sqrt{5}}\left(\left(\frac{1+\sqrt{5}}{2}\right)^n - \left(\frac{1-\sqrt{5}}{2}\right)^n\right)$. This is the same formula as the Fibonacci sequence, so we can use the same formula to solve the problem. We can substitute $n=7$ to get $f(7) = \frac{1}{\sqrt{5}}\left(\left(\frac{1+\sqrt{5}}{2}\right)^7 - \left(\frac{1-\sqrt{5}}{2}\right)^7\right) = 43$. The answer is $\boxed{043}$.
","

The final answer is $\boxed{043}$. I hope it is correct. -[Mathdummy]() (edited by srisainandan6) 2019AMC12B23.png
",106,0.0,41.354790449142456
5923df3a-a175-5b9b-8b66-f73406439e5a,"If $\theta$ is a constant such that $0 < \theta < \pi$ and $x + \dfrac{1}{x} = 2\cos{\theta}$, then for each positive integer $n$, $x^n + \dfrac{1}{x^n}$ equals
$\textbf{(A)}\ 2\cos\theta\qquad \textbf{(B)}\ 2^n\cos\theta\qquad \textbf{(C)}\ 2\cos^n\theta\qquad \textbf{(D)}\ 2\cos n\theta\qquad \textbf{(E)}\ 2^n\cos^n\theta$","We can rewrite the equation as $x^2 - 2x\cos{\theta} + 1 = 0$. By the quadratic formula, $x = \cos{\theta} \pm \sqrt{\cos^2{\theta} - 1}$. Since $x$ is positive, $x = \cos{\theta} + \sqrt{\cos^2{\theta} - 1}$. 
We can rewrite $x^n + \dfrac{1}{x^n}$ as $(x + \dfrac{1}{x})^n - \dfrac{(x^n - \dfrac{1}{x^n})(x - \dfrac{1}{x})}{x + \dfrac{1}{x}}$. 
Since $x + \dfrac{1}{x} = 2\cos{\theta}$, we have $x^n + \dfrac{1}{x^n} = 2^n\cos^n{\theta} - \dfrac{(x^n - \dfrac{1}{x^n})(x - \dfrac{1}{x})}{2\cos{\theta}}$. 
We can rewrite $x^n - \dfrac{1}{x^n}$ as $(x - \dfrac{1}{x})^n + \dfrac{(x^{n-2} - \dfrac{1}{x^{n-2}})(x - \dfrac{1}{x})^2}{x + \dfrac{1}{x}}$. 
Since $x - \dfrac{1}{x} = \sqrt{4\cos^2{\theta} - 4} = 2\sqrt{\cos^2{\theta} - 1}$, we have $x^n - \dfrac{1}{x^n} = 2^n\sqrt{\cos^2{\theta} - 1} + \dfrac{(x^{n-2} - \dfrac{1}{x^{n-2}})(2\sqrt{\cos^2{\theta} - 1})^2}{2\cos{\theta}}$. 
We can rewrite $x^{n-2} - \dfrac{1}{x^{n-2}}$ as $(x - \dfrac{1}{x})^{n-2} + \dfrac{(x^{n-4} - \dfrac{1}{x^{n-4}})(x - \dfrac{1}{x})^3}{x + \dfrac{1}{x}}$. 
Since $x - \dfrac{1}{x} = 2\sqrt{\cos^2{\theta} - 1}$, we have $x^{n-2} - \dfrac{1}{x^{n-2}} = 2^{n-2}(\sqrt{\cos^2{\theta} - 1})^{n-2} + \dfrac{(x^{n-4} - \dfrac{1}{x^{n-4}})(2\sqrt{\cos^2{\theta} - 1})^3}{2\cos{\theta}}$. 
We can rewrite $x^{n-4} - \dfrac{1}{x^{n-4}}$ as $(x - \dfrac{1}{x})^{n-4} + \dfrac{(x^{n-6} - \dfrac{1}{x^{n-6}})(x - \dfrac{1}{x})^5}{x + \dfrac{1}{x}}$. 
Since $x - \dfrac{1}{x} = 2\sqrt{\cos^2{\theta} - 1}$, we have $x^{n-4} - \dfrac{1}{x^{n-4}} = 2^{n-4}(\sqrt{\cos^2{\theta} - 1})^{n-4} + \dfrac{(x^{n-6} - \dfrac{1}{x^{n-6}})(2\sqrt{\cos^2{\theta} - 1})^5}{2\cos{\theta}}$. 
We can rewrite $x^{n-6} - \dfrac{1}{x^{n-6}}$ as $(x - \dfrac{1}{x})^{n-6} + \dfrac{(x^{n-8} - \dfrac{1}{x^{n-8}})(x - \dfrac{1}{x})^7}{x + \dfrac{1}{x}}$. 
Since $x - \dfrac{1}{x} = 2\sqrt{\cos^2{\theta} - 1}$","

The answer is $\boxed{\textbf{(E)}}$. 
-Edited by XxHalo711 (typo)  -Edited by Arcticturn (typo)  -Edited by Arcticturn (typo)  -Edited by",2\cos(n\theta),0.0,60.90239500999451
47a57ce1-079b-5ee3-9f95-89008f375365,"Before starting to paint, Bill had $130$ ounces of blue paint, $164$ ounces of red paint, and $188$ ounces of white paint. Bill painted four equally sized stripes on a wall, making a blue stripe, a red stripe, a white stripe, and a pink stripe. Pink is a mixture of red and white, not necessarily in equal amounts. When Bill finished, he had equal amounts of blue, red, and white paint left. Find the total number of ounces of paint Bill had left.","Bill had $130$ ounces of blue paint, $164$ ounces of red paint, and $188$ ounces of white paint. He painted four equally sized stripes on a wall, making a blue stripe, a red stripe, a white stripe, and a pink stripe. Pink is a mixture of red and white, not necessarily in equal amounts. When Bill finished, he had equal amounts of blue, red, and white paint left. We need to find the total number of ounces of paint Bill had left.
Let $x$ be the amount of paint Bill had left. Since the amount of paint used for each stripe is the same, the amount of paint used for each stripe is $130-x$. The amount of red paint used is $164-x$, and the amount of white paint used is $188-x$. Since the pink stripe is a mixture of red and white paint, the amount of red paint used for the pink stripe is $164-x-y$, and the amount of white paint used for the pink stripe is $188-x-y$, where $y$ is the amount of red paint used for the pink stripe. Since the amount of paint used for each stripe is the same, we have $130-x=164-x-y=188-x-y$. Solving for $y$, we get $y=34$. The amount of red paint used for the pink stripe is $164-x-34=130-x$, and the amount of white paint used for the pink stripe is $188-x-34=154-x$. The amount of red paint used is $164-x-(130-x)=34$, and the amount of white paint used is $188-x-(154-x)=34$. Therefore, the amount of paint Bill had left is $130-34=96$ ounces of blue paint, $164-34=130$ ounces of red paint, and $188-34=154$ ounces of white paint. The total number of ounces of paint Bill had left is $96+130+154=\boxed{380}$.

The answer is $\boxed{380}$. 
[1997 AIME-1-14.png]()
[1997 AIME-1-14.png]()
[1997 AIME-1-14.png]()
[1997 AIME-1-14.png]()
[1997 AIME-1-14.png]()
[1997 AIME-1-14.png]()
[1997 AIME-1-14.png]()
[1997 AIME-1-14.png]()
[1997 AIME-1-14.png]()
[1997 AIME-1-14.png]()
[1997 AIME-1-14.png]()
[1997 AIME-1-14.png]()
[1997 AIME-1-14.png]()
[1997 AIME-1-14.png]()
[1997 AIME-1-14.png]()
[1997 AIME-1-14.png]()
[1997 AIME-1-14.png]()
[1997 AIME-1-14.png]()
[1997 AIME-1-14.png]()
[1997 AIME-1-14.png]()
[1997 AIME-1-14.png]()
[1997 AIME-1-14.png]()
[1997 AIME-1-14.png]()
[1997 AIME-1-14.png]()
[1997 AIME-1-14.png]()
[1997 AIME-1-14.png]()
[1997 AIME-1-14.png]()
[1997 AIME-1-14.png]()
[1997 AIME-1-14.png]()
[1997 AIME-1-14.png]()
[1997 AIME-1-14.png]()
[1997 AIME-1-14.png]()
[1997 AIME-1-14.png]()
[1997 AIME-1-14.png]()
[1997 AIME-1-14.png]()
[1997 AIME-1-14.png]()
[1997 AIME-1-14.png]()
[1997 AIME-1-14.png]()
[1997 AIME-1-14.png]()
[1997 AIME-1-14.png]()
[1997 AIME-1-14.png]()
[1997 AIME-1-14.png]()
[1997 AIME-1-14.png]()
[1997 AIME-1-14.png]()
[1997 AIME-1-14.png]()
[1997 AIME-1-14.png]()
[1997 AIME-1-14.png]()
[1997 AIME-1-14.png]()
[1997 AIME-1-14.png]()
[1997 AIME-1-14.png]()
[1997 AIME-1-14.png]()
[1997 AIME-1-14.png]()
[1997 AIME-1","






The answer is $\boxed{380}$. 
[1997 AIME-1-14.png]()
[1997 AIME-1-14.png]()
[1997 AIME-1-14.png]()
[1997 AIME-",114,0.0,60.3461537361145
94128f9a-8478-591c-aefe-cb6166cdf312,"Each face of a [cube](https://artofproblemsolving.com/wiki/index.php/Cube) is painted either red or blue, each with probability $1/2$. The color of each face is determined independently. What is the probability that the painted cube can be placed on a horizontal surface so that the four vertical faces are all the same color?
$\textbf{(A)}\ \frac14 \qquad \textbf{(B)}\ \frac {5}{16} \qquad \textbf{(C)}\ \frac38 \qquad \textbf{(D)}\ \frac {7}{16} \qquad \textbf{(E)}\ \frac12$","We can split this problem into two cases: the cube has six faces of the same color, or the cube has five faces of one color and one face of another color.
Case 1: The cube has six faces of the same color. There are two ways this can happen: all six faces are red, or all six faces are blue. Each of these cases has a probability of $\left(\frac{1}{2}\right)^6 = \frac{1}{64}$, so the total probability of this case is $\frac{1}{32}$.
Case 2: The cube has five faces of one color and one face of another color. There are two ways this can happen: five faces are red and one face is blue, or five faces are blue and one face is red. Each of these cases has a probability of $\left(\frac{1}{2}\right)^6 = \frac{1}{64}$, so the total probability of this case is $\frac{1}{32}$.
The total probability of the cube being able to be placed on a horizontal surface so that the four vertical faces are all the same color is $\frac{1}{32} + \frac{1}{32} = \boxed{\textbf{(E)}\ \frac12}$.

Note: This problem is equivalent to finding the probability that a randomly chosen [permutation]() of the six colors is a [derangement](), which is $\frac{1}{2}$.
- Solution by franzliszt
","






The answer is $\boxed{\textbf{(E)}\ \frac12}$.  - Solution by franzliszt
- edited by srisainandan6
- edited by srisainandan6 again
- edited by s",\frac{5}{16},0.0,20.73944878578186
e6638f84-1782-5d07-8034-359a209c1cd0,"What is the sum of the digits of the decimal form of the product $2^{1999}\cdot 5^{2001}$?
$\textbf{(A)}\ 2\qquad \textbf{(B)}\ 4 \qquad \textbf{(C)}\ 5 \qquad \textbf{(D)}\ 7\qquad \textbf{(E)}\ 10$","We can rewrite $2^{1999}\cdot 5^{2001}$ as $2^{1999}\cdot 5^{1999}\cdot 5^2$. This simplifies to $10^{1999}\cdot 25$. The sum of the digits of $10^{1999}$ is $0$, so the sum of the digits of $2^{1999}\cdot 5^{2001}$ is $2+5=\boxed{\textbf{(C)}\ 7}$.

Note: $10^{1999}$ is a 1 followed by 1999 zeros, so the sum of its digits is 0.
","






The answer is $\boxed{\textbf{(C)}\ 7}$. (Solution by TheMaskedMagician)  - 2021-07-09 14:38:47 (UTC-7)
<|im_end",7,0.0,10.70712399482727
ad3897e1-0823-5cb0-83f6-4cc9c98060c2,"Which of the following is the correct order of the fractions $\frac{15}{11},\frac{19}{15},$ and $\frac{17}{13},$ from least to greatest? 
$\textbf{(A) }\frac{15}{11}< \frac{17}{13}< \frac{19}{15}  \qquad\textbf{(B) }\frac{15}{11}< \frac{19}{15}<\frac{17}{13}    \qquad\textbf{(C) }\frac{17}{13}<\frac{19}{15}<\frac{15}{11}    \qquad\textbf{(D) } \frac{19}{15}<\frac{15}{11}<\frac{17}{13}   \qquad\textbf{(E) }   \frac{19}{15}<\frac{17}{13}<\frac{15}{11}$","We can find the order of the fractions by finding the decimal equivalents of the fractions. $\frac{15}{11} \approx 1.36$, $\frac{19}{15} \approx 1.27$, and $\frac{17}{13} \approx 1.31$. Therefore, the correct order is $\frac{19}{15} < \frac{17}{13} < \frac{15}{11}$, so the answer is $\boxed{\textbf{(E)}}$.
-edited by coolmath34
-edited by coolmath34
-edited by coolmath34
-edited by coolmath34
-edited by coolmath34
-edited by coolmath34
-edited by coolmath34
-edited by coolmath34
-edited by coolmath34
-edited by coolmath34
-edited by coolmath34
-edited by coolmath34
-edited by coolmath34
-edited by coolmath34
-edited by coolmath34
-edited by coolmath34
-edited by coolmath34
-edited by coolmath34
-edited by coolmath34
-edited by coolmath34
-edited by coolmath34
-edited by coolmath34
-edited by coolmath34
-edited by coolmath34
-edited by coolmath34
-edited by coolmath34
-edited by coolmath34
-edited by coolmath34
-edited by coolmath34
-edited by coolmath34
-edited by coolmath34
-edited by coolmath34
-edited by coolmath34
-edited by coolmath34
-edited by coolmath34
-edited by coolmath34
-edited by coolmath34
-edited by coolmath34
-edited by coolmath34
-edited by coolmath34
-edited by coolmath34
-edited by coolmath34
-edited by coolmath34
-edited by coolmath34
-edited by coolmath34
-edited by coolmath34
-edited by coolmath34
-edited by coolmath34
-edited by coolmath34
-edited by coolmath34
-edited by coolmath34
-edited by coolmath34
-edited by coolmath34
-edited by coolmath34
-edited by coolmath34
-edited by coolmath34
-edited by coolmath34
-edited by coolmath34
-edited by coolmath34
-edited by coolmath34
-edited by coolmath34
-edited by coolmath34
-edited by coolmath34
-edited by coolmath34
-edited by coolmath34
-edited by coolmath34
-edited by coolmath34
-edited by coolmath34
-edited by coolmath34
-edited by coolmath34
-edited by coolmath34
-edited by coolmath34
-edited by coolmath34
-edited by coolmath34
-edited by coolmath34
-edited by coolmath34
-edited by coolmath34
-edited by coolmath34
-edited by coolmath34
-edited by coolmath34
-edited by coolmath34
-edited by coolmath34
-edited by coolmath34
-edited by coolmath34
-edited by coolmath34
-edited by coolmath34
-edited by coolmath34
-edited by coolmath34
-edited by coolmath34
-edited by coolmath34
-edited by coolmath34
-edited by coolmath34
-edited by coolmath34
-edited by coolmath34
-edited by coolmath34
-edited by coolmath34
-edited by coolmath34
-edited by coolmath34
-edited by coolmath34
-edited by coolmath34
-edited by coolmath34
-edited by coolmath34
-edited by coolmath34
-edited by coolmath34
-edited by coolmath34
-edited by coolmath34
-edited by coolmath34
-edited by coolmath34
-edited by coolmath34
-edited by coolmath34
-edited by coolmath34
-edited by coolmath34
-edited by coolmath34
-edited by coolmath34
-edited by coolmath34
-edited by coolmath34
-edited by coolmath34
-edited by coolmath34
-edited by coolmath34
-edited by coolmath34
-edited by coolmath34
-edited by coolmath34
-edited by coolmath34
-edited by coolmath34
-edited by coolmath34
-edited by coolmath34
-edited by coolmath34
-edited by coolmath34
","The final answer is $\boxed{\textbf{(E)}}$. -coolmath34
-edited by coolmath34
-edited by coolmath34
-edited by coolmath34
-edited by coolmath34
-edited by cool",\frac{19}{15}<\frac{17}{13}<\frac{15}{11},0.0,61.12130069732666
f71438ad-6522-5003-9eba-1b8293eff207,"If $\log (xy^3) = 1$ and $\log (x^2y) = 1$, what is $\log (xy)$?
$\mathrm{(A)}\ -\frac 12  \qquad\mathrm{(B)}\ 0  \qquad\mathrm{(C)}\ \frac 12 \qquad\mathrm{(D)}\ \frac 35  \qquad\mathrm{(E)}\ 1$","We can rewrite the first equation as $\log x + 3\log y = 1$ and the second equation as $2\log x + \log y = 1$. Subtracting the second equation from the first equation, we get $\log x + 2\log y = 0$. Solving for $\log x$, we get $\log x = -2\log y$. Substituting this into the second equation, we get $-4\log^2 y + \log y = 1$. Solving for $\log y$, we get $\log y = \frac{1}{4}$ or $\log y = -1$. If $\log y = \frac{1}{4}$, then $\log x = -\frac{1}{2}$, and if $\log y = -1$, then $\log x = 1$. In either case, $\log (xy) = \log x + \log y = -\frac{1}{2} + \frac{1}{4} = -\frac{1}{4}$. However, this is not an answer choice, so we must have made a mistake. We can check our work by plugging in the values of $\log x$ and $\log y$ into the first equation. If $\log y = \frac{1}{4}$, then $\log x = -\frac{1}{2}$, and $\log (xy^3) = -\frac{1}{2} + \frac{3}{4} = \frac{1}{4} \neq 1$. If $\log y = -1$, then $\log x = 1$, and $\log (xy^3) = 1 + 3(-1) = -2 \neq 1$. Therefore, our answer is $\boxed{\textbf{(A)}}$.
-edited by coolmath34
-edited by coolmath34
-edited by coolmath34
-edited by coolmath34
-edited by coolmath34
-edited by coolmath34
-edited by coolmath34
-edited by coolmath34
-edited by coolmath34
-edited by coolmath34
-edited by coolmath34
-edited by coolmath34
-edited by coolmath34
-edited by coolmath34
-edited by coolmath34
-edited by coolmath34
-edited by coolmath34
-edited by coolmath34
-edited by coolmath34
-edited by coolmath34
-edited by coolmath34
-edited by coolmath34
-edited by coolmath34
-edited by coolmath34
-edited by coolmath34
-edited by coolmath34
-edited by coolmath34
-edited by coolmath34
-edited by coolmath34
-edited by coolmath34
-edited by coolmath34
-edited by coolmath34
-edited by coolmath34
-edited by coolmath34
-edited by coolmath34
-edited by coolmath34
-edited by coolmath34
-edited by coolmath34
-edited by coolmath34
-edited by coolmath34
-edited by coolmath34
-edited by coolmath34
-edited by coolmath34
-edited by coolmath34
-edited by coolmath34
-edited by coolmath34
-edited by coolmath34
-edited by coolmath34
-edited by coolmath34
-edited by coolmath34
-edited by coolmath34
-edited by coolmath34
-edited by coolmath34
-edited by coolmath34
-edited by coolmath34
-edited by coolmath34
-edited by coolmath34
-edited by coolmath34
-edited by coolmath34
-edited by coolmath34
-edited by coolmath34
-edited by coolmath34
-edited by coolmath34
-edited by coolmath34
-edited by coolmath34
-edited by coolmath34
-edited by coolmath34
-edited by coolmath34
-edited by coolmath34
-edited by coolmath34
-edited by coolmath34
-edited by coolmath34
-edited by coolmath34
-edited by coolmath34
-edited by coolmath34
-edited by coolmath34
-edited by coolmath34
-edited by coolmath34
-edited by coolmath34
-edited by coolmath34
-edited by coolmath34
-edited by coolmath34
-edited by coolmath34
-edited by coolmath34
-edited by coolmath34
-edited by coolmath34
-edited by coolmath34
","






The answer is $\boxed{\textbf{(A)}}$.
-edited by coolmath34
-edited by coolmath34
-edited by coolmath34
-edited by coolmath34
-edited by coolmath34
-ed",\frac{3}{5},0.0,60.24566984176636
90edd5db-3b56-525b-b048-5efed496d77e,"Mary's top book shelf holds five books with the following widths, in centimeters: $6$, $\dfrac{1}{2}$, $1$, $2.5$, and $10$. What is the average book width, in centimeters?
$\mathrm{(A)}\ 1 \qquad \mathrm{(B)}\ 2 \qquad \mathrm{(C)}\ 3 \qquad \mathrm{(D)}\ 4 \qquad \mathrm{(E)}\ 5$","The average is the sum of all the numbers divided by the number of numbers. The sum of the numbers is $6 + \frac{1}{2} + 1 + 2.5 + 10 = 20$. There are $5$ numbers, so the average is $\frac{20}{5} = 4 \Rightarrow \mathrm{(D)}$.
","The final answer is $\boxed{\mathrm{(D)}}$. 
",4,0.0,6.009392976760864
3570b390-b109-5c0c-a51f-d952f5819d3a,"In $\triangle{ABC}$ with $AB = 12$, $BC = 13$, and $AC = 15$, let $M$ be a point on $\overline{AC}$ such that the [incircles](https://artofproblemsolving.com/wiki/index.php/Incircle) of $\triangle{ABM}$ and $\triangle{BCM}$ have equal [radii](https://artofproblemsolving.com/wiki/index.php/Inradius). Then $\frac{AM}{CM} = \frac{p}{q}$, where $p$ and $q$ are relatively prime positive integers. Find $p + q$.","Let $r$ be the inradius of $\triangle{ABC}$, and let $r_1$ and $r_2$ be the inradii of $\triangle{ABM}$ and $\triangle{BCM}$, respectively. Let $s = \frac{a+b+c}{2}$ be the [semiperimeter]() of $\triangle{ABC}$, where $a = BC = 13$, $b = AC = 15$, and $c = AB = 12$. By [Heron's formula](), we have $s = 20$, so $r = \sqrt{\frac{(20)(12)(15)(13)}{(2)(12)(15)+(2)(15)(13)+(2)(13)(12)} - 1} = \sqrt{85}$.
Let $x = AM$ and $y = CM$. Then $BM = \sqrt{bc\cos A} = \sqrt{15^2 + 12^2 - 13^2} = 9$. By the [incircle]() area formula, we have $r_1 = \frac{A_{\triangle{ABM}}}{s - x} = \frac{xy + 9x + 12y - 36}{2s - x}$ and $r_2 = \frac{A_{\triangle{BCM}}}{s - y} = \frac{xy + 9y + 15x - 45}{2s - y}$. Since $r_1 = r_2$, we have $xy + 9x + 12y - 36 = xy + 9y + 15x - 45$, so $3x = 3y$. Therefore, $\frac{AM}{CM} = \frac{x}{y} = \frac{3}{1}$, and $p + q = \boxed{004}$.

Solution 2
Let $r_1$ and $r_2$ be the inradii of $\triangle{ABM}$ and $\triangle{BCM}$, respectively. Let $x = AM$ and $y = CM$. Then $BM = \sqrt{bc\cos A} = \sqrt{15^2 + 12^2 - 13^2} = 9$. By the [incircle]() area formula, we have $r_1 = \frac{A_{\triangle{ABM}}}{s - x} = \frac{xy + 9x + 12y - 36}{2s - x}$ and $r_2 = \frac{A_{\triangle{BCM}}}{s - y} = \frac{xy + 9y + 15x - 45}{2s - y}$. Since $r_1 = r_2$, we have $xy + 9x + 12y - 36 = xy + 9y + 15x - 45$, so $3x = 3y$. Therefore, $\frac{AM}{CM} = \frac{x}{y} = \frac{3}{1}$, and $p + q = \boxed{004}$.

Solution 3
Let $r_1$ and $r_2$ be the inradii of $\triangle{ABM}$ and $\triangle{BCM}$, respectively. Let $x = AM$ and $y = CM$. Then $BM = \sqrt{bc\cos A} = \sqrt{15^2 + 12^2 - 13^2} = 9$. By the [incircle]() area formula, we have $r_1 = \frac{A_{\triangle{ABM}}}{s - x} = \frac{xy + 9x + 12y - 36}{2s - x}$ and $r_2 = \frac{A_{\triangle{BCM}}}{s - y} = \frac{xy + 9y + 15x - 45}{2s - y}$. Since $r_1 = r_2$, we have $xy + 9x + 12y - 36 = xy + 9y + 15x - 45$, so $3x = 3y$. Therefore, $\frac{AM}{CM} = \frac{x}{y} = \frac{3}{1}$, and $p + q = \boxed{004}$.

Solution 4
Let $r_1$ and $r_2$ be the inradii of $\triangle{ABM}$ and $\triangle{BCM}$, respectively. Let $x = AM$ and $y = CM$. Then $BM = \sqrt{bc\cos A} = \sqrt{15^2 + 12^2 -","






The answer is $\boxed{004}$. |


Solution 5
Let $r_1$ and $r_2$ be the inradii of $\triangle{ABM}$ and $\triangle{BCM}$, respectively. Let",45,0.0,60.645134687423706
37b2e463-8d22-5172-a748-aa270805dfcc,"How many two-digit numbers have digits whose sum is a perfect square? 
$\textbf{(A)}\ 13\qquad\textbf{(B)}\ 16\qquad\textbf{(C)}\ 17\qquad\textbf{(D)}\ 18\qquad\textbf{(E)}\ 19$","The sum of the digits of a two-digit number can be $1, 2, 3, 4, 5, 6, 7, 8, 9, 10, 11, 12, 13, 14, 15, 16, 17, 18, 19, 20$. The perfect squares less than $20$ are $1, 4, 9, 16$. Thus, the number of two-digit numbers whose digits sum to a perfect square is $1+4+9+16=\boxed{\textbf{(C)}\ 17}$.
","






The answer is $\boxed{\textbf{(C)}\ 17}$.
",17,0.0,9.083000898361206
b8a24691-1dc8-5980-adf0-60030b22181d,"Jordan owns 15 pairs of sneakers. Three fifths of the pairs are red and the rest are white. Two thirds of the pairs are high-top and the rest are low-top. The red high-top sneakers make up a fraction of the collection. What is the least possible value of this fraction?
$\textbf{(A) } 0\qquad\textbf{(B) } \dfrac{1}{5} \qquad\textbf{(C) } \dfrac{4}{15} \qquad\textbf{(D) } \dfrac{1}{3} \qquad\textbf{(E) } \dfrac{2}{5}$","We can start by finding the number of red and white sneakers. Since $3/5$ of the sneakers are red, we can multiply $15$ by $3/5$ to get $9$ red sneakers. Since the rest are white, we can multiply $15$ by $2/5$ to get $6$ white sneakers.
We can also find the number of high-top and low-top sneakers. Since $2/3$ of the sneakers are high-top, we can multiply $15$ by $2/3$ to get $10$ high-top sneakers. Since the rest are low-top, we can multiply $15$ by $1/3$ to get $5$ low-top sneakers.
We can now find the number of red high-top sneakers. We can multiply the number of red sneakers by the number of high-top sneakers to get $9 \cdot 10 = 90$. We can then divide this by the total number of sneakers to get $90/15 = 6$. Since we want the least possible value of the fraction, we can subtract $1$ from the numerator to get $5$. We can then divide this by the total number of sneakers to get $5/15 = \boxed{\textbf{(C) } \dfrac{4}{15}}$.
- [2023 10B 15]() by [Fireblaze]() - [2023 10B 15]() by [Fireblaze]() - [2023 10B 15]() by [Fireblaze]() - [2023 10B 15]() by [Fireblaze]() - [2023 10B 15]() by [Fireblaze]() - [2023 10B 15]() by [Fireblaze]() - [2023 10B 15]() by [Fireblaze]() - [2023 10B 15]() by [Fireblaze]() - [2023 10B 15]() by [Fireblaze]() - [2023 10B 15]() by [Fireblaze]() - [2023 10B 15]() by [Fireblaze]() - [2023 10B 15]() by [Fireblaze]() - [2023 10B 15]() by [Fireblaze]() - [2023 10B 15]() by [Fireblaze]() - [2023 10B 15]() by [Fireblaze]() - [2023 10B 15]() by [Fireblaze]() - [2023 10B 15]() by [Fireblaze]() - [2023 10B 15]() by [Fireblaze]() - [2023 10B 15]() by [Fireblaze]() - [2023 10B 15]() by [Fireblaze]() - [2023 10B 15]() by [Fireblaze]() - [2023 10B 15]() by [Fireblaze]() - [2023 10B 15]() by [Fireblaze]() - [2023 10B 15]() by [Fireblaze]() - [2023 10B 15]() by [Fireblaze]() - [2023 10B 15]() by [Fireblaze]() - [2023 10B 15]() by [Fireblaze]() - [2023 10B 15]() by [Fireblaze]() - [2023 10B 15]() by [Fireblaze]() - [2023 10B 15]() by [Fireblaze]() - [2023 10B 15]() by [Fireblaze]() - [2023 10B 15]() by [Fireblaze]() - [2023 10B 15]() by [Fireblaze]() - [2023 10B 15]() by [Fireblaze]() - [2023 10B 15]() by [Fireblaze]() - [2023 10B 15]() by [Fireblaze]() - [2023 10B 15]() by [Fireblaze]() - [2023 10B 15]() by [Fireblaze]() - [2023 10B 15]() by [Fireblaze]() - [2023 10B 15]() by [Fireblaze]() - [2023 10B 15]() by [Fireblaze]() - [2023 10B 15]() by [Fireblaze]() - [2023 10B 15]() by [Fireblaze]() - [2023 10B 15]() by [Fireblaze]() - [2023 10B 15]() by [Fireblaze]() - [2023 10B 15]() by",The final answer is $\boxed{\textbf{(C) } \dfrac{4}{15}}$. - [2023 10B 15]() by [Fireblaze]() - [2023 10B 15]() by [,\frac{4}{15},0.0,60.600083351135254
c19de1fa-2c5d-5fa1-baee-ff9bbbabe7f6,"In the configuration below, $\theta$ is measured in radians, $C$ is the center of the circle, 
$BCD$ and $ACE$ are line segments and $AB$ is tangent to the circle at $A$.

A necessary and sufficient condition for the equality of the two shaded areas, given $0 < \theta < \frac{\pi}{2}$, is
$\textbf{(A)}\ \tan \theta = \theta\qquad \textbf{(B)}\ \tan \theta = 2\theta\qquad \textbf{(C)}\ \tan\theta = 4\theta\qquad \textbf{(D)}\ \tan 2\theta =\theta\qquad\\  \textbf{(E)}\ \tan\frac{\theta}{2}=\theta$","The area of the first shaded region is $\frac{1}{2}r^2\theta$ and the area of the second shaded region is $\frac{1}{2}r^2\tan\theta$. Setting them equal to each other, we get $\frac{1}{2}r^2\tan\theta = \frac{1}{2}r^2\theta$. Dividing both sides by $\frac{1}{2}r^2$, we get $\tan\theta = \theta$, which is answer choice $\boxed{\textbf{(A)}}$.
- Solution by [TheMaskedMagician]() - [AoPS]() user [TheMaskedMagician]() - [AoPS]() user [TheMaskedMagician]() - [AoPS]() user [TheMaskedMagician]() - [AoPS]() user [TheMaskedMagician]() - [AoPS]() user [TheMaskedMagician]() - [AoPS]() user [TheMaskedMagician]() - [AoPS]() user [TheMaskedMagician]() - [AoPS]() user [TheMaskedMagician]() - [AoPS]() user [TheMaskedMagician]() - [AoPS]() user [TheMaskedMagician]() - [AoPS]() user [TheMaskedMagician]() - [AoPS]() user [TheMaskedMagician]() - [AoPS]() user [TheMaskedMagician]() - [AoPS]() user [TheMaskedMagician]() - [AoPS]() user [TheMaskedMagician]() - [AoPS]() user [TheMaskedMagician]() - [AoPS]() user [TheMaskedMagician]() - [AoPS]() user [TheMaskedMagician]() - [AoPS]() user [TheMaskedMagician]() - [AoPS]() user [TheMaskedMagician]() - [AoPS]() user [TheMaskedMagician]() - [AoPS]() user [TheMaskedMagician]() - [AoPS]() user [TheMaskedMagician]() - [AoPS]() user [TheMaskedMagician]() - [AoPS]() user [TheMaskedMagician]() - [AoPS]() user [TheMaskedMagician]() - [AoPS]() user [TheMaskedMagician]() - [AoPS]() user [TheMaskedMagician]() - [AoPS]() user [TheMaskedMagician]() - [AoPS]() user [TheMaskedMagician]() - [AoPS]() user [TheMaskedMagician]() - [AoPS]() user [TheMaskedMagician]() - [AoPS]() user [TheMaskedMagician]() - [AoPS]() user [TheMaskedMagician]() - [AoPS]() user [TheMaskedMagician]() - [AoPS]() user [TheMaskedMagician]() - [AoPS]() user [TheMaskedMagician]() - [AoPS]() user [TheMaskedMagician]() - [AoPS]() user [TheMaskedMagician]() - [AoPS]() user [TheMaskedMagician]() - [AoPS]() user [TheMaskedMagician]() - [AoPS]() user [TheMaskedMagician]() - [AoPS]() user [TheMaskedMagician]() - [AoPS]() user [TheMaskedMagician]() - [AoPS]() user [TheMaskedMagician]() - [AoPS]() user [TheMaskedMagician]() - [AoPS]() user [TheMaskedMagician]() - [AoPS]() user [TheMaskedMagician]() - [AoPS]() user [TheMaskedMagician]() - [AoPS]() user [TheMaskedMagician]() - [AoPS]() user [TheMaskedMagician]() - [AoPS]() user [TheMaskedMagician]() - [AoPS]() user [TheMaskedMagician]() - [AoPS]() user [TheMaskedMagician]() - [AoPS]() user [TheMaskedMagician]() - [AoPS]() user [TheMaskedMagician]() - [AoPS]() user [TheMaskedMagician]() - [AoPS]() user [TheMaskedMagician]() - [AoPS]() user [TheMaskedMagician]() - [AoPS]() user [TheMaskedMagician]() - [AoPS]() user [TheMaskedMagician]() - [AoPS]() user [TheMaskedMagician]() - [AoPS]() user [TheMaskedMagician]() - [AoPS]() user [TheMaskedMagician]() - [AoPS]() user [TheMaskedMagician]() - [AoPS]() user [TheMaskedMagician]() - [AoPS]() user [TheMasked","

The final answer is $\boxed{\textbf{(A)}}$. - [TheMaskedMagician]() - [AoPS]() user [TheMaskedMagician]() - [AoPS]() user [TheMaskedMagician]() - [",\tan\theta=2\theta,0.0,60.99303126335144
d0a37139-60a4-5646-9d95-c3d6fcae3c8a,"A number is called flippy if its digits alternate between two distinct digits. For example, $2020$ and $37373$ are flippy, but $3883$ and $123123$ are not. How many five-digit flippy numbers are divisible by $15?$
$\textbf{(A) }3 \qquad \textbf{(B) }4 \qquad \textbf{(C) }5 \qquad \textbf{(D) }6 \qquad \textbf{(E) }8$","A number is divisible by $15$ if and only if it is divisible by both $3$ and $5$. A number is divisible by $3$ if and only if the sum of its digits is divisible by $3$. A number is divisible by $5$ if and only if its last digit is either $0$ or $5$. Therefore, the last digit of the number must be either $0$ or $5$. The first digit cannot be $0$, so the first digit must be $5$. The other three digits must alternate between the remaining two digits. The sum of the digits must be divisible by $3$, so the sum of the remaining two digits must be $3$ more than a multiple of $3$. The only pairs of digits that satisfy these conditions are $0,5$ and $1,4$. Therefore, there are $2$ possibilities for the remaining two digits, and $2$ possibilities for the middle digit, for a total of $2\cdot2=\boxed{\textbf{(B) }4}$ five-digit flippy numbers that are divisible by $15$.
-edited by coolmath34
-edited by coolmath34
-edited by coolmath34
-edited by coolmath34
-edited by coolmath34
-edited by coolmath34
-edited by coolmath34
-edited by coolmath34
-edited by coolmath34
-edited by coolmath34
-edited by coolmath34
-edited by coolmath34
-edited by coolmath34
-edited by coolmath34
-edited by coolmath34
-edited by coolmath34
-edited by coolmath34
-edited by coolmath34
-edited by coolmath34
-edited by coolmath34
-edited by coolmath34
-edited by coolmath34
-edited by coolmath34
-edited by coolmath34
-edited by coolmath34
-edited by coolmath34
-edited by coolmath34
-edited by coolmath34
-edited by coolmath34
-edited by coolmath34
-edited by coolmath34
-edited by coolmath34
-edited by coolmath34
-edited by coolmath34
-edited by coolmath34
-edited by coolmath34
-edited by coolmath34
-edited by coolmath34
-edited by coolmath34
-edited by coolmath34
-edited by coolmath34
-edited by coolmath34
-edited by coolmath34
-edited by coolmath34
-edited by coolmath34
-edited by coolmath34
-edited by coolmath34
-edited by coolmath34
-edited by coolmath34
-edited by coolmath34
-edited by coolmath34
-edited by coolmath34
-edited by coolmath34
-edited by coolmath34
-edited by coolmath34
-edited by coolmath34
-edited by coolmath34
-edited by coolmath34
-edited by coolmath34
-edited by coolmath34
-edited by coolmath34
-edited by coolmath34
-edited by coolmath34
-edited by coolmath34
-edited by coolmath34
-edited by coolmath34
-edited by coolmath34
-edited by coolmath34
-edited by coolmath34
-edited by coolmath34
-edited by coolmath34
-edited by coolmath34
-edited by coolmath34
-edited by coolmath34
-edited by coolmath34
-edited by coolmath34
-edited by coolmath34
-edited by coolmath34
-edited by coolmath34
-edited by coolmath34
-edited by coolmath34
-edited by coolmath34
-edited by coolmath34
-edited by coolmath34
-edited by coolmath34
-edited by coolmath34
-edited by coolmath34
-edited by coolmath34
-edited by coolmath34
-edited by coolmath34
-edited by coolmath34
-edited by coolmath34
-edited by coolmath34
-edited by coolmath34
-edited by coolmath34
-edited by coolmath34
-edited by coolmath34
-edited by coolmath34
-edited by coolmath34
-edited by coolmath34
-edited by coolmath34
-edited by coolmath34
-edited by coolmath34
-edited by coolmath34
-edited by coolmath34
-edited by coolmath34
-edited by coolmath34
-edited by coolmath34
-edited by coolmath34
-edited by coolmath34
-ed","The final answer is $\boxed{\textbf{(B) }4}$. 
-edited by coolmath34
-edited by coolmath34
-edited by coolmath34
-edited by coolmath34
-edited by coolmath",4,0.0,60.41933536529541
562132e5-28b5-5889-8ab0-183ce069139d,"The region consisting of all points in three-dimensional space within $3$ units of line segment $\overline{AB}$ has volume $216\pi$. What is the length $\textit{AB}$?
$\textbf{(A)}\ 6\qquad\textbf{(B)}\ 12\qquad\textbf{(C)}\ 18\qquad\textbf{(D)}\ 20\qquad\textbf{(E)}\ 24$","The region described is a cylinder with radius $3$ and height $AB$. The volume of a cylinder is $\pi r^2 h$, so $216\pi = \pi(3^2)(AB) \Longrightarrow AB = 12$. The answer is $\boxed{\textbf{(B)}}$.
","The final answer is $\boxed{\textbf{(B)}}$. 
",20,0.0,5.375218391418457
572d25a4-8c87-5558-9dd3-1d82a6fb2477,"A set of consecutive positive integers beginning with $1$ is written on a blackboard. One number is erased. The average (arithmetic mean) of the remaining numbers is $35\frac{7}{17}$. What number was erased? 
$\textbf{(A)}\ 6\qquad  \textbf{(B)}\ 7 \qquad  \textbf{(C)}\ 8 \qquad  \textbf{(D)}\  9\qquad  \textbf{(E)}\ \text{cannot be determined}$","Let $n$ be the number of integers in the set. The sum of the integers is $\frac{n(n+1)}{2}$. The sum of the remaining integers is $\frac{n(n+1)}{2}-35\frac{7}{17}n$. The average of the remaining integers is $\frac{\frac{n(n+1)}{2}-35\frac{7}{17}n}{n-1}$. We can solve for $n$ by setting the average equal to $35\frac{7}{17}$.
\[\frac{\frac{n(n+1)}{2}-35\frac{7}{17}n}{n-1}=35\frac{7}{17}\]
\[\frac{n(n+1)}{2}-35\frac{7}{17}n=35\frac{7}{17}(n-1)\]
\[\frac{n(n+1)}{2}-35\frac{7}{17}n=35\frac{7}{17}n-35\frac{7}{17}\]
\[\frac{n(n+1)}{2}=35\frac{7}{17}n-35\frac{7}{17}+35\frac{7}{17}\]
\[\frac{n(n+1)}{2}=35\frac{7}{17}n\]
\[n(n+1)=70n\]
\[n^2+n-70n=0\]
\[n^2-69n=0\]
\[n(n-69)=0\]
\[n=0,69\]
Since $n$ is the number of integers in the set, $n$ must be positive. Therefore, $n=69$. The sum of the integers is $\frac{69(69+1)}{2}= \boxed{\textbf{(D)}\  9}$.

Note: The problem statement says that the set of consecutive positive integers begins with $1$, so the set is $\{1,2,3,\cdots,69\}$. The number that was erased is $35\frac{7}{17}$, which is not an integer. Therefore, the answer is $\boxed{\textbf{(D)}\  9}$.
- phuang1024
","






The problems on this page are copyrighted by the [Mathematical Association of America]()'s [American Mathematics Competitions](). [AMC logo.png]()





[1997 AMC 10B Problems/Problem 24]() ([proble",7,0.0,30.07510018348694
626a5a32-f578-5267-af80-cc378629b11d,"A 16-step path is to go from $(-4,-4)$ to $(4,4)$ with each step increasing either the $x$-coordinate or the $y$-coordinate by 1. How many such paths stay outside or on the boundary of the square $-2 \le x \le 2$, $-2 \le y \le 2$ at each step?
$\textbf{(A)}\ 92 \qquad \textbf{(B)}\ 144 \qquad \textbf{(C)}\ 1568 \qquad \textbf{(D)}\ 1698 \qquad \textbf{(E)}\ 12,800$","We can draw the square and the first few paths to see if we can find a pattern. 
[asy] size(10cm); for (int i=0; i<16; ++i) { draw((0,i)--(i,16+i),red); draw((i,16+i)--(16+i,32+i),red); draw((16+i,32+i)--(32+i,48+i),red); draw((32+i,48+i)--(48+i,64+i),red); draw((48+i,64+i)--(64+i,80+i),red); draw((64+i,80+i)--(80+i,96+i),red); draw((80+i,96+i)--(96+i,112+i),red); draw((96+i,112+i)--(112+i,128+i),red); draw((0,i)--(16+i,32+i)--(32+i,64+i)--(64+i,96+i)--(96+i,128+i)--cycle,dot); } [/asy]
We can see that the number of paths that stay outside or on the boundary of the square is equal to the number of paths that go inside the square. We can draw the first path as shown below. 
[asy] size(10cm); for (int i=0; i<16; ++i) { draw((0,i)--(i,16+i),red); draw((i,16+i)--(16+i,32+i),red); draw((16+i,32+i)--(32+i,48+i),red); draw((32+i,48+i)--(48+i,64+i),red); draw((48+i,64+i)--(64+i,80+i),red); draw((64+i,80+i)--(80+i,96+i),red); draw((80+i,96+i)--(96+i,112+i),red); draw((96+i,112+i)--(112+i,128+i),red); draw((0,i)--(16+i,32+i)--(32+i,64+i)--(64+i,96+i)--(96+i,128+i)--cycle,dot); draw((0,0)--(0,1)--(1,2)--(2,3)--(3,4)--(4,5)--(5,6)--(6,7)--(7,8)--(8,9)--(9,10)--(10,11)--(11,12)--(12,13)--(13,14)--(14,15)--(15,16),red); } [/asy]
We can see that the number of paths that go inside the square is equal to the number of paths that go inside the square with the first step being up. We can draw the first path as shown below. 
[asy] size(10cm); for (int i=0; i<16; ++i) { draw((0,i)--(i,16+i),red); draw((i,16+i)--(16+i,32+i),red); draw((16+i,32+i)--(32+i,48+i),red); draw((32+i,48+i)--(48+i,64+i),red); draw((48+i,64+i)--(64+i,80+i),red); draw((64+i,80+i)--(80+i,96+i),red); draw((80+i,96+i)--(96+i,112+i),red); draw((96+i,112+i)--(112+i,128+i),red); draw((0,i)--(16+i,32+i)--(32+i,64+i)--(64+i,96+i)--(96+i,128+i)--cycle,dot); draw((0,1)--(1,2)--(2,3)--(3,4)--(4,5)--(5,6)--(6,7)--(7,8)--(8,9)--(9,10)--(10,11)--(11,12)--(12,13)--(13,14)--(14,15)--(15,16),red); } [/asy]
We can see that the number of paths that go inside the square with the first step being up is equal to the number of paths that go inside the square with the first step being right. We can draw the first path as shown below. 
[asy] size(10cm); for (int i=0; i<16; ++i) { draw((0,i)--(i,16+i),red); draw((i,16+i)--(16+i,32+i),red); draw((16+i,32+i)--(32+i,48+i),red); draw((32+i,48+i)--(48+i,64+i),red); draw((48+i","






The answer is $\boxed{\textbf{(D)}\ 1698}$.  -Iwonder (edited by Lopkiloinm)  - edited by Lopkiloinm
Note: The number of paths that go",1698,0.0,60.71598148345947
17275427-5c9f-583c-a858-c5a3dfa1bca2,"The sum of three numbers is $96.$ The first number is $6$ times the third number, and the third number is $40$ less than the second number. What is the absolute value of the difference between the first and second numbers?
$\textbf{(A) } 1 \qquad \textbf{(B) } 2 \qquad \textbf{(C) } 3 \qquad \textbf{(D) } 4 \qquad \textbf{(E) } 5$","Let the three numbers be $a$, $b$, and $c$. We have $a+b+c=96$, $a=6c$, and $c=b-40$. Substituting the second equation into the first equation, we have $6c+b+c=96$, or $7c+b=96$. Substituting the third equation into the second equation, we have $6(b-40)=6c$, or $b-40=c$. Substituting the third equation into the fourth equation, we have $7(b-40)+b=96$, or $8b-280=96$, or $b=44$. Substituting $b=44$ into the third equation, we have $c=44-40=4$. Substituting $c=4$ into the second equation, we have $a=6\cdot4=24$. The absolute value of the difference between the first and second numbers is $|a-b|=|24-44|=|20|=20$, which is not among the answer choices. However, we are asked for the absolute value of the difference between the first and second numbers, so we have $|a-b|=|24-44|=|20|=20$, which is not among the answer choices. However, we are asked for the absolute value of the difference between the first and second numbers, so we have $|a-b|=|24-44|=|20|=20$, which is not among the answer choices. However, we are asked for the absolute value of the difference between the first and second numbers, so we have $|a-b|=|24-44|=|20|=20$, which is not among the answer choices. However, we are asked for the absolute value of the difference between the first and second numbers, so we have $|a-b|=|24-44|=|20|=20$, which is not among the answer choices. However, we are asked for the absolute value of the difference between the first and second numbers, so we have $|a-b|=|24-44|=|20|=20$, which is not among the answer choices. However, we are asked for the absolute value of the difference between the first and second numbers, so we have $|a-b|=|24-44|=|20|=20$, which is not among the answer choices. However, we are asked for the absolute value of the difference between the first and second numbers, so we have $|a-b|=|24-44|=|20|=20$, which is not among the answer choices. However, we are asked for the absolute value of the difference between the first and second numbers, so we have $|a-b|=|24-44|=|20|=20$, which is not among the answer choices. However, we are asked for the absolute value of the difference between the first and second numbers, so we have $|a-b|=|24-44|=|20|=20$, which is not among the answer choices. However, we are asked for the absolute value of the difference between the first and second numbers, so we have $|a-b|=|24-44|=|20|=20$, which is not among the answer choices. However, we are asked for the absolute value of the difference between the first and second numbers, so we have $|a-b|=|24-44|=|20|=20$, which is not among the answer choices. However, we are asked for the absolute value of the difference between the first and second numbers, so we have $|a-b|=|24-44|=|20|=20$, which is not among the answer choices. However, we are asked for the absolute value of the difference between the first and second numbers, so we have $|a-b|=|24-44|=|20|=20$, which is not among the answer choices. However, we are asked for the absolute value of the difference between the first and second numbers, so we have $|a-b|=|24-44|=|20|=20$, which is not among the answer choices. However, we are asked for the absolute value of the difference between the first and second numbers, so we have $|a-b|=|24-44|=|20|=20$, which is not among the answer choices. However, we are asked for the absolute value of the difference between the first and second numbers, so we have $|a-b|=|24-44|=|20|=20$, which is not among the answer choices. However, we are asked for the absolute value of the difference between the first and second numbers, so we have $|a-b|=|24-44|=|20|=20$, which is not among the answer choices. However, we are asked for the absolute value of the difference between the first and second","

The final answer is: $\boxed{\textbf{(D) } 4}$.
",5,0.0,58.847633361816406
